9
12
14
41
41
61
65
75
105
110
111
112
133
146
148
163
190
219
231
236
240
243
255
261
271
273
278
292
300
303
303
310
325
333
334
338
341
346
351
363
367
368
369
374
376
381
383
407
420
421
431
434
437
439
444
446
448
449
451
461
461
472
482
491
551
554
564
567
586
588
595
605
616
617
620
621
623
655
657
664
719
730
748
759
759
765
780
794
801
808
811
817
852
857
859
862
869
878
881
883
897
937
962
966
967
981
985
991
1009
1033
1073
1076
1079
1080
1088
1094
1103
1103
1104
1113
1116
1125
1136
1138
1143
1149
1150
1155
1156
1170
1186
1188
1195
1240
1244
1271
1291
1311
1324
1341
1364
1364
1369
1374
1387
1398
1402
1422
1448
1460
1465
1484
1488
1499
1502
1516
1537
1538
1544
1568
1570
1572
1589
1593
1605
1611
1619
1619
1637
1641
1644
1652
1672
1676
1680
1727
1728
1731
1748
1753
1767
1786
1789
1810
1811
1811
1840
1841
1865
1875
1894
1899
1904
1913
1917
1945
1953
1954
1961
1962
1965
1967
1969
1980
1995
1996
2026
2027
2037
2044
2048
2083
2105
2106
2107
2119
2133
2144
2161
2167
2170
2172
2183
2194
2244
2261
2293
2302
2305
2314
2330
2333
2334
2334
2346
2381
2383
2384
2398
2415
2415
2422
2426
2434
2444
2446
2477
2480
2482
2498
2506
2521
2545
2555
2562
2573
2582
2586
2587
2589
2593
2598
2606
2612
2615
2628
2628
2641
2644
2660
2672
2686
2690
2704
2707
2724
2736
2739
2757
2800
2801
2803
2804
2831
2843
2843
2851
2862
2862
2891
2896
2899
2919
2931
2935
2935
2939
2945
2955
2961
2969
2972
2978
2992
3006
3021
3022
3023
3029
3042
3045
3052
3079
3087
3092
3117
3118
3122
3142
3142
3143
3149
3156
3158
3159
3162
3184
3185
3209
3212
3219
3271
3274
3299
3316
3319
3325
3330
3331
3348
3366
3368
3391
3410
3419
3433
3438
3440
3443
3462
3464
3474
3475
3487
3498
3498
3509
3516
3541
3560
3566
3573
3576
3585
3587
3591
3607
3614
3632
3636
3639
3644
3655
3660
3663
3674
3681
3683
3688
3691
3719
3723
3728
3730
3758
3783
3801
3809
3841
3874
3877
3881
3891
3900
3912
3929
3958
3963
4015
4043
4054
4066
4073
4075
4103
4113
4114
4115
4118
4118
4123
4125
4162
4180
4183
4203
4207
4212
4233
4240
4240
4243
4246
4258
4268
4296
4298
4301
4318
4318
4323
4325
4325
4332
4340
4343
4357
4368
4370
4374
4384
4389
4425
4442
4448
4454
4458
4479
4483
4488
4489
4493
4502
4506
4517
4521
4528
4538
4543
4548
4552
4555
4560
4579
4581
4589
4591
4594
4605
4608
4632
4634
4643
4661
4673
4675
4676
4703
4735
4744
4750
4756
4756
4769
4778
4780
4808
4809
4811
4837
4842
4849
4877
4886
4910
4917
4920
4926
4929
4958
4980
4995
4999
5008
5054
5068
5069
5073
5091
5112
5120
5124
5136
5138
5138
5139
5154
5157
5167
5175
5178
5181
5209
5227
5228
5228
5257
5263
5264
5288
5295
5306
5308
5310
5315
5318
5350
5350
5353
5370
5376
5391
5396
5401
5411
5420
5440
5445
5465
5474
5478
5485
5486
5487
5490
5495
5511
5543
5559
5577
5588
5591
5598
5604
5638
5641
5647
5656
5665
5669
5673
5691
5693
5711
5715
5744
5748
5750
5761
5769
5769
5815
5815
5825
5829
5832
5835
5875
5884
5892
5893
5894
5901
5910
5928
5934
5939
5940
5940
5946
5962
6007
6013
6021
6022
6040
6043
6047
6064
6067
6103
6143
6158
6160
6188
6214
6242
6247
6248
6269
6269
6275
6299
6316
6323
6324
6325
6330
6336
6344
6373
6413
6414
6429
6458
6511
6516
6545
6546
6548
6580
6591
6603
6620
6627
6627
6629
6647
6652
6659
6661
6690
6690
6691
6700
6704
6708
6722
6742
6743
6746
6751
6763
6767
6769
6798
6801
6812
6816
6829
6833
6844
6853
6860
6861
6865
6877
6886
6900
6905
6923
6934
6934
6965
6967
6984
6985
7004
7008
7016
7021
7023
7038
7039
7054
7091
7091
7099
7104
7105
7108
7113
7119
7128
7139
7162
7189
7207
7207
7222
7227
7231
7254
7265
7271
7276
7286
7296
7311
7312
7327
7339
7346
7352
7363
7398
7407
7418
7447
7451
7457
7458
7464
7466
7489
7492
7494
7507
7517
7523
7528
7551
7551
7554
7567
7568
7571
7582
7590
7598
7622
7641
7667
7674
7674
7706
7713
7725
7727
7731
7744
7748
7758
7768
7772
7782
7782
7788
7792
7794
7795
7798
7803
7809
7821
7823
7832
7847
7877
7885
7891
7895
7914
7927
7928
7930
7932
7937
7937
7945
7963
7967
7997
8016
8053
8061
8067
8068
8072
8081
8087
8089
8096
8096
8116
8143
8144
8148
8148
8151
8156
8165
8167
8180
8185
8187
8204
8206
8211
8252
8256
8271
8271
8274
8284
8292
8296
8300
8310
8313
8327
8339
8349
8366
8367
8371
8397
8405
8413
8430
8431
8454
8471
8472
8483
8498
8508
8509
8535
8560
8581
8589
8591
8596
8632
8635
8648
8657
8672
8673
8682
8689
8704
8710
8715
8731
8732
8737
8755
8765
8776
8776
8779
8779
8784
8788
8798
8832
8862
8870
8878
8878
8880
8889
8890
8903
8911
8913
8938
8945
8960
8960
8961
8979
8986
9002
9011
9024
9035
9067
9070
9080
9090
9103
9121
9132
9137
9179
9194
9203
9215
9219
9244
9262
9267
9271
9308
9309
9331
9333
9334
9335
9346
9361
9371
9384
9390
9396
9430
9430
9440
9460
9468
9468
9478
9482
9483
9493
9524
9528
9532
9539
9540
9540
9551
9581
9613
9622
9629
9651
9655
9663
9672
9699
9706
9716
9721
9732
9736
9739
9743
9764
9770
9797
9813
9824
9829
9831
9855
9865
9875
9883
9888
9895
9947
9963
9968
9972
9974
9980
9983
9998
10001
10004
10020
10022
10023
10030
10039
10047
10062
10073
10075
10092
10113
10134
10137
10149
10156
10176
10187
10188
10206
10234
10235
10263
10268
10283
10297
10303
10344
10366
10373
10378
10380
10387
10400
10405
10418
10425
10434
10434
10467
10478
10482
10508
10523
10542
10552
10553
10565
10565
10575
10594
10597
10599
10611
10629
10644
10649
10653
10654
10663
10670
10689
10694
10714
10718
10718
10744
10759
10765
10767
10770
10775
10781
10782
10791
10801
10825
10832
10845
10852
10875
10884
10895
10897
10906
10923
10924
10925
10975
11056
11059
11064
11066
11076
11090
11090
11091
11118
11126
11181
11209
11218
11229
11235
11240
11255
11261
11264
11266
11275
11276
11282
11291
11302
11305
11310
11310
11313
11314
11323
11328
11350
11352
11354
11357
11360
11365
11366
11370
11371
11387
11389
11402
11404
11425
11426
11428
11444
11453
11456
11472
11484
11492
11493
11505
11531
11540
11550
11550
11558
11574
11604
11624
11629
11636
11654
11664
11668
11671
11677
11686
11745
11750
11754
11762
11762
11767
11769
11772
11806
11813
11821
11825
11852
11855
11870
11872
11880
11885
11891
11905
11906
11912
11929
11947
11956
11968
11983
11985
11990
11994
12023
12031
12032
12045
12049
12055
12072
12094
12097
12114
12120
12126
12129
12131
12135
12147
12147
12174
12179
12182
12187
12193
12209
12213
12218
12232
12252
12262
12286
12287
12306
12311
12314
12317
12342
12362
12369
12371
12376
12380
12395
12400
12434
12449
12456
12459
12461
12462
12468
12477
12477
12481
12486
12492
12493
12505
12508
12517
12541
12544
12559
12568
12585
12601
12617
12627
12644
12657
12669
12672
12684
12696
12697
12741
12764
12769
12769
12773
12780
12787
12797
12803
12835
12854
12880
12904
12930
12954
12961
12961
12963
12967
12970
12974
12975
12979
12992
13011
13012
13020
13023
13025
13026
13026
13030
13067
13068
13072
13083
13097
13120
13136
13150
13164
13171
13188
13203
13226
13273
13283
13285
13296
13298
13298
13307
13316
13351
13352
13360
13362
13365
13368
13384
13403
13430
13438
13445
13457
13462
13462
13471
13490
13499
13510
13514
13522
13530
13530
13534
13540
13556
13557
13565
13573
13608
13616
13618
13647
13650
13653
13659
13662
13667
13672
13688
13691
13702
13710
13713
13726
13750
13775
13784
13788
13791
13810
13818
13836
13841
13841
13842
13847
13853
13855
13884
13885
13926
13950
13955
13960
13963
13969
13975
13982
13991
13994
13998
14014
14014
14047
14057
14103
14105
14107
14112
14129
14145
14160
14178
14187
14207
14229
14261
14266
14266
14270
14274
14279
14281
14285
14296
14325
14340
14340
14348
14351
14351
14378
14394
14411
14433
14443
14445
14446
14446
14453
14472
14473
14473
14485
14517
14544
14550
14629
14650
14654
14676
14682
14689
14694
14694
14700
14706
14708
14709
14718
14728
14736
14772
14799
14800
14806
14810
14815
14819
14828
14830
14837
14837
14843
14852
14855
14870
14873
14874
14878
14878
14904
14921
14939
14949
14950
14959
14970
14985
14987
15004
15007
15019
15068
15072
15084
15095
15110
15121
15122
15128
15137
15149
15161
15165
15170
15174
15189
15202
15217
15217
15256
15260
15269
15278
15281
15282
15306
15311
15328
15346
15350
15367
15380
15381
15384
15392
15405
15415
15421
15426
15440
15458
15461
15467
15479
15513
15516
15540
15554
15598
15606
15620
15629
15634
15635
15638
15645
15654
15673
15679
15687
15690
15691
15706
15712
15742
15751
15758
15759
15782
15789
15806
15808
15825
15828
15829
15835
15840
15853
15857
15860
15861
15902
15905
15915
15916
15922
15940
15962
15969
15981
16028
16048
16050
16077
16101
16120
16120
16132
16140
16157
16181
16184
16187
16199
16207
16214
16231
16233
16237
16254
16257
16267
16270
16274
16274
16287
16306
16306
16317
16317
16322
16330
16346
16351
16353
16354
16372
16372
16375
16378
16382
16402
16409
16410
16418
16418
16425
16430
16432
16434
16456
16466
16478
16478
16512
16537
16547
16548
16554
16561
16561
16571
16577
16581
16586
16587
16593
16594
16633
16646
16662
16670
16688
16688
16689
16691
16701
16705
16716
16729
16746
16761
16766
16771
16776
16798
16800
16806
16806
16809
16821
16827
16828
16833
16841
16860
16865
16878
16885
16904
16909
16932
16961
16961
16962
16976
16978
16979
16999
17001
17011
17021
17039
17041
17044
17047
17048
17056
17065
17067
17068
17093
17097
17103
17104
17108
17130
17150
17156
17157
17176
17186
17227
17245
17259
17265
17271
17274
17275
17276
17278
17308
17309
17315
17317
17324
17327
17329
17350
17359
17359
17362
17376
17386
17409
17421
17424
17425
17426
17470
17520
17526
17534
17537
17553
17557
17559
17582
17583
17585
17593
17604
17607
17617
17618
17649
17655
17658
17689
17691
17694
17740
17747
17751
17771
17772
17773
17786
17794
17813
17822
17830
17835
17850
17859
17861
17863
17878
17878
17896
17908
17931
17933
17934
17947
17952
17966
17988
17995
18006
18017
18053
18055
18059
18071
18076
18078
18079
18084
18086
18096
18109
18152
18169
18169
18178
18186
18192
18210
18215
18217
18244
18252
18271
18272
18276
18277
18308
18318
18330
18350
18359
18364
18364
18365
18383
18400
18404
18410
18420
18424
18425
18429
18433
18437
18441
18453
18454
18457
18471
18474
18490
18504
18512
18515
18520
18567
18575
18598
18621
18631
18643
18653
18667
18714
18715
18724
18729
18729
18744
18748
18754
18758
18769
18773
18786
18788
18814
18819
18859
18873
18888
18901
18908
18909
18913
18934
18943
18946
18950
18957
18986
18994
19025
19032
19110
19132
19137
19149
19153
19156
19188
19190
19192
19192
19203
19214
19253
19260
19271
19304
19307
19317
19327
19334
19346
19348
19348
19354
19358
19369
19377
19386
19389
19397
19424
19430
19475
19491
19494
19528
19529
19546
19550
19565
19580
19589
19598
19599
19603
19604
19608
19610
19615
19624
19656
19658
19660
19685
19687
19698
19701
19709
19711
19711
19723
19730
19732
19734
19740
19743
19750
19763
19767
19770
19773
19777
19779
19809
19843
19855
19860
19867
19883
19883
19891
19895
19907
19916
19923
19945
19951
19971
19972
19978
19979
19993
20001
20005
20016
20016
20017
20017
20018
20018
20028
20042
20045
20070
20078
20081
20087
20088
20091
20128
20149
20157
20162
20162
20163
20165
20169
20180
20183
20186
20190
20192
20198
20199
20201
20214
20219
20225
20227
20234
20238
20246
20247
20250
20263
20274
20276
20278
20287
20291
20297
20302
20310
20316
20320
20322
20332
20346
20361
20363
20363
20364
20380
20380
20387
20394
20396
20435
20436
20442
20453
20476
20489
20494
20530
20554
20554
20558
20558
20559
20595
20602
20619
20631
20633
20668
20699
20715
20716
20720
20723
20726
20729
20735
20736
20737
20752
20765
20774
20778
20802
20811
20812
20821
20827
20836
20840
20844
20876
20885
20909
20910
20927
20930
20933
20940
20951
20969
20973
20985
20998
21000
21006
21051
21062
21075
21108
21111
21124
21129
21137
21139
21141
21141
21145
21154
21163
21165
21187
21206
21216
21225
21237
21245
21260
21264
21269
21273
21279
21294
21299
21322
21324
21330
21349
21352
21358
21375
21375
21381
21413
21421
21423
21424
21442
21487
21503
21515
21516
21516
21522
21525
21529
21536
21537
21555
21557
21562
21566
21568
21568
21572
21573
21591
21591
21592
21604
21621
21629
21641
21648
21655
21660
21662
21668
21672
21674
21684
21687
21700
21706
21716
21745
21756
21761
21763
21784
21789
21791
21823
21832
21834
21875
21879
21884
21908
21915
21927
21933
21934
21936
21936
21941
21947
21963
21966
21966
21971
21974
22008
22013
22014
22021
22035
22059
22079
22089
22097
22101
22120
22125
22163
22166
22166
22171
22183
22184
22187
22190
22208
22237
22273
22275
22280
22292
22294
22295
22307
22333
22337
22340
22344
22356
22381
22399
22414
22434
22436
22441
22453
22463
22478
22485
22509
22523
22530
22533
22552
22561
22563
22583
22587
22605
22611
22615
22628
22629
22644
22660
22665
22672
22685
22720
22726
22744
22746
22773
22788
22791
22793
22812
22829
22839
22855
22859
22861
22867
22887
22891
22897
22907
22914
22915
22927
22930
22931
22947
22947
22947
22952
22965
22970
22976
22985
22989
22989
22990
22999
23002
23068
23072
23099
23125
23145
23147
23165
23177
23192
23196
23197
23210
23231
23241
23245
23264
23271
23277
23297
23315
23366
23372
23378
23382
23385
23399
23403
23412
23417
23441
23447
23450
23457
23459
23463
23468
23481
23486
23502
23505
23511
23522
23528
23532
23541
23546
23565
23583
23585
23593
23604
23609
23612
23614
23614
23618
23621
23625
23633
23654
23659
23690
23701
23708
23709
23712
23729
23734
23741
23754
23769
23802
23803
23813
23818
23822
23824
23851
23856
23877
23888
23900
23901
23902
23910
23914
23926
23928
23934
23948
23951
23952
23953
23956
23958
23979
23998
24000
24005
24006
24025
24029
24035
24044
24048
24071
24084
24104
24110
24122
24133
24136
24136
24151
24152
24160
24161
24162
24164
24174
24185
24198
24204
24225
24228
24228
24229
24263
24272
24277
24307
24316
24327
24330
24330
24346
24359
24386
24401
24401
24412
24423
24427
24434
24440
24447
24494
24518
24520
24524
24537
24541
24546
24547
24552
24555
24586
24599
24613
24614
24620
24624
24638
24646
24648
24675
24678
24694
24702
24704
24707
24711
24711
24721
24768
24771
24781
24790
24793
24812
24812
24827
24836
24852
24860
24868
24888
24889
24906
24917
24926
24956
24957
24959
24985
25007
25042
25046
25050
25059
25080
25097
25101
25104
25109
25119
25120
25121
25125
25152
25183
25184
25193
25201
25209
25234
25256
25257
25267
25268
25270
25276
25301
25314
25328
25331
25332
25333
25354
25363
25379
25382
25391
25412
25425
25436
25447
25450
25456
25501
25512
25533
25541
25541
25544
25562
25568
25580
25593
25631
25646
25647
25651
25665
25679
25680
25680
25703
25704
25710
25726
25736
25745
25779
25785
25786
25808
25821
25833
25845
25846
25848
25849
25850
25860
25891
25906
25914
25914
25915
25935
25937
25946
25950
25959
25980
25988
25990
25998
25999
26002
26003
26007
26026
26035
26046
26054
26059
26062
26063
26071
26073
26079
26081
26083
26088
26116
26141
26166
26168
26170
26179
26194
26199
26201
26211
26214
26219
26220
26283
26302
26304
26308
26315
26316
26319
26339
26345
26345
26359
26376
26376
26397
26429
26441
26456
26458
26468
26471
26472
26478
26502
26503
26505
26513
26519
26525
26532
26547
26551
26555
26568
26570
26582
26585
26602
26634
26635
26642
26647
26652
26656
26663
26681
26685
26687
26688
26691
26694
26715
26732
26735
26736
26739
26742
26749
26753
26759
26790
26801
26809
26815
26818
26831
26837
26846
26890
26902
26907
26924
26942
26942
26950
26956
26962
26964
26966
26974
26977
26980
26988
26991
27002
27032
27034
27042
27051
27061
27073
27090
27098
27109
27115
27121
27122
27123
27125
27136
27147
27151
27166
27168
27179
27179
27182
27190
27192
27202
27210
27214
27224
27224
27236
27252
27260
27277
27279
27295
27303
27309
27333
27341
27360
27373
27377
27416
27423
27436
27437
27462
27469
27496
27503
27503
27505
27511
27543
27552
27558
27566
27574
27606
27624
27628
27644
27671
27673
27678
27680
27694
27709
27725
27727
27731
27731
27736
27749
27777
27797
27815
27818
27826
27829
27848
27860
27876
27890
27907
27919
27922
27925
27941
27948
27949
27975
27976
27987
27996
27997
28011
28016
28028
28031
28036
28039
28048
28055
28056
28063
28078
28081
28083
28095
28095
28099
28101
28105
28134
28138
28144
28172
28174
28189
28194
28196
28198
28220
28314
28317
28332
28333
28339
28342
28349
28378
28438
28441
28446
28454
28461
28468
28468
28470
28482
28490
28496
28497
28509
28510
28524
28531
28533
28553
28570
28571
28575
28593
28602
28605
28617
28619
28629
28647
28652
28658
28669
28681
28687
28688
28694
28709
28712
28717
28723
28759
28765
28781
28786
28811
28826
28835
28841
28851
28863
28880
28884
28887
28893
28899
28916
28928
28934
28954
28970
28985
29018
29020
29041
29044
29062
29070
29079
29092
29110
29111
29137
29164
29164
29228
29232
29257
29273
29291
29291
29299
29310
29313
29393
29393
29421
29440
29441
29441
29443
29450
29450
29460
29473
29483
29491
29499
29506
29513
29522
29541
29573
29585
29588
29593
29597
29614
29622
29630
29633
29638
29639
29647
29650
29651
29670
29677
29686
29691
29695
29709
29718
29736
29743
29779
29797
29825
29829
29830
29837
29851
29883
29902
29916
29916
29920
29922
29937
29957
29967
30004
30012
30022
30084
30089
30093
30102
30122
30144
30144
30165
30173
30187
30200
30209
30222
30232
30240
30245
30256
30276
30277
30292
30302
30304
30307
30318
30347
30353
30358
30366
30385
30396
30404
30423
30479
30495
30499
30506
30507
30510
30522
30523
30525
30530
30537
30538
30548
30559
30560
30587
30596
30634
30643
30657
30664
30668
30671
30695
30703
30722
30729
30743
30744
30744
30745
30750
30773
30785
30795
30797
30801
30801
30803
30809
30810
30811
30820
30823
30831
30835
30835
30840
30848
30853
30904
30914
30920
30935
30949
30952
30961
30962
30965
30966
30975
30981
31002
31006
31009
31015
31021
31052
31056
31063
31063
31100
31106
31131
31137
31138
31139
31141
31147
31152
31169
31180
31201
31206
31232
31250
31283
31296
31321
31329
31335
31336
31338
31351
31379
31388
31399
31428
31439
31442
31483
31513
31518
31544
31552
31559
31566
31586
31604
31616
31618
31621
31623
31642
31643
31646
31662
31664
31667
31697
31701
31705
31709
31719
31724
31728
31755
31758
31796
31798
31810
31811
31824
31829
31842
31853
31854
31859
31874
31874
31894
31906
31906
31922
31945
31947
31947
31948
31982
31984
31998
32010
32010
32021
32022
32038
32042
32044
32057
32077
32078
32095
32103
32106
32106
32109
32124
32134
32141
32161
32161
32164
32165
32165
32173
32176
32177
32181
32233
32240
32257
32280
32282
32284
32296
32307
32328
32339
32348
32355
32358
32388
32389
32422
32444
32458
32463
32467
32483
32495
32498
32507
32511
32538
32546
32546
32547
32547
32547
32554
32559
32560
32561
32580
32584
32595
32628
32629
32643
32644
32648
32655
32663
32663
32693
32704
32712
32714
32728
32747
32748
32773
32775
32788
32789
32791
32807
32808
32809
32832
32836
32861
32862
32863
32877
32880
32899
32930
32938
32939
32952
32974
32979
33038
33120
33120
33124
33126
33126
33145
33168
33171
33200
33203
33209
33222
33234
33238
33241
33245
33265
33266
33277
33279
33297
33303
33314
33329
33330
33338
33347
33369
33369
33381
33383
33383
33384
33387
33391
33400
33401
33431
33443
33444
33447
33460
33462
33490
33491
33503
33506
33559
33560
33567
33589
33666
33682
33684
33688
33689
33691
33691
33695
33695
33721
33721
33732
33737
33741
33748
33753
33769
33772
33775
33775
33778
33783
33793
33829
33843
33843
33854
33861
33865
33877
33880
33899
33908
33910
33919
33922
33924
33936
33939
33966
33968
33970
34007
34017
34022
34038
34058
34099
34101
34112
34118
34121
34163
34170
34175
34176
34182
34185
34189
34192
34192
34201
34205
34219
34220
34222
34227
34241
34242
34251
34252
34261
34269
34272
34286
34297
34302
34323
34336
34339
34356
34386
34387
34389
34391
34395
34400
34405
34414
34435
34452
34456
34468
34486
34490
34500
34502
34507
34514
34516
34516
34534
34551
34561
34579
34593
34600
34603
34607
34608
34610
34612
34617
34625
34645
34658
34667
34677
34701
34715
34716
34724
34728
34740
34754
34754
34766
34769
34819
34821
34830
34833
34842
34859
34864
34878
34883
34913
34916
34938
34952
35002
35006
35011
35022
35025
35025
35029
35036
35040
35050
35050
35055
35058
35063
35122
35136
35137
35139
35151
35164
35170
35181
35198
35199
35200
35209
35212
35214
35219
35222
35226
35228
35235
35240
35256
35285
35285
35290
35297
35300
35301
35302
35310
35319
35343
35356
35370
35378
35380
35381
35390
35423
35434
35436
35442
35448
35448
35453
35454
35466
35473
35486
35508
35509
35510
35518
35521
35532
35537
35545
35571
35574
35583
35640
35643
35678
35687
35692
35709
35721
35735
35739
35793
35801
35838
35844
35850
35858
35860
35871
35876
35883
35887
35889
35893
35896
35950
35956
35966
35993
36000
36013
36018
36020
36044
36049
36056
36058
36060
36061
36068
36070
36076
36102
36120
36136
36149
36156
36163
36170
36176
36178
36194
36221
36239
36260
36265
36273
36291
36291
36293
36294
36309
36311
36320
36331
36341
36342
36344
36344
36346
36368
36382
36397
36398
36402
36412
36415
36416
36428
36431
36433
36435
36439
36444
36456
36456
36456
36463
36477
36487
36495
36501
36525
36532
36536
36538
36556
36563
36564
36568
36570
36576
36584
36588
36593
36593
36598
36602
36606
36608
36625
36647
36658
36668
36670
36672
36684
36686
36705
36706
36709
36711
36734
36778
36779
36783
36787
36791
36847
36853
36860
36862
36869
36885
36897
36928
36941
36945
36945
36950
36954
36959
36962
36965
36966
36972
36977
36981
36990
36993
37000
37009
37018
37028
37050
37052
37053
37057
37079
37079
37083
37092
37095
37095
37098
37099
37128
37132
37157
37164
37176
37236
37243
37261
37264
37299
37302
37312
37320
37327
37335
37346
37390
37393
37395
37407
37415
37439
37483
37493
37505
37508
37508
37511
37520
37544
37545
37545
37560
37568
37624
37630
37655
37656
37665
37676
37694
37698
37707
37708
37711
37713
37714
37730
37734
37737
37741
37748
37770
37771
37798
37808
37811
37812
37815
37822
37828
37836
37899
37911
37919
37925
37927
37936
37952
37954
37961
37965
37972
37975
37986
37994
37996
38014
38022
38046
38056
38071
38071
38075
38075
38076
38083
38109
38110
38116
38150
38154
38175
38187
38190
38194
38210
38214
38217
38233
38233
38235
38245
38253
38269
38281
38287
38295
38318
38319
38319
38379
38383
38417
38433
38443
38467
38475
38476
38480
38481
38486
38490
38511
38531
38540
38542
38545
38546
38549
38555
38584
38585
38587
38598
38601
38625
38631
38639
38645
38658
38664
38666
38667
38668
38677
38681
38696
38707
38719
38725
38759
38773
38782
38785
38828
38837
38842
38864
38874
38877
38897
38902
38939
38966
38988
38996
39005
39013
39014
39026
39032
39041
39067
39069
39081
39081
39083
39087
39087
39093
39110
39111
39113
39113
39123
39130
39144
39150
39158
39174
39176
39181
39186
39194
39200
39211
39212
39217
39234
39252
39254
39278
39288
39295
39307
39329
39341
39343
39363
39372
39375
39377
39395
39408
39439
39446
39464
39484
39485
39489
39499
39505
39517
39520
39536
39544
39548
39560
39571
39582
39593
39601
39604
39611
39614
39628
39637
39640
39679
39681
39707
39712
39733
39740
39755
39763
39785
39788
39799
39816
39822
39843
39856
39862
39891
39894
39900
39934
39936
39940
39945
39976
39986
39987
39989
39998
40005
40043
40047
40055
40069
40071
40091
40093
40103
40124
40125
40138
40150
40164
40191
40192
40202
40203
40209
40211
40224
40225
40235
40240
40243
40248
40256
40266
40282
40285
40293
40313
40322
40325
40343
40367
40371
40371
40397
40401
40406
40417
40420
40425
40444
40467
40504
40538
40543
40559
40568
40571
40598
40601
40602
40609
40613
40613
40617
40633
40636
40684
40691
40700
40726
40728
40740
40765
40782
40790
40797
40822
40834
40884
40896
40899
40900
40906
40914
40928
40928
40943
40954
40966
40985
40991
41007
41007
41012
41048
41051
41083
41104
41119
41120
41134
41138
41146
41150
41153
41153
41170
41176
41180
41188
41191
41200
41203
41208
41218
41225
41234
41238
41243
41251
41257
41260
41260
41261
41262
41268
41281
41292
41297
41304
41320
41323
41332
41372
41398
41407
41411
41418
41419
41432
41433
41456
41464
41467
41468
41480
41485
41486
41486
41496
41496
41507
41508
41509
41510
41535
41535
41553
41570
41583
41595
41601
41620
41620
41624
41633
41663
41685
41688
41690
41700
41722
41732
41735
41735
41739
41745
41762
41779
41785
41796
41801
41822
41844
41845
41864
41877
41880
41896
41915
41921
41932
41939
41943
41944
41951
41953
42011
42030
42040
42041
42079
42083
42084
42090
42090
42100
42104
42113
42119
42122
42131
42141
42142
42146
42153
42164
42183
42204
42216
42216
42218
42228
42236
42247
42250
42264
42275
42289
42335
42342
42368
42371
42395
42404
42406
42423
42425
42432
42446
42449
42453
42469
42470
42485
42500
42511
42559
42564
42591
42594
42599
42605
42617
42619
42628
42657
42664
42676
42677
42689
42700
42702
42708
42708
42725
42729
42731
42735
42743
42750
42764
42774
42775
42775
42786
42795
42796
42817
42825
42853
42860
42861
42864
42869
42880
42895
42908
42912
42915
42946
42948
42962
42991
42999
43001
43002
43027
43083
43119
43121
43147
43148
43159
43173
43183
43185
43185
43220
43222
43231
43234
43236
43239
43240
43260
43273
43278
43289
43301
43301
43306
43341
43351
43355
43371
43374
43388
43390
43390
43396
43400
43414
43417
43420
43443
43460
43487
43505
43512
43526
43536
43539
43551
43552
43555
43564
43585
43592
43599
43613
43614
43616
43617
43621
43625
43643
43656
43659
43663
43679
43695
43698
43705
43722
43725
43727
43729
43735
43737
43738
43745
43811
43819
43824
43831
43835
43838
43849
43865
43900
43917
43921
43925
43941
43950
43952
43981
43985
43998
44023
44026
44026
44051
44059
44068
44085
44085
44086
44087
44096
44131
44167
44184
44186
44187
44213
44242
44243
44249
44252
44255
44273
44276
44293
44302
44324
44327
44348
44352
44353
44366
44391
44393
44394
44411
44426
44436
44458
44468
44475
44479
44513
44515
44521
44522
44535
44547
44561
44580
44608
44643
44650
44651
44651
44702
44717
44750
44756
44773
44790
44798
44799
44815
44859
44865
44868
44868
44881
44890
44898
44924
44926
44939
44958
44963
44965
44965
44965
44975
44980
44980
44999
45025
45036
45041
45051
45052
45065
45076
45079
45082
45082
45083
45085
45093
45097
45099
45099
45117
45126
45130
45139
45141
45151
45159
45202
45237
45253
45259
45281
45294
45299
45303
45312
45324
45327
45335
45336
45360
45366
45376
45379
45389
45389
45395
45422
45440
45457
45479
45489
45511
45513
45521
45526
45542
45554
45573
45576
45606
45606
45613
45616
45620
45627
45665
45666
45670
45682
45709
45716
45742
45754
45757
45765
45771
45803
45807
45809
45833
45835
45844
45863
45867
45870
45887
45891
45894
45898
45903
45914
45922
45924
45934
45940
45947
45957
45973
46013
46026
46033
46034
46052
46076
46087
46087
46095
46110
46121
46124
46125
46132
46150
46151
46157
46158
46164
46174
46253
46260
46271
46273
46294
46294
46306
46309
46316
46320
46329
46339
46346
46349
46350
46380
46397
46428
46429
46435
46442
46443
46449
46454
46456
46467
46475
46500
46523
46533
46537
46543
46545
46568
46572
46573
46578
46643
46680
46682
46703
46703
46706
46706
46707
46728
46743
46766
46769
46783
46788
46804
46805
46853
46860
46869
46876
46888
46902
46903
46913
46914
46915
46919
46924
46929
46932
46939
46943
46952
46956
46958
46965
46972
46974
46976
46994
47002
47004
47015
47041
47043
47049
47059
47060
47078
47089
47117
47131
47140
47143
47157
47159
47164
47176
47178
47179
47180
47212
47249
47250
47257
47263
47274
47304
47323
47332
47334
47355
47359
47362
47364
47388
47390
47391
47392
47394
47406
47415
47417
47423
47430
47430
47433
47479
47483
47485
47490
47494
47515
47517
47522
47529
47544
47544
47556
47565
47574
47574
47577
47590
47599
47621
47625
47641
47651
47657
47671
47673
47676
47680
47699
47710
47719
47719
47723
47726
47768
47772
47787
47797
47817
47825
47851
47860
47860
47862
47872
47873
47874
47880
47880
47894
47901
47903
47944
47957
47965
47965
47968
47982
47987
47994
47995
48001
48002
48019
48021
48055
48058
48058
48060
48071
48112
48120
48123
48141
48144
48165
48172
48191
48195
48197
48202
48205
48209
48215
48228
48242
48242
48248
48277
48293
48297
48303
48359
48369
48377
48377
48388
48391
48393
48403
48418
48420
48427
48434
48450
48451
48465
48490
48505
48512
48513
48529
48548
48550
48552
48558
48561
48570
48584
48589
48594
48606
48606
48606
48610
48624
48628
48631
48642
48645
48647
48652
48664
48665
48672
48689
48693
48695
48718
48718
48742
48754
48767
48791
48793
48804
48836
48867
48870
48874
48874
48878
48890
48903
48914
48918
48920
48921
48921
48935
48975
48994
49006
49012
49044
49051
49052
49059
49061
49061
49065
49072
49085
49091
49095
49101
49105
49127
49129
49132
49137
49138
49147
49164
49173
49179
49179
49188
49189
49193
49212
49212
49237
49243
49249
49250
49260
49268
49272
49289
49293
49294
49301
49302
49368
49371
49374
49381
49384
49385
49397
49410
49416
49419
49425
49428
49431
49439
49458
49482
49486
49501
49515
49533
49536
49548
49571
49586
49600
49600
49604
49607
49612
49614
49622
49625
49629
49646
49661
49669
49685
49719
49721
49729
49746
49749
49750
49762
49764
49769
49775
49778
49786
49810
49815
49820
49828
49829
49846
49847
49865
49870
49878
49888
49891
49894
49896
49904
49924
49928
49940
49948
49956
49987
49987
50015
50018
50035
50050
50051
50062
50077
50082
50100
50118
50155
50190
50192
50220
50240
50242
50252
50257
50257
50278
50282
50283
50283
50297
50313
50314
50314
50316
50320
50321
50327
50328
50332
50334
50340
50341
50360
50361
50363
50369
50378
50386
50400
50411
50412
50413
50416
50432
50437
50441
50444
50445
50446
50446
50457
50462
50464
50508
50520
50525
50533
50534
50534
50535
50536
50558
50568
50571
50584
50594
50594
50599
50613
50644
50647
50649
50664
50666
50689
50689
50691
50692
50714
50725
50726
50729
50731
50742
50751
50765
50769
50781
50784
50794
50810
50814
50823
50856
50862
50871
50872
50878
50892
50893
50906
50920
50923
50924
50926
50931
50937
50964
50967
50985
50988
50997
51009
51030
51040
51067
51071
51082
51090
51096
51096
51127
51136
51136
51154
51157
51162
51163
51171
51174
51181
51185
51185
51189
51193
51198
51200
51205
51215
51217
51224
51227
51241
51243
51258
51274
51299
51308
51317
51336
51337
51356
51397
51400
51401
51408
51409
51418
51423
51429
51436
51444
51445
51453
51465
51469
51477
51524
51526
51543
51553
51570
51575
51579
51580
51586
51601
51605
51607
51621
51643
51656
51662
51676
51717
51719
51721
51726
51728
51729
51736
51749
51751
51753
51758
51772
51784
51816
51840
51843
51843
51883
51897
51902
51904
51909
51913
51926
51951
51957
51966
51972
51973
51985
52016
52024
52026
52027
52033
52045
52069
52097
52108
52111
52115
52142
52146
52146
52156
52157
52169
52178
52188
52196
52199
52205
52225
52230
52239
52247
52279
52281
52286
52327
52344
52346
52357
52386
52409
52419
52442
52463
52466
52467
52475
52482
52486
52496
52510
52515
52516
52534
52541
52544
52548
52553
52577
52586
52593
52600
52602
52606
52606
52655
52657
52663
52667
52667
52690
52721
52725
52751
52774
52777
52784
52790
52817
52847
52857
52886
52887
52890
52905
52930
52941
52943
52950
52962
52970
52976
52985
52987
52990
52992
53000
53000
53001
53039
53040
53041
53048
53056
53058
53079
53083
53097
53101
53102
53103
53108
53150
53168
53182
53190
53191
53215
53215
53288
53293
53308
53356
53358
53405
53408
53416
53435
53441
53453
53480
53514
53522
53525
53555
53562
53566
53569
53586
53604
53620
53643
53664
53671
53674
53676
53685
53701
53717
53718
53728
53739
53742
53751
53753
53765
53777
53803
53828
53844
53844
53848
53851
53852
53867
53871
53873
53878
53896
53906
53908
53910
53917
53917
53931
53947
53954
53962
53983
53985
53987
53989
53993
53999
54014
54017
54026
54035
54036
54042
54059
54073
54082
54088
54093
54109
54116
54123
54134
54135
54142
54175
54207
54213
54218
54222
54227
54229
54231
54236
54241
54261
54271
54272
54289
54293
54294
54313
54322
54335
54351
54360
54372
54375
54387
54393
54393
54400
54400
54400
54401
54406
54411
54433
54442
54450
54455
54476
54506
54513
54525
54527
54547
54571
54574
54579
54583
54591
54591
54594
54601
54620
54642
54647
54673
54688
54693
54708
54711
54737
54737
54740
54757
54760
54767
54769
54769
54775
54785
54818
54833
54835
54843
54862
54875
54892
54895
54911
54937
54946
54951
54961
54968
54973
54993
55000
55003
55008
55021
55031
55031
55034
55041
55050
55058
55060
55066
55069
55076
55077
55095
55105
55107
55126
55127
55130
55139
55159
55172
55177
55185
55186
55194
55199
55211
55214
55215
55218
55227
55236
55241
55248
55248
55253
55262
55272
55281
55284
55319
55343
55346
55351
55362
55366
55372
55402
55404
55416
55425
55446
55449
55453
55456
55459
55464
55474
55482
55486
55487
55488
55492
55498
55502
55504
55510
55527
55536
55552
55553
55554
55557
55557
55561
55567
55575
55578
55580
55583
55584
55586
55599
55600
55603
55609
55612
55632
55633
55634
55638
55644
55660
55669
55669
55675
55676
55681
55685
55688
55695
55701
55714
55721
55733
55769
55790
55802
55803
55817
55823
55842
55845
55845
55889
55908
55918
55967
55970
55977
55981
55991
55998
55999
56000
56013
56029
56031
56046
56060
56076
56083
56111
56161
56209
56223
56224
56226
56236
56237
56252
56255
56266
56266
56270
56270
56272
56276
56279
56280
56280
56290
56308
56331
56332
56365
56370
56394
56406
56417
56420
56436
56461
56508
56510
56520
56530
56536
56556
56567
56595
56599
56615
56617
56623
56629
56630
56632
56632
56634
56639
56643
56661
56673
56675
56689
56698
56711
56722
56723
56724
56729
56735
56763
56771
56776
56777
56777
56780
56785
56793
56803
56806
56864
56881
56906
56910
56911
56912
56915
56916
56930
56934
56936
56937
56968
56973
56985
56995
57001
57004
57005
57042
57085
57087
57087
57092
57112
57117
57150
57160
57171
57209
57223
57229
57253
57255
57265
57267
57268
57268
57275
57276
57283
57301
57304
57306
57311
57312
57326
57333
57337
57362
57369
57383
57388
57407
57409
57439
57464
57467
57474
57475
57489
57494
57502
57523
57561
57584
57586
57587
57604
57605
57622
57677
57683
57694
57701
57710
57712
57730
57736
57776
57779
57827
57829
57837
57860
57862
57866
57871
57898
57901
57910
57918
57939
57940
57951
57959
57966
57974
58047
58071
58073
58089
58095
58095
58098
58116
58134
58135
58137
58141
58141
58144
58154
58154
58163
58176
58196
58200
58220
58238
58245
58254
58270
58276
58277
58311
58313
58316
58331
58353
58353
58355
58403
58404
58428
58431
58441
58450
58487
58494
58504
58516
58516
58541
58549
58565
58565
58595
58618
58626
58631
58633
58637
58638
58641
58643
58645
58659
58666
58684
58685
58693
58698
58706
58710
58712
58716
58716
58761
58769
58769
58774
58791
58804
58805
58814
58819
58823
58833
58846
58848
58862
58869
58877
58885
58890
58903
58906
58922
58933
58937
58989
58992
59016
59027
59041
59048
59051
59052
59061
59072
59081
59089
59093
59111
59124
59124
59126
59136
59156
59169
59191
59192
59195
59198
59233
59243
59249
59253
59288
59310
59312
59335
59348
59368
59388
59392
59398
59399
59401
59404
59408
59432
59444
59456
59468
59469
59482
59486
59496
59496
59503
59516
59528
59570
59599
59600
59613
59633
59653
59673
59688
59696
59701
59709
59715
59720
59725
59726
59734
59735
59741
59756
59764
59793
59801
59803
59807
59844
59854
59859
59868
59868
59878
59882
59896
59903
59907
59921
59923
59945
59975
59988
59995
59998
60021
60022
60042
60060
60062
60066
60077
60078
60089
60101
60112
60113
60145
60164
60181
60182
60198
60200
60217
60220
60224
60224
60228
60232
60233
60234
60237
60240
60270
60271
60279
60282
60310
60310
60316
60325
60328
60329
60335
60338
60338
60347
60359
60363
60377
60377
60385
60401
60416
60451
60460
60481
60483
60486
60492
60503
60510
60510
60516
60530
60531
60547
60558
60570
60587
60603
60606
60615
60623
60634
60638
60660
60664
60669
60686
60689
60690
60703
60703
60711
60718
60726
60727
60728
60732
60746
60758
60775
60786
60794
60810
60815
60822
60835
60836
60854
60857
60878
60881
60885
60896
60899
60908
60910
60941
60959
60964
60992
60994
60996
60998
61006
61015
61020
61041
61084
61094
61096
61098
61117
61119
61123
61152
61153
61162
61165
61175
61178
61202
61206
61218
61221
61222
61230
61230
61238
61239
61242
61245
61247
61267
61271
61271
61272
61272
61277
61294
61303
61309
61312
61316
61323
61324
61330
61340
61347
61355
61366
61371
61375
61383
61387
61400
61401
61403
61410
61418
61418
61437
61490
61497
61526
61555
61569
61572
61586
61587
61598
61622
61673
61675
61675
61681
61697
61706
61708
61709
61710
61725
61729
61733
61754
61755
61767
61768
61773
61773
61785
61790
61805
61816
61817
61818
61843
61846
61856
61867
61877
61898
61900
61908
61918
61924
61935
61940
61949
61949
61960
61977
61993
62001
62010
62021
62039
62042
62052
62057
62071
62090
62093
62093
62095
62134
62141
62150
62159
62170
62201
62231
62242
62243
62260
62282
62292
62311
62324
62327
62337
62343
62346
62348
62353
62377
62381
62390
62420
62426
62429
62458
62464
62472
62512
62527
62550
62562
62562
62575
62604
62615
62621
62637
62658
62664
62688
62690
62691
62696
62704
62722
62734
62749
62751
62774
62776
62776
62806
62814
62828
62862
62877
62899
62905
62928
62934
62944
62961
63012
63017
63031
63034
63035
63043
63045
63076
63080
63101
63112
63115
63122
63134
63159
63161
63180
63183
63226
63232
63253
63276
63281
63295
63307
63319
63340
63354
63357
63386
63389
63398
63406
63407
63423
63445
63453
63454
63462
63469
63484
63490
63498
63504
63505
63519
63525
63526
63530
63540
63582
63606
63634
63650
63662
63667
63680
63689
63695
63697
63709
63710
63715
63724
63730
63731
63735
63736
63753
63753
63785
63794
63800
63802
63828
63834
63839
63848
63855
63872
63875
63879
63900
63900
63904
63912
63915
63923
63926
63928
63933
63952
63962
63974
63981
63991
64003
64004
64013
64013
64030
64038
64056
64058
64069
64069
64072
64078
64087
64102
64124
64129
64143
64153
64154
64165
64211
64213
64218
64229
64229
64251
64256
64263
64275
64279
64281
64288
64313
64315
64342
64351
64362
64369
64393
64429
64444
64446
64452
64453
64457
64470
64502
64520
64520
64533
64541
64541
64550
64562
64576
64602
64625
64635
64639
64646
64655
64658
64658
64661
64668
64682
64694
64706
64711
64720
64721
64733
64736
64768
64813
64815
64823
64825
64827
64838
64843
64847
64853
64854
64854
64857
64865
64874
64889
64908
64918
64939
64950
64952
64952
64956
64957
64959
64968
64986
64987
65032
65039
65052
65053
65057
65071
65088
65090
65092
65094
65094
65102
65115
65140
65158
65176
65177
65178
65188
65201
65264
65286
65294
65299
65308
65323
65329
65331
65337
65341
65357
65358
65419
65440
65452
65505
65518
65542
65565
65574
65575
65596
65606
65617
65622
65629
65631
65649
65655
65660
65681
65684
65689
65696
65711
65738
65741
65743
65763
65763
65789
65799
65804
65809
65816
65842
65849
65850
65852
65863
65865
65866
65915
65921
65922
65932
65937
65938
65967
65968
65997
66006
66008
66013
66040
66052
66083
66097
66101
66109
66113
66122
66131
66153
66158
66163
66168
66176
66200
66202
66209
66223
66225
66231
66233
66238
66256
66273
66277
66288
66297
66298
66319
66342
66349
66360
66368
66381
66384
66387
66390
66395
66406
66411
66412
66412
66415
66425
66433
66440
66459
66475
66479
66506
66525
66541
66554
66570
66582
66582
66616
66629
66649
66660
66678
66692
66694
66696
66705
66720
66727
66732
66744
66748
66761
66762
66783
66796
66799
66811
66813
66815
66846
66858
66861
66861
66861
66863
66882
66894
66915
66971
66979
66981
66986
66989
66993
66995
67002
67002
67025
67034
67036
67039
67073
67075
67082
67096
67116
67117
67118
67139
67154
67154
67156
67165
67173
67191
67207
67211
67214
67224
67234
67239
67312
67315
67374
67376
67377
67399
67400
67430
67455
67461
67465
67473
67479
67479
67501
67502
67502
67521
67526
67533
67542
67552
67566
67607
67608
67612
67618
67654
67699
67711
67715
67726
67747
67762
67764
67787
67788
67799
67805
67806
67844
67858
67866
67872
67883
67901
67911
67944
67949
67978
67979
67980
67982
67985
68022
68028
68057
68067
68079
68099
68112
68138
68144
68144
68146
68162
68169
68182
68183
68187
68205
68206
68208
68253
68261
68263
68266
68274
68280
68292
68309
68316
68322
68327
68340
68344
68346
68351
68364
68367
68379
68390
68411
68428
68432
68436
68437
68440
68468
68470
68477
68478
68504
68506
68531
68531
68532
68533
68551
68551
68553
68561
68561
68565
68574
68583
68604
68609
68613
68628
68630
68631
68631
68659
68671
68686
68686
68689
68750
68751
68752
68755
68760
68775
68777
68778
68793
68798
68799
68817
68819
68828
68836
68847
68853
68863
68864
68869
68877
68880
68892
68901
68912
68913
68915
68924
68935
68938
68955
68969
68978
68986
68987
69000
69023
69023
69027
69029
69035
69043
69044
69046
69061
69098
69129
69151
69154
69160
69164
69165
69178
69192
69208
69216
69218
69221
69226
69234
69241
69245
69255
69257
69283
69287
69289
69291
69305
69323
69353
69369
69372
69393
69394
69400
69401
69420
69428
69430
69434
69440
69448
69474
69478
69484
69486
69488
69493
69509
69529
69560
69563
69575
69578
69582
69583
69584
69601
69623
69625
69626
69638
69640
69647
69672
69672
69687
69696
69696
69697
69703
69704
69710
69719
69728
69753
69767
69771
69779
69797
69800
69805
69846
69853
69859
69879
69883
69892
69900
69901
69907
69924
69952
69960
69961
69980
69982
69986
69989
69994
70006
70007
70007
70014
70022
70027
70029
70034
70037
70051
70055
70059
70064
70065
70069
70082
70087
70105
70117
70134
70146
70158
70163
70167
70179
70180
70192
70200
70209
70216
70219
70238
70266
70272
70282
70320
70325
70340
70351
70353
70365
70368
70378
70392
70395
70396
70416
70435
70443
70462
70477
70484
70487
70488
70490
70499
70509
70528
70532
70538
70545
70554
70560
70581
70591
70592
70596
70603
70619
70633
70639
70660
70675
70687
70692
70706
70707
70731
70733
70750
70763
70763
70779
70788
70793
70816
70820
70821
70822
70836
70839
70844
70851
70851
70874
70882
70892
70907
70915
70933
70957
70959
70964
70977
70977
70989
70990
70993
70995
71005
71009
71013
71021
71022
71023
71027
71054
71066
71096
71117
71129
71141
71156
71157
71158
71171
71190
71196
71198
71199
71203
71208
71226
71259
71277
71277
71279
71284
71288
71297
71304
71307
71308
71324
71325
71329
71334
71337
71341
71343
71370
71381
71390
71397
71401
71403
71415
71434
71437
71439
71443
71448
71462
71463
71464
71481
71486
71494
71496
71506
71513
71520
71541
71553
71558
71573
71579
71600
71607
71613
71623
71630
71632
71634
71635
71635
71639
71646
71657
71670
71672
71675
71678
71681
71702
71702
71712
71720
71725
71729
71733
71733
71735
71743
71751
71758
71768
71779
71787
71790
71833
71833
71834
71874
71876
71915
71916
71924
71928
71931
71963
71963
71969
71981
71985
71987
71995
72000
72009
72010
72016
72026
72035
72039
72049
72057
72060
72062
72064
72068
72080
72087
72105
72110
72112
72114
72153
72179
72191
72201
72217
72225
72237
72252
72254
72258
72264
72280
72298
72313
72321
72323
72340
72345
72360
72381
72383
72399
72415
72423
72426
72452
72453
72463
72472
72495
72510
72521
72522
72535
72538
72539
72539
72542
72546
72547
72552
72560
72562
72563
72572
72576
72586
72610
72614
72628
72634
72635
72644
72657
72659
72667
72679
72698
72717
72727
72758
72763
72792
72818
72819
72829
72839
72847
72851
72866
72868
72869
72870
72873
72884
72886
72977
72983
72997
73026
73028
73055
73073
73083
73086
73116
73140
73149
73152
73165
73166
73188
73192
73197
73210
73215
73243
73244
73250
73256
73284
73291
73331
73333
73339
73349
73354
73355
73357
73360
73374
73379
73380
73389
73397
73399
73422
73431
73438
73438
73441
73452
73454
73463
73474
73483
73527
73535
73539
73541
73542
73544
73545
73548
73561
73583
73598
73611
73627
73634
73634
73658
73707
73715
73725
73728
73741
73757
73758
73796
73804
73814
73823
73824
73844
73870
73889
73902
73913
73914
73915
73950
73960
73990
74001
74007
74015
74033
74044
74045
74050
74052
74061
74065
74067
74070
74079
74088
74088
74089
74090
74104
74112
74140
74155
74157
74157
74168
74185
74196
74197
74220
74242
74248
74254
74255
74271
74271
74274
74279
74282
74298
74307
74308
74308
74314
74330
74347
74358
74362
74365
74375
74375
74379
74380
74386
74405
74416
74423
74425
74436
74441
74456
74458
74461
74470
74480
74510
74513
74554
74573
74577
74578
74579
74593
74602
74603
74603
74606
74648
74649
74657
74659
74669
74673
74676
74688
74690
74700
74706
74707
74715
74718
74752
74755
74771
74771
74797
74815
74825
74851
74861
74862
74863
74878
74883
74887
74905
74917
74925
74941
74952
74954
74956
74966
74971
74996
75034
75035
75038
75040
75052
75065
75079
75095
75096
75105
75125
75129
75155
75156
75174
75213
75221
75224
75229
75244
75254
75258
75260
75263
75271
75276
75302
75308
75312
75343
75358
75374
75402
75402
75426
75449
75453
75458
75467
75471
75516
75519
75525
75526
75540
75547
75559
75567
75567
75592
75602
75618
75620
75626
75649
75660
75667
75671
75671
75675
75697
75699
75713
75714
75717
75722
75726
75733
75735
75749
75759
75759
75777
75791
75797
75798
75817
75824
75837
75843
75873
75879
75892
75894
75906
75915
75918
75925
75935
75946
75948
75960
75966
75999
76013
76034
76036
76056
76066
76076
76082
76111
76120
76125
76134
76138
76164
76165
76167
76177
76179
76184
76189
76202
76237
76240
76246
76246
76248
76296
76298
76315
76329
76344
76352
76354
76377
76399
76416
76419
76449
76450
76451
76460
76465
76490
76490
76505
76529
76542
76553
76558
76561
76565
76573
76573
76596
76612
76618
76621
76626
76627
76635
76665
76670
76675
76676
76714
76715
76726
76766
76777
76778
76782
76789
76819
76854
76861
76863
76866
76877
76891
76920
76936
76952
76975
76985
76987
76990
77007
77041
77048
77058
77059
77077
77086
77093
77103
77104
77108
77146
77159
77167
77174
77181
77186
77190
77192
77197
77204
77218
77225
77225
77231
77255
77263
77263
77274
77279
77283
77287
77317
77358
77361
77363
77363
77368
77370
77373
77380
77391
77394
77403
77405
77414
77416
77420
77430
77439
77462
77468
77498
77501
77505
77510
77511
77512
77515
77515
77524
77525
77537
77563
77568
77590
77595
77621
77641
77641
77674
77675
77677
77680
77718
77721
77735
77736
77737
77750
77761
77767
77770
77779
77784
77795
77823
77829
77831
77832
77838
77842
77848
77850
77852
77878
77880
77896
77924
77926
77929
77932
77940
77956
77957
77966
77974
77978
77979
77982
77993
78000
78003
78021
78035
78048
78049
78051
78062
78066
78067
78070
78075
78078
78090
78096
78101
78113
78141
78162
78171
78174
78176
78179
78187
78188
78217
78223
78234
78246
78248
78251
78252
78312
78313
78313
78328
78349
78355
78362
78364
78416
78428
78435
78441
78441
78459
78464
78472
78480
78505
78508
78517
78518
78540
78543
78552
78555
78582
78584
78590
78592
78604
78616
78665
78671
78689
78700
78701
78701
78707
78711
78715
78761
78774
78808
78824
78851
78861
78874
78882
78883
78889
78896
78902
78915
78917
78919
78954
78958
78976
78983
79021
79029
79043
79045
79045
79066
79083
79098
79103
79113
79118
79140
79140
79154
79157
79158
79159
79174
79180
79198
79218
79221
79222
79225
79230
79236
79244
79248
79248
79275
79317
79319
79332
79341
79346
79351
79353
79353
79381
79415
79417
79435
79470
79485
79505
79509
79515
79518
79518
79535
79557
79569
79579
79603
79606
79612
79613
79617
79631
79643
79648
79654
79657
79689
79690
79706
79710
79716
79720
79728
79732
79750
79760
79762
79766
79771
79779
79781
79807
79814
79815
79821
79834
79845
79849
79858
79881
79889
79890
79891
79893
79913
79929
79936
79939
79962
79988
79992
80013
80033
80037
80053
80071
80073
80079
80089
80108
80118
80131
80144
80156
80157
80194
80208
80214
80218
80230
80230
80246
80247
80251
80252
80266
80273
80295
80299
80303
80304
80306
80307
80315
80331
80333
80348
80350
80352
80361
80364
80371
80387
80391
80395
80400
80411
80435
80444
80452
80457
80472
80478
80478
80485
80510
80523
80533
80558
80576
80599
80611
80623
80626
80628
80655
80682
80689
80696
80705
80705
80710
80716
80721
80722
80724
80726
80740
80752
80798
80801
80807
80825
80846
80847
80848
80850
80852
80858
80866
80867
80888
80897
80899
80907
80907
80908
80938
80967
80973
80978
80986
81000
81002
81005
81005
81013
81016
81017
81035
81046
81047
81063
81070
81090
81091
81131
81141
81144
81184
81197
81200
81204
81221
81235
81238
81240
81257
81270
81277
81304
81339
81349
81366
81371
81371
81383
81402
81410
81417
81436
81445
81452
81454
81462
81469
81477
81481
81492
81496
81499
81523
81534
81534
81536
81562
81570
81586
81587
81589
81612
81621
81634
81635
81644
81647
81654
81674
81686
81691
81694
81695
81700
81705
81712
81716
81717
81723
81746
81750
81752
81756
81785
81805
81806
81820
81827
81834
81837
81845
81874
81883
81885
81886
81905
81925
81930
81932
81933
81942
81952
81958
81970
81975
81975
81978
81988
81988
81995
82008
82043
82049
82058
82060
82061
82070
82079
82138
82146
82171
82173
82191
82198
82198
82206
82206
82223
82224
82251
82286
82294
82304
82312
82335
82341
82347
82355
82360
82366
82401
82411
82429
82444
82444
82448
82459
82502
82506
82526
82531
82534
82536
82571
82588
82589
82605
82617
82626
82635
82644
82658
82665
82667
82676
82693
82704
82739
82749
82756
82764
82794
82823
82840
82857
82860
82883
82885
82908
82934
82961
82987
82988
83000
83008
83038
83051
83051
83081
83100
83108
83127
83153
83157
83173
83187
83194
83200
83229
83239
83243
83244
83247
83251
83261
83267
83282
83282
83283
83301
83303
83307
83311
83316
83333
83333
83335
83338
83343
83347
83352
83358
83359
83362
83371
83390
83396
83417
83440
83441
83449
83456
83470
83475
83497
83499
83502
83502
83516
83549
83553
83579
83595
83616
83616
83620
83623
83624
83664
83673
83684
83692
83702
83711
83713
83723
83736
83780
83786
83789
83802
83853
83859
83880
83920
83922
83936
83948
83951
83965
83970
83972
84014
84029
84051
84078
84089
84106
84110
84125
84133
84134
84152
84156
84159
84167
84168
84194
84195
84214
84221
84222
84224
84230
84233
84267
84268
84276
84280
84291
84293
84294
84298
84303
84305
84305
84310
84317
84328
84330
84336
84352
84364
84371
84380
84381
84386
84389
84391
84398
84418
84427
84427
84431
84432
84442
84445
84446
84451
84456
84462
84467
84483
84495
84504
84504
84519
84522
84548
84560
84564
84576
84589
84593
84596
84626
84648
84655
84687
84698
84708
84739
84742
84745
84750
84752
84753
84754
84792
84797
84801
84803
84812
84828
84830
84832
84835
84861
84889
84898
84903
84904
84911
84913
84927
84932
84938
84943
84950
84954
84958
84963
84967
84970
84985
84994
84996
84999
85007
85028
85057
85058
85066
85071
85074
85082
85099
85101
85107
85112
85140
85145
85162
85170
85181
85182
85197
85204
85206
85235
85251
85257
85288
85318
85325
85329
85336
85337
85338
85352
85358
85363
85380
85382
85398
85407
85415
85434
85443
85452
85453
85464
85500
85508
85523
85532
85544
85569
85572
85574
85595
85600
85613
85624
85625
85628
85628
85629
85635
85639
85642
85674
85692
85702
85734
85739
85752
85764
85779
85784
85786
85787
85788
85798
85804
85809
85825
85826
85826
85845
85850
85866
85874
85875
85877
85881
85884
85888
85889
85889
85906
85931
85937
85950
85954
85957
85961
85962
85966
85966
85986
85988
85999
86012
86019
86020
86036
86037
86072
86076
86082
86085
86094
86097
86102
86116
86117
86150
86157
86162
86173
86231
86240
86250
86281
86296
86296
86312
86320
86330
86354
86354
86358
86373
86392
86393
86425
86425
86432
86441
86443
86446
86464
86465
86466
86467
86483
86489
86495
86520
86530
86547
86548
86556
86560
86567
86586
86597
86600
86628
86630
86630
86653
86660
86667
86673
86675
86677
86681
86686
86691
86706
86710
86728
86732
86747
86755
86770
86773
86774
86779
86816
86822
86843
86847
86860
86881
86887
86887
86888
86888
86896
86911
86913
86923
86924
86924
86925
86929
86930
86951
86960
86970
86975
86977
86981
86988
87003
87022
87028
87030
87043
87045
87050
87050
87067
87074
87082
87091
87098
87103
87106
87108
87115
87116
87118
87119
87126
87133
87140
87143
87147
87172
87186
87192
87202
87205
87214
87214
87218
87243
87251
87289
87296
87325
87339
87343
87359
87368
87376
87391
87393
87394
87420
87429
87467
87479
87481
87482
87491
87501
87502
87506
87509
87517
87532
87535
87539
87548
87562
87565
87577
87600
87605
87607
87612
87621
87626
87628
87638
87643
87648
87652
87662
87671
87676
87692
87706
87719
87719
87742
87744
87746
87762
87772
87775
87780
87788
87796
87817
87824
87826
87830
87834
87851
87868
87878
87884
87888
87899
87902
87911
87915
87918
87920
87927
87947
87948
87955
87979
87981
88002
88021
88028
88029
88061
88072
88082
88085
88086
88092
88103
88113
88146
88154
88169
88190
88224
88227
88251
88266
88283
88294
88306
88330
88332
88332
88333
88335
88344
88352
88356
88360
88365
88367
88376
88382
88382
88405
88406
88415
88449
88451
88456
88462
88470
88491
88515
88527
88541
88549
88584
88584
88611
88625
88648
88653
88664
88666
88669
88676
88681
88685
88686
88686
88696
88698
88705
88706
88712
88715
88726
88733
88738
88740
88741
88745
88756
88771
88826
88849
88867
88871
88884
88897
88907
88907
88908
88909
88914
88920
88922
88926
88926
88931
88933
88960
88965
88965
88975
89008
89018
89032
89045
89076
89078
89079
89086
89097
89097
89116
89120
89135
89146
89154
89172
89175
89178
89190
89192
89194
89197
89198
89206
89215
89220
89231
89232
89239
89249
89260
89265
89267
89299
89302
89302
89302
89306
89313
89315
89322
89333
89334
89369
89376
89381
89381
89403
89412
89419
89437
89457
89460
89488
89504
89506
89514
89516
89518
89522
89526
89531
89533
89550
89561
89568
89570
89572
89578
89584
89594
89603
89603
89612
89619
89622
89623
89626
89662
89706
89717
89722
89734
89738
89742
89743
89755
89756
89762
89775
89776
89780
89812
89818
89820
89855
89876
89880
89883
89885
89933
89935
89948
89958
89962
89966
89967
89972
89978
89995
90003
90012
90012
90015
90027
90067
90089
90102
90102
90112
90144
90149
90151
90153
90158
90160
90165
90200
90201
90206
90208
90211
90221
90243
90244
90265
90265
90277
90282
90306
90311
90314
90332
90339
90352
90382
90395
90430
90463
90467
90478
90479
90494
90533
90536
90553
90566
90573
90580
90583
90584
90596
90602
90611
90615
90627
90635
90642
90642
90660
90665
90681
90725
90744
90745
90774
90779
90780
90812
90817
90832
90847
90849
90902
90917
90966
90966
90970
90999
91022
91024
91027
91045
91047
91049
91062
91069
91073
91075
91077
91086
91089
91098
91123
91133
91133
91135
91150
91152
91159
91161
91163
91176
91178
91219
91223
91234
91236
91238
91256
91275
91301
91306
91333
91345
91360
91366
91373
91375
91383
91390
91399
91419
91420
91431
91436
91465
91470
91484
91500
91504
91509
91510
91519
91531
91542
91546
91548
91551
91559
91561
91566
91570
91573
91592
91600
91624
91631
91639
91644
91661
91703
91708
91709
91713
91737
91743
91751
91754
91762
91775
91790
91794
91803
91815
91826
91828
91849
91849
91852
91866
91868
91873
91877
91895
91896
91916
91916
91924
91937
91939
91959
91965
91973
91984
91987
91998
92002
92017
92022
92034
92038
92039
92041
92043
92050
92062
92074
92080
92088
92092
92109
92116
92120
92121
92122
92127
92133
92138
92148
92171
92172
92210
92229
92273
92277
92306
92307
92316
92319
92351
92354
92357
92368
92375
92386
92396
92397
92403
92422
92429
92453
92456
92473
92492
92497
92498
92511
92531
92533
92539
92541
92550
92563
92575
92577
92580
92595
92595
92598
92601
92609
92639
92642
92651
92670
92674
92688
92690
92696
92717
92740
92757
92761
92772
92786
92788
92791
92812
92822
92837
92846
92854
92860
92865
92875
92883
92901
92918
92951
92956
92976
92980
92990
93014
93018
93025
93026
93026
93030
93031
93043
93058
93086
93099
93102
93107
93107
93108
93112
93114
93122
93123
93124
93140
93148
93154
93168
93185
93189
93206
93208
93216
93236
93275
93275
93283
93299
93303
93337
93347
93378
93383
93403
93406
93407
93416
93424
93424
93438
93446
93464
93490
93496
93497
93503
93506
93517
93525
93529
93529
93534
93568
93591
93599
93601
93617
93619
93630
93630
93635
93664
93665
93665
93666
93705
93705
93717
93729
93730
93732
93733
93739
93740
93744
93763
93770
93770
93781
93783
93791
93801
93814
93821
93831
93842
93846
93863
93869
93880
93887
93904
93906
93910
93911
93928
93931
93933
93962
93969
93970
93976
93987
93991
93991
93991
93994
93996
94004
94012
94021
94028
94036
94040
94054
94056
94057
94067
94069
94086
94088
94109
94110
94123
94142
94143
94161
94168
94171
94173
94198
94204
94221
94223
94234
94249
94256
94261
94266
94275
94279
94285
94285
94291
94299
94305
94306
94311
94312
94314
94344
94350
94359
94359
94359
94374
94379
94396
94406
94415
94426
94427
94433
94439
94454
94483
94490
94506
94506
94507
94520
94532
94554
94557
94571
94575
94584
94593
94616
94639
94641
94645
94673
94684
94695
94698
94720
94721
94736
94737
94746
94753
94811
94828
94829
94834
94839
94840
94849
94858
94864
94870
94890
94903
94912
94930
94931
94936
94963
94965
94971
94990
94999
95006
95020
95024
95043
95075
95080
95080
95087
95088
95099
95110
95119
95123
95126
95129
95131
95141
95149
95189
95196
95201
95229
95231
95235
95239
95246
95259
95268
95281
95287
95289
95293
95306
95307
95307
95326
95332
95389
95390
95391
95393
95398
95410
95431
95437
95462
95464
95482
95492
95494
95505
95507
95542
95547
95548
95575
95576
95579
95585
95585
95605
95609
95612
95623
95646
95655
95666
95680
95681
95688
95689
95690
95697
95705
95721
95730
95732
95744
95748
95749
95750
95757
95771
95806
95830
95832
95843
95844
95857
95872
95876
95889
95895
95902
95904
95909
95909
95923
95941
95950
95952
95955
95963
95978
95985
95988
95998
95999
96004
96015
96024
96035
96036
96059
96093
96106
96107
96127
96156
96159
96172
96177
96182
96185
96224
96225
96240
96249
96277
96305
96315
96315
96327
96337
96344
96348
96349
96354
96355
96356
96357
96359
96372
96400
96403
96416
96422
96431
96445
96459
96500
96510
96513
96520
96528
96545
96551
96561
96569
96572
96603
96614
96616
96623
96643
96647
96657
96664
96675
96770
96774
96794
96796
96797
96829
96839
96854
96889
96895
96921
96954
96958
96962
96968
96971
96974
96977
96982
96994
96995
97000
97005
97039
97043
97053
97055
97057
97061
97085
97087
97099
97101
97112
97126
97134
97135
97207
97218
97223
97248
97259
97272
97290
97295
97327
97328
97330
97335
97345
97348
97357
97373
97378
97383
97390
97399
97401
97411
97421
97421
97430
97437
97454
97474
97497
97499
97502
97507
97527
97535
97558
97567
97569
97573
97574
97578
97583
97594
97599
97607
97615
97670
97705
97719
97727
97731
97738
97742
97743
97749
97763
97775
97783
97783
97795
97797
97798
97820
97824
97825
97829
97852
97872
97872
97888
97893
97909
97919
97935
97938
97946
97964
97971
97978
97998
98005
98016
98037
98055
98061
98064
98069
98077
98088
98100
98110
98111
98126
98128
98132
98143
98145
98145
98154
98160
98183
98191
98198
98205
98207
98208
98213
98245
98247
98255
98263
98285
98288
98293
98302
98304
98310
98323
98344
98371
98373
98375
98377
98386
98387
98388
98396
98411
98412
98418
98422
98423
98453
98483
98496
98503
98513
98523
98532
98551
98555
98558
98559
98560
98561
98564
98577
98582
98588
98597
98600
98615
98639
98648
98677
98680
98693
98712
98724
98740
98745
98769
98784
98795
98808
98812
98815
98827
98832
98833
98840
98841
98846
98856
98889
98890
98894
98897
98898
98921
98927
98930
98947
98954
98958
98959
98964
98987
99000
99008
99034
99035
99046
99060
99072
99073
99078
99081
99089
99094
99098
99130
99132
99149
99151
99154
99159
99160
99163
99200
99212
99218
99251
99259
99288
99293
99297
99314
99315
99317
99332
99334
99340
99346
99347
99351
99368
99381
99398
99401
99401
99425
99429
99430
99440
99445
99456
99457
99460
99500
99502
99509
99526
99527
99540
99543
99545
99545
99553
99553
99580
99594
99611
99629
99655
99661
99670
99683
99689
99699
99764
99767
99792
99797
99822
99858
99863
99872
99878
99891
99897
99899
99914
99921
99928
99932
99939
99940
99944
99955
99955
99963
99964
99974
99976
99980
99990
99994
100003
100004
100033
100039
100062
100076
100078
100083
100092
100094
100099
100099
100104
100113
100130
100132
100134
100145
100148
100156
100177
100177
100212
100219
100220
100247
100255
100289
100316
100326
100329
100331
100336
100349
100357
100372
100376
100377
100380
100400
100403
100409
100449
100457
100478
100485
100496
100498
100504
100508
100508
100516
100522
100542
100553
100554
100560
100567
100590
100593
100594
100599
100637
100637
100641
100660
100669
100670
100674
100708
100716
100718
100729
100741
100757
100764
100766
100780
100797
100800
100808
100814
100819
100825
100845
100862
100865
100877
100890
100891
100895
100895
100911
100917
100922
100927
100943
100950
100955
100958
100959
100963
100965
100990
100991
101002
101017
101049
101050
101053
101055
101077
101082
101086
101099
101099
101105
101110
101111
101113
101118
101120
101120
101123
101132
101143
101159
101164
101166
101191
101192
101200
101202
101215
101219
101227
101258
101262
101266
101286
101296
101300
101308
101318
101323
101363
101364
101378
101394
101412
101413
101415
101425
101458
101507
101531
101541
101576
101580
101611
101616
101628
101637
101638
101652
101671
101673
101674
101678
101679
101680
101682
101687
101701
101737
101737
101741
101748
101757
101798
101800
101808
101823
101826
101871
101871
101906
101917
101940
101950
101962
101969
101993
102010
102025
102033
102038
102039
102041
102057
102068
102069
102077
102103
102127
102129
102137
102137
102148
102150
102154
102161
102201
102204
102215
102244
102250
102250
102258
102265
102277
102278
102284
102288
102301
102303
102311
102321
102360
102361
102379
102387
102402
102404
102448
102449
102458
102470
102477
102484
102488
102499
102499
102506
102507
102507
102511
102520
102524
102527
102528
102534
102565
102565
102571
102576
102613
102617
102624
102648
102652
102655
102662
102665
102673
102684
102692
102700
102711
102712
102717
102719
102725
102731
102791
102792
102800
102802
102804
102805
102824
102829
102854
102858
102864
102865
102905
102906
102923
102925
102949
102976
102977
102978
103006
103013
103017
103032
103035
103039
103065
103076
103090
103092
103098
103103
103121
103131
103131
103144
103162
103189
103193
103222
103224
103225
103230
103230
103238
103242
103254
103259
103264
103273
103273
103281
103294
103305
103313
103316
103327
103332
103333
103365
103376
103386
103390
103404
103408
103409
103416
103428
103436
103437
103449
103454
103462
103468
103471
103474
103495
103510
103524
103565
103575
103576
103581
103587
103592
103594
103596
103598
103615
103620
103629
103680
103686
103696
103696
103725
103737
103753
103756
103802
103804
103818
103845
103847
103851
103858
103867
103888
103890
103891
103898
103899
103905
103906
103946
103955
103956
103985
103993
103995
103999
104002
104019
104027
104028
104041
104054
104060
104063
104077
104082
104087
104092
104095
104099
104107
104113
104124
104131
104136
104169
104169
104170
104172
104174
104182
104195
104196
104205
104206
104237
104245
104248
104249
104267
104286
104287
104317
104341
104352
104354
104360
104366
104366
104385
104394
104407
104434
104450
104461
104481
104485
104506
104518
104539
104545
104548
104556
104566
104569
104578
104603
104615
104617
104640
104641
104646
104663
104666
104673
104674
104712
104719
104720
104730
104759
104761
104766
104769
104772
104777
104779
104801
104803
104807
104821
104829
104829
104830
104830
104842
104847
104849
104909
104947
104986
104987
105011
105047
105050
105064
105074
105079
105104
105116
105141
105147
105148
105154
105157
105167
105172
105189
105192
105211
105243
105244
105255
105263
105265
105288
105307
105316
105317
105328
105345
105350
105351
105351
105363
105368
105378
105381
105400
105414
105427
105431
105438
105455
105472
105476
105477
105496
105518
105521
105521
105533
105540
105545
105546
105561
105577
105601
105607
105609
105612
105613
105621
105622
105646
105653
105656
105657
105658
105661
105666
105675
105685
105685
105702
105735
105736
105742
105748
105749
105752
105769
105789
105799
105815
105827
105829
105830
105846
105906
105908
105911
105954
105957
105967
105992
106003
106019
106041
106044
106047
106081
106091
106115
106118
106136
106139
106150
106165
106178
106198
106204
106210
106211
106227
106240
106243
106253
106260
106284
106286
106292
106294
106306
106306
106307
106312
106325
106331
106337
106356
106363
106365
106387
106388
106397
106428
106473
106505
106514
106519
106531
106545
106546
106547
106550
106573
106584
106586
106607
106629
106633
106637
106642
106643
106658
106659
106668
106689
106690
106692
106701
106713
106715
106718
106726
106727
106729
106729
106730
106735
106738
106742
106749
106751
106756
106767
106776
106776
106787
106793
106794
106794
106797
106817
106824
106837
106846
106886
106890
106904
106908
106911
106912
106915
106930
106941
106974
106978
106982
106984
106993
107000
107004
107023
107048
107051
107061
107061
107080
107091
107092
107108
107120
107122
107147
107152
107164
107165
107168
107175
107178
107181
107185
107207
107208
107223
107229
107241
107251
107270
107270
107293
107309
107316
107320
107323
107326
107334
107347
107354
107356
107376
107404
107404
107404
107408
107438
107441
107464
107476
107490
107491
107501
107507
107509
107510
107512
107531
107534
107536
107565
107579
107580
107607
107611
107615
107632
107636
107639
107641
107654
107690
107699
107712
107720
107736
107740
107744
107748
107748
107748
107754
107762
107787
107817
107817
107822
107839
107852
107864
107880
107887
107898
107904
107905
107908
107927
107932
107932
107938
107939
107965
107973
107980
107986
108004
108012
108035
108072
108073
108074
108075
108077
108089
108089
108119
108121
108131
108133
108153
108165
108165
108171
108172
108173
108184
108198
108209
108214
108216
108220
108278
108288
108289
108305
108305
108312
108345
108347
108355
108359
108375
108381
108387
108387
108392
108403
108416
108418
108420
108422
108422
108423
108424
108450
108468
108495
108537
108539
108548
108561
108562
108565
108566
108568
108577
108606
108611
108645
108657
108663
108676
108691
108706
108706
108712
108729
108737
108767
108770
108789
108791
108794
108826
108837
108843
108849
108854
108859
108865
108866
108875
108893
108897
108905
108927
108928
108932
108941
108980
109000
109010
109016
109018
109033
109036
109038
109042
109050
109080
109092
109097
109111
109114
109130
109133
109152
109157
109171
109179
109190
109191
109197
109200
109223
109228
109256
109259
109276
109288
109294
109309
109316
109326
109355
109361
109363
109383
109397
109399
109405
109409
109449
109450
109469
109492
109493
109494
109504
109513
109523
109523
109530
109540
109548
109556
109564
109584
109591
109605
109632
109658
109664
109675
109678
109698
109700
109732
109747
109762
109769
109787
109790
109813
109818
109829
109835
109835
109839
109841
109863
109868
109868
109891
109894
109900
109902
109903
109911
109913
109917
109919
109967
109967
109987
110001
110020
110036
110043
110045
110053
110056
110057
110063
110065
110065
110066
110076
110089
110098
110111
110120
110133
110133
110139
110145
110146
110157
110175
110178
110187
110201
110221
110223
110279
110280
110282
110295
110296
110296
110324
110334
110353
110390
110400
110410
110414
110422
110423
110424
110444
110447
110470
110494
110494
110496
110511
110517
110517
110524
110532
110559
110584
110602
110609
110672
110682
110686
110688
110696
110708
110713
110716
110736
110761
110769
110780
110782
110788
110821
110843
110858
110860
110870
110879
110904
110915
110920
110935
110935
110970
110972
110972
110985
110999
111000
111014
111017
111024
111026
111037
111042
111045
111046
111054
111056
111074
111093
111102
111103
111107
111112
111124
111129
111158
111161
111162
111164
111173
111174
111194
111194
111197
111205
111213
111222
111222
111236
111286
111289
111299
111303
111323
111323
111326
111327
111327
111330
111346
111346
111352
111357
111366
111376
111379
111389
111402
111408
111415
111438
111439
111445
111445
111451
111458
111463
111469
111476
111482
111485
111511
111521
111535
111537
111544
111554
111557
111561
111562
111565
111568
111570
111587
111590
111590
111619
111645
111646
111648
111662
111664
111680
111689
111711
111723
111730
111750
111754
111768
111774
111776
111781
111801
111806
111811
111821
111827
111838
111840
111852
111875
111885
111888
111904
111906
111907
111916
111916
111918
111922
111962
111963
111966
111977
111982
111982
111991
112009
112017
112024
112029
112032
112036
112059
112065
112070
112078
112092
112102
112133
112149
112181
112186
112189
112189
112196
112197
112222
112231
112241
112254
112275
112276
112317
112319
112341
112348
112393
112402
112444
112465
112469
112512
112515
112535
112551
112561
112565
112569
112582
112604
112605
112612
112623
112627
112632
112646
112646
112648
112650
112659
112661
112666
112676
112679
112703
112709
112772
112848
112852
112892
112907
112911
112915
112946
112954
112956
112958
112976
112987
113029
113035
113038
113038
113048
113060
113067
113068
113080
113083
113091
113098
113111
113162
113167
113182
113195
113198
113216
113220
113245
113259
113274
113310
113311
113321
113321
113325
113352
113364
113366
113371
113384
113393
113396
113410
113423
113431
113431
113447
113453
113459
113461
113461
113469
113471
113488
113489
113500
113514
113516
113518
113521
113547
113547
113560
113587
113594
113626
113640
113643
113671
113679
113700
113703
113706
113724
113729
113737
113760
113780
113784
113786
113798
113799
113809
113811
113811
113814
113816
113837
113874
113880
113883
113889
113906
113941
113961
113987
113988
113991
113994
113999
114000
114002
114009
114012
114027
114030
114038
114039
114046
114048
114060
114077
114085
114097
114109
114115
114116
114124
114124
114128
114137
114139
114153
114162
114163
114186
114197
114205
114211
114242
114253
114258
114261
114281
114315
114319
114332
114335
114359
114370
114383
114386
114391
114401
114430
114431
114432
114434
114444
114450
114461
114468
114475
114485
114491
114499
114504
114510
114528
114531
114534
114535
114556
114593
114605
114607
114616
114638
114643
114646
114647
114650
114672
114674
114674
114690
114695
114698
114701
114717
114734
114736
114740
114761
114774
114777
114794
114812
114815
114817
114823
114828
114832
114840
114856
114874
114885
114891
114899
114907
114915
114924
114932
114936
114938
114938
114946
114952
114955
114964
114966
114969
114983
114983
114989
115003
115007
115013
115015
115015
115019
115030
115044
115057
115078
115086
115092
115092
115100
115102
115104
115106
115113
115122
115122
115139
115158
115170
115173
115177
115191
115197
115202
115211
115218
115240
115249
115250
115252
115270
115276
115280
115285
115289
115294
115298
115309
115310
115313
115318
115321
115351
115355
115362
115368
115370
115387
115387
115388
115402
115405
115406
115422
115432
115436
115440
115446
115449
115466
115474
115478
115489
115499
115505
115515
115518
115527
115555
115558
115572
115572
115576
115578
115591
115593
115596
115619
115622
115634
115638
115640
115656
115659
115662
115662
115687
115693
115695
115698
115712
115749
115761
115762
115766
115779
115783
115791
115792
115793
115798
115800
115801
115823
115826
115834
115874
115890
115890
115898
115900
115963
115965
115975
115989
115996
115998
116000
116001
116019
116030
116055
116061
116062
116064
116064
116074
116078
116079
116080
116081
116091
116102
116103
116110
116119
116140
116143
116144
116153
116159
116171
116179
116183
116183
116184
116186
116200
116205
116224
116246
116246
116266
116270
116272
116282
116293
116298
116301
116303
116309
116310
116317
116328
116349
116366
116367
116386
116396
116398
116417
116426
116427
116446
116448
116471
116484
116489
116491
116505
116528
116546
116546
116554
116564
116589
116593
116594
116614
116614
116635
116636
116658
116658
116658
116659
116666
116679
116680
116689
116704
116705
116722
116744
116751
116758
116769
116772
116791
116803
116806
116810
116830
116832
116834
116841
116848
116848
116861
116869
116879
116887
116888
116904
116906
116913
116918
116918
116928
116935
116957
116978
116982
116985
116994
116998
117018
117019
117024
117031
117040
117042
117053
117054
117057
117058
117063
117070
117086
117094
117094
117099
117100
117111
117111
117119
117131
117133
117142
117162
117173
117178
117184
117186
117206
117242
117251
117258
117265
117279
117313
117322
117331
117334
117370
117371
117380
117383
117393
117406
117429
117435
117439
117448
117467
117483
117483
117485
117491
117495
117505
117512
117514
117515
117519
117542
117569
117592
117605
117608
117611
117615
117625
117625
117666
117666
117667
117672
117676
117698
117715
117721
117724
117734
117742
117745
117747
117765
117766
117768
117768
117795
117796
117818
117820
117828
117831
117833
117843
117849
117853
117871
117893
117915
117956
117959
117965
117971
117977
117983
118002
118007
118014
118025
118027
118028
118048
118048
118054
118082
118098
118098
118107
118112
118133
118156
118161
118193
118215
118226
118234
118245
118251
118257
118263
118284
118284
118284
118290
118309
118311
118316
118318
118319
118322
118330
118346
118364
118379
118383
118414
118422
118438
118447
118451
118455
118464
118466
118467
118474
118476
118478
118481
118481
118483
118484
118490
118491
118509
118519
118526
118533
118538
118543
118549
118550
118559
118573
118576
118577
118580
118584
118589
118591
118593
118596
118622
118626
118630
118642
118649
118660
118667
118670
118672
118684
118690
118702
118720
118727
118757
118776
118779
118788
118790
118793
118801
118806
118821
118827
118832
118841
118852
118890
118903
118920
118922
118946
118957
118958
118963
118967
118970
118984
118999
119002
119015
119026
119026
119027
119034
119035
119039
119074
119090
119098
119114
119115
119126
119129
119153
119157
119157
119162
119169
119184
119187
119195
119213
119218
119220
119228
119244
119247
119256
119283
119291
119306
119324
119333
119337
119337
119343
119358
119369
119380
119398
119402
119410
119421
119427
119446
119457
119464
119465
119511
119518
119540
119555
119594
119595
119628
119657
119661
119664
119696
119705
119716
119719
119728
119730
119731
119735
119741
119741
119742
119742
119743
119765
119772
119785
119787
119788
119825
119845
119851
119854
119858
119891
119892
119904
119906
119906
119909
119913
119918
119924
119939
119940
119942
119955
119968
119983
119998
120002
120016
120020
120023
120027
120033
120034
120040
120041
120049
120054
120057
120063
120067
120072
120073
120082
120083
120084
120088
120091
120092
120105
120114
120119
120119
120131
120152
120158
120172
120192
120199
120217
120225
120232
120248
120265
120274
120294
120326
120340
120356
120360
120366
120367
120373
120373
120377
120384
120418
120419
120446
120463
120479
120481
120485
120488
120496
120496
120514
120521
120533
120548
120551
120551
120558
120562
120565
120590
120600
120610
120615
120618
120621
120647
120661
120679
120684
120688
120690
120709
120716
120762
120770
120770
120802
120827
120843
120850
120853
120855
120859
120878
120879
120883
120884
120896
120906
120909
120911
120911
120916
120926
120927
120929
120933
120933
120933
120933
120934
120937
120939
120942
120946
120966
120966
120985
120991
121016
121016
121016
121039
121041
121054
121058
121062
121082
121089
121093
121095
121105
121118
121127
121130
121157
121161
121179
121182
121191
121210
121213
121248
121252
121266
121312
121351
121369
121380
121401
121433
121454
121473
121475
121484
121486
121507
121512
121534
121536
121538
121549
121561
121562
121563
121593
121598
121600
121635
121672
121678
121680
121701
121709
121711
121719
121725
121737
121745
121746
121749
121756
121764
121795
121798
121803
121804
121806
121818
121822
121830
121835
121838
121839
121848
121865
121881
121883
121895
121907
121916
121936
121950
121953
121959
121978
121981
121997
122003
122009
122013
122022
122045
122051
122068
122110
122116
122118
122121
122122
122136
122136
122138
122145
122156
122165
122168
122170
122197
122202
122206
122215
122224
122244
122247
122249
122251
122264
122303
122309
122312
122314
122319
122337
122399
122407
122408
122409
122410
122415
122416
122424
122440
122483
122497
122497
122499
122511
122551
122552
122553
122559
122586
122632
122660
122663
122667
122674
122675
122678
122690
122707
122707
122769
122774
122813
122814
122816
122825
122830
122850
122851
122852
122855
122875
122878
122879
122883
122896
122902
122931
122953
122959
122982
122998
123004
123004
123037
123042
123055
123056
123089
123098
123110
123114
123115
123149
123175
123200
123206
123208
123223
123225
123245
123248
123252
123252
123290
123297
123302
123317
123319
123321
123331
123334
123350
123374
123381
123401
123414
123417
123421
123431
123443
123443
123447
123454
123478
123489
123490
123497
123497
123502
123528
123550
123562
123565
123579
123583
123586
123600
123604
123613
123616
123629
123637
123647
123653
123654
123681
123702
123713
123717
123732
123747
123756
123757
123761
123786
123794
123814
123848
123849
123857
123871
123896
123917
123944
123952
123952
123956
123958
123971
123987
124013
124021
124055
124064
124065
124082
124089
124094
124100
124112
124114
124129
124155
124163
124183
124187
124188
124198
124206
124233
124249
124256
124282
124293
124303
124304
124310
124312
124329
124343
124367
124372
124375
124377
124392
124394
124396
124413
124416
124435
124447
124454
124463
124468
124479
124481
124481
124488
124493
124500
124504
124537
124537
124538
124566
124584
124587
124607
124624
124640
124642
124644
124664
124664
124683
124686
124694
124718
124728
124729
124730
124732
124736
124738
124745
124755
124790
124806
124813
124818
124827
124832
124862
124868
124906
124909
124916
124930
124938
124966
124976
124977
124998
125020
125032
125049
125050
125051
125052
125055
125068
125071
125079
125098
125111
125113
125117
125119
125121
125123
125149
125153
125157
125158
125161
125172
125183
125193
125202
125204
125216
125218
125220
125221
125225
125225
125227
125252
125252
125255
125279
125287
125292
125297
125310
125319
125321
125323
125333
125338
125375
125389
125408
125415
125427
125428
125436
125453
125455
125456
125462
125466
125466
125484
125486
125487
125488
125491
125529
125529
125529
125539
125548
125549
125551
125565
125583
125584
125592
125603
125605
125608
125632
125637
125666
125670
125684
125701
125722
125737
125743
125750
125753
125766
125790
125795
125797
125798
125813
125816
125843
125844
125845
125889
125904
125912
125914
125932
125937
125940
125949
125952
125953
125954
125978
125986
126001
126005
126014
126028
126033
126036
126036
126048
126051
126065
126067
126070
126070
126074
126090
126093
126096
126113
126140
126144
126146
126146
126147
126164
126165
126188
126191
126206
126207
126220
126235
126253
126271
126273
126312
126343
126347
126350
126351
126405
126412
126420
126435
126453
126461
126461
126491
126515
126521
126524
126528
126533
126535
126548
126552
126553
126567
126585
126607
126612
126632
126635
126642
126646
126691
126692
126698
126698
126698
126701
126705
126722
126725
126730
126732
126740
126749
126768
126775
126777
126777
126788
126795
126799
126803
126815
126816
126820
126822
126826
126836
126846
126849
126859
126869
126876
126880
126884
126889
126890
126902
126918
126920
126935
126937
126962
126979
126982
126985
127006
127006
127012
127039
127041
127041
127051
127064
127074
127077
127081
127083
127089
127108
127109
127120
127125
127127
127129
127154
127161
127162
127163
127172
127183
127190
127192
127219
127221
127233
127238
127250
127256
127260
127263
127270
127284
127292
127295
127295
127300
127319
127329
127335
127341
127351
127359
127378
127381
127383
127387
127390
127392
127400
127401
127409
127412
127413
127420
127436
127436
127447
127454
127491
127509
127510
127512
127520
127528
127529
127533
127552
127555
127559
127583
127596
127597
127607
127613
127636
127640
127675
127677
127689
127695
127698
127714
127717
127755
127759
127775
127775
127809
127832
127851
127884
127896
127905
127921
127937
127950
127989
128002
128002
128005
128011
128031
128035
128041
128060
128061
128062
128066
128074
128075
128081
128081
128099
128122
128125
128125
128130
128140
128141
128144
128147
128154
128156
128171
128179
128190
128195
128195
128196
128216
128217
128223
128224
128224
128248
128288
128299
128323
128336
128356
128356
128357
128364
128381
128382
128383
128388
128395
128413
128433
128434
128436
128439
128443
128444
128452
128468
128484
128502
128517
128531
128531
128539
128559
128563
128568
128569
128571
128594
128595
128598
128609
128611
128624
128625
128653
128664
128665
128679
128688
128712
128712
128726
128727
128730
128745
128749
128765
128776
128797
128813
128818
128824
128824
128840
128845
128846
128850
128851
128853
128853
128859
128885
128885
128909
128912
128926
128927
128931
128931
128932
128944
128950
128958
128958
128963
128977
128996
129007
129045
129046
129060
129063
129065
129077
129120
129123
129137
129149
129153
129156
129179
129195
129217
129222
129230
129242
129243
129244
129251
129310
129320
129324
129327
129331
129344
129376
129391
129394
129398
129406
129413
129427
129430
129445
129447
129448
129453
129470
129475
129486
129512
129530
129532
129560
129576
129584
129588
129591
129597
129603
129611
129621
129630
129632
129642
129663
129692
129706
129714
129735
129752
129765
129786
129793
129845
129863
129883
129899
129928
129930
129941
129964
129985
130003
130017
130018
130021
130028
130066
130073
130078
130082
130088
130091
130092
130095
130112
130145
130153
130176
130178
130179
130182
130182
130195
130214
130217
130226
130243
130254
130256
130256
130264
130269
130282
130288
130288
130291
130293
130297
130311
130339
130341
130350
130365
130370
130373
130386
130423
130428
130440
130443
130446
130475
130484
130492
130509
130510
130513
130514
130536
130539
130562
130564
130573
130577
130587
130593
130603
130623
130646
130650
130654
130661
130675
130676
130680
130690
130726
130728
130729
130736
130768
130776
130794
130805
130808
130824
130829
130831
130846
130846
130849
130864
130873
130873
130882
130886
130900
130923
130924
130931
130934
130937
130937
130951
130961
130979
130988
130989
130997
131027
131027
131048
131055
131065
131070
131074
131084
131111
131118
131127
131127
131127
131132
131134
131137
131139
131140
131142
131156
131158
131168
131211
131215
131216
131221
131228
131249
131250
131256
131262
131275
131285
131300
131312
131328
131328
131343
131368
131370
131370
131381
131384
131385
131389
131397
131414
131444
131446
131468
131476
131479
131483
131483
131487
131495
131507
131519
131531
131535
131545
131556
131557
131560
131568
131581
131585
131600
131607
131640
131649
131679
131701
131703
131706
131708
131725
131726
131731
131733
131739
131754
131759
131782
131790
131797
131799
131803
131811
131814
131819
131835
131840
131843
131874
131875
131876
131888
131911
131914
131914
131922
131937
131942
131957
131981
131981
131984
131984
131986
131990
131997
132010
132017
132023
132024
132047
132049
132056
132062
132076
132077
132095
132097
132098
132099
132124
132128
132129
132151
132169
132175
132188
132199
132199
132207
132208
132212
132231
132242
132248
132255
132256
132258
132263
132266
132273
132298
132301
132306
132316
132329
132331
132334
132343
132345
132366
132418
132424
132432
132449
132455
132466
132467
132468
132469
132505
132513
132520
132529
132529
132536
132543
132554
132583
132594
132597
132605
132609
132614
132631
132640
132641
132652
132655
132665
132674
132692
132710
132717
132718
132726
132746
132762
132769
132770
132772
132773
132776
132788
132791
132805
132806
132822
132823
132825
132839
132842
132844
132845
132845
132849
132855
132880
132884
132905
132906
132915
132925
132928
132936
132938
132943
132956
132960
132966
132999
133003
133011
133046
133050
133080
133088
133091
133114
133165
133242
133266
133278
133291
133291
133294
133302
133303
133311
133333
133362
133378
133386
133390
133391
133407
133408
133419
133429
133455
133456
133458
133477
133501
133509
133511
133516
133535
133537
133543
133555
133566
133566
133569
133579
133588
133589
133593
133602
133602
133614
133620
133629
133637
133646
133664
133666
133668
133675
133683
133701
133701
133710
133711
133731
133743
133752
133769
133805
133806
133809
133826
133861
133866
133872
133889
133895
133910
133912
133925
133949
133966
133997
133997
134003
134004
134037
134051
134054
134069
134072
134075
134078
134079
134079
134083
134108
134128
134135
134141
134168
134178
134186
134193
134203
134213
134220
134321
134327
134330
134353
134355
134368
134375
134383
134387
134389
134394
134398
134411
134421
134432
134432
134439
134439
134441
134450
134456
134474
134482
134489
134498
134514
134518
134572
134572
134576
134577
134587
134615
134624
134630
134634
134640
134680
134681
134681
134717
134734
134750
134764
134766
134770
134778
134808
134812
134821
134833
134855
134864
134895
134903
134937
134947
134950
134958
134967
134967
134981
134986
135001
135007
135047
135071
135071
135083
135084
135087
135100
135111
135130
135158
135164
135167
135179
135184
135185
135198
135200
135213
135222
135225
135242
135252
135268
135277
135302
135304
135313
135337
135352
135361
135376
135381
135386
135402
135405
135408
135408
135423
135424
135443
135448
135475
135483
135484
135486
135499
135507
135512
135536
135541
135550
135566
135569
135572
135596
135601
135605
135618
135621
135624
135633
135638
135638
135682
135683
135691
135691
135711
135715
135715
135753
135773
135773
135785
135789
135793
135796
135813
135818
135825
135840
135848
135864
135876
135877
135884
135887
135899
135926
135926
135927
135950
135969
135976
135979
135980
135986
135995
136004
136010
136010
136018
136019
136034
136036
136042
136044
136049
136082
136102
136107
136133
136139
136141
136145
136151
136169
136175
136199
136201
136226
136226
136254
136298
136303
136304
136323
136343
136367
136396
136416
136461
136469
136480
136487
136505
136506
136520
136521
136539
136542
136555
136568
136581
136592
136594
136601
136601
136602
136608
136610
136613
136615
136618
136626
136630
136645
136653
136661
136675
136693
136695
136695
136708
136714
136724
136735
136740
136740
136743
136752
136752
136761
136792
136793
136798
136800
136804
136811
136835
136835
136837
136858
136866
136877
136880
136897
136934
136949
136951
136969
136975
137007
137014
137025
137036
137042
137059
137060
137095
137108
137128
137166
137178
137195
137205
137208
137221
137224
137230
137241
137244
137250
137253
137256
137285
137292
137302
137305
137317
137323
137344
137365
137368
137373
137385
137386
137397
137402
137413
137422
137428
137437
137456
137472
137487
137488
137506
137506
137537
137538
137543
137548
137550
137551
137566
137566
137580
137587
137589
137605
137612
137614
137639
137646
137661
137675
137690
137691
137704
137710
137719
137724
137729
137739
137748
137764
137778
137812
137819
137835
137867
137908
137911
137944
137973
138046
138054
138056
138068
138079
138082
138091
138122
138124
138131
138134
138143
138144
138148
138158
138159
138168
138177
138184
138186
138190
138204
138205
138211
138215
138220
138225
138243
138256
138264
138265
138281
138296
138306
138324
138325
138331
138340
138340
138378
138383
138394
138397
138410
138410
138415
138444
138448
138452
138462
138469
138486
138503
138509
138514
138518
138534
138555
138567
138593
138597
138599
138609
138612
138635
138646
138652
138652
138678
138681
138693
138734
138763
138764
138774
138777
138778
138807
138811
138818
138820
138823
138825
138831
138833
138843
138866
138908
138931
138951
138955
138960
138962
138990
138995
138999
139007
139014
139037
139041
139048
139058
139082
139094
139115
139140
139155
139164
139164
139168
139187
139199
139201
139210
139234
139239
139245
139246
139258
139285
139298
139310
139315
139317
139324
139331
139349
139365
139367
139377
139384
139390
139396
139397
139403
139412
139414
139420
139421
139458
139462
139473
139483
139484
139503
139507
139513
139516
139522
139540
139541
139560
139578
139579
139584
139584
139593
139597
139599
139608
139610
139622
139624
139627
139634
139645
139676
139680
139707
139717
139732
139745
139746
139750
139756
139764
139768
139777
139779
139795
139796
139802
139826
139827
139835
139874
139897
139919
139919
139944
139962
139963
139995
140018
140036
140043
140070
140093
140113
140116
140122
140129
140131
140132
140147
140155
140172
140175
140180
140181
140202
140209
140210
140212
140218
140233
140233
140248
140279
140291
140301
140302
140302
140332
140347
140361
140363
140370
140429
140432
140432
140440
140459
140477
140499
140502
140502
140516
140525
140525
140526
140530
140534
140570
140584
140585
140592
140597
140603
140614
140644
140677
140697
140698
140702
140708
140709
140709
140720
140731
140733
140785
140790
140801
140808
140811
140822
140823
140840
140846
140878
140878
140927
140943
140949
140951
140968
140995
141005
141018
141024
141029
141030
141049
141059
141071
141096
141131
141144
141148
141153
141158
141171
141181
141197
141200
141206
141219
141219
141221
141236
141258
141261
141261
141262
141272
141314
141314
141322
141323
141329
141346
141346
141361
141373
141378
141379
141383
141386
141390
141399
141419
141421
141445
141478
141486
141500
141502
141505
141510
141516
141520
141522
141537
141539
141562
141569
141579
141587
141587
141619
141622
141667
141683
141708
141722
141729
141730
141732
141756
141795
141796
141802
141805
141820
141831
141832
141832
141844
141849
141850
141862
141894
141920
141924
141929
141945
141949
141953
141954
141959
141969
141973
141976
141982
141982
141993
142026
142033
142050
142053
142054
142076
142077
142083
142090
142106
142108
142118
142120
142136
142142
142145
142157
142195
142215
142218
142228
142242
142254
142256
142260
142273
142297
142299
142300
142312
142317
142319
142321
142329
142330
142331
142333
142341
142354
142356
142364
142383
142394
142422
142430
142431
142459
142463
142470
142472
142472
142476
142481
142484
142496
142503
142506
142512
142562
142583
142603
142604
142620
142662
142677
142686
142700
142709
142718
142724
142731
142733
142753
142772
142789
142794
142801
142824
142841
142846
142869
142873
142877
142879
142888
142889
142891
142916
142923
142952
142954
142955
142962
142988
142999
142999
143000
143008
143012
143021
143048
143067
143074
143074
143082
143088
143092
143119
143123
143123
143166
143167
143168
143193
143194
143205
143205
143212
143223
143281
143290
143295
143296
143345
143345
143359
143360
143365
143370
143374
143374
143383
143386
143397
143408
143408
143410
143435
143443
143444
143476
143503
143513
143514
143515
143527
143536
143539
143550
143571
143608
143608
143608
143611
143612
143616
143625
143645
143647
143649
143650
143653
143658
143665
143689
143696
143696
143712
143717
143724
143753
143758
143769
143778
143794
143796
143824
143825
143833
143839
143844
143847
143851
143853
143871
143881
143882
143888
143892
143901
143907
143915
143921
143933
143945
143946
143954
143963
143966
143971
143987
143996
144004
144007
144015
144027
144045
144058
144074
144093
144094
144099
144104
144111
144119
144121
144130
144132
144147
144153
144167
144170
144180
144181
144184
144190
144220
144220
144244
144254
144271
144282
144285
144287
144306
144385
144411
144440
144444
144450
144451
144453
144463
144467
144467
144470
144500
144502
144503
144505
144521
144524
144526
144536
144546
144551
144558
144560
144572
144577
144578
144578
144593
144631
144633
144647
144662
144675
144697
144711
144720
144725
144729
144730
144743
144750
144755
144762
144765
144777
144785
144786
144788
144798
144799
144804
144806
144840
144843
144845
144848
144877
144893
144911
144912
144940
144951
144953
144954
144961
144980
144994
144996
145000
145019
145021
145029
145038
145041
145057
145057
145063
145079
145085
145115
145117
145133
145152
145195
145198
145200
145203
145225
145236
145237
145241
145242
145250
145251
145260
145303
145306
145314
145318
145338
145341
145341
145351
145358
145370
145370
145375
145375
145379
145380
145386
145388
145406
145414
145422
145431
145447
145452
145478
145488
145528
145532
145550
145554
145575
145587
145593
145600
145605
145606
145638
145652
145653
145671
145677
145712
145730
145743
145755
145756
145778
145779
145784
145785
145793
145803
145814
145816
145835
145866
145898
145914
145941
145963
145976
145979
145981
145981
145985
146006
146008
146012
146018
146023
146032
146041
146045
146048
146063
146075
146078
146079
146103
146122
146135
146147
146158
146172
146174
146200
146205
146207
146210
146214
146220
146238
146242
146283
146328
146331
146368
146401
146425
146425
146425
146428
146430
146430
146433
146435
146438
146447
146449
146450
146456
146461
146470
146477
146478
146486
146515
146532
146546
146563
146566
146567
146583
146594
146594
146677
146678
146684
146699
146700
146708
146711
146713
146715
146718
146731
146733
146735
146755
146797
146829
146835
146850
146858
146869
146880
146881
146894
146909
146910
146934
146946
146953
146961
146971
146977
146980
146993
147003
147030
147040
147055
147069
147070
147071
147077
147101
147103
147122
147132
147136
147137
147154
147168
147169
147172
147183
147195
147201
147204
147210
147215
147227
147230
147248
147258
147262
147266
147274
147274
147311
147323
147339
147354
147356
147356
147362
147362
147368
147370
147379
147392
147400
147405
147409
147415
147418
147424
147432
147433
147439
147459
147465
147486
147487
147518
147521
147524
147526
147531
147535
147536
147549
147553
147555
147571
147586
147604
147613
147616
147621
147624
147628
147629
147642
147661
147680
147682
147684
147687
147695
147700
147713
147734
147734
147747
147765
147799
147803
147811
147812
147827
147829
147847
147855
147860
147865
147898
147907
147914
147915
147924
147929
147938
147964
147974
147974
147975
147986
147994
147995
148000
148016
148019
148022
148032
148050
148053
148054
148059
148063
148081
148085
148117
148125
148132
148141
148158
148159
148160
148163
148168
148181
148197
148206
148206
148214
148216
148226
148233
148252
148252
148257
148260
148264
148265
148269
148271
148295
148302
148305
148309
148310
148316
148324
148359
148376
148380
148393
148397
148402
148402
148409
148413
148419
148428
148441
148447
148459
148468
148472
148477
148477
148512
148519
148520
148524
148528
148553
148559
148562
148584
148595
148605
148606
148622
148631
148635
148655
148667
148668
148679
148696
148704
148708
148748
148759
148765
148766
148770
148774
148787
148804
148808
148810
148814
148838
148846
148847
148886
148889
148893
148908
148936
148947
148968
148971
148974
148984
148985
148986
149000
149014
149016
149058
149061
149062
149076
149087
149088
149092
149094
149104
149110
149122
149123
149154
149156
149176
149179
149181
149186
149186
149205
149208
149209
149227
149235
149240
149272
149272
149286
149294
149302
149303
149311
149334
149376
149377
149380
149411
149413
149416
149444
149452
149454
149455
149456
149479
149494
149498
149506
149513
149534
149538
149546
149579
149600
149602
149609
149614
149620
149626
149630
149672
149682
149683
149693
149701
149710
149714
149715
149724
149736
149743
149758
149761
149780
149804
149811
149813
149825
149842
149856
149908
149910
149989
150009
150053
150056
150057
150059
150059
150065
150068
150070
150081
150088
150108
150124
150126
150132
150132
150144
150167
150181
150190
150195
150215
150219
150231
150235
150251
150255
150259
150271
150279
150285
150323
150323
150325
150366
150380
150386
150390
150397
150400
150408
150414
150419
150425
150434
150441
150459
150465
150473
150479
150481
150493
150503
150505
150505
150511
150521
150528
150576
150587
150604
150624
150627
150647
150650
150662
150679
150680
150691
150699
150708
150716
150728
150730
150743
150748
150758
150759
150761
150766
150778
150791
150791
150799
150828
150839
150853
150859
150895
150898
150903
150919
150930
150936
150966
150979
150984
150997
151005
151012
151033
151044
151051
151054
151098
151120
151135
151145
151151
151159
151182
151195
151200
151212
151213
151216
151221
151222
151225
151228
151232
151233
151240
151250
151264
151271
151275
151284
151289
151295
151303
151314
151372
151385
151389
151407
151415
151421
151428
151439
151473
151473
151483
151508
151518
151526
151527
151529
151552
151566
151583
151583
151590
151656
151659
151659
151664
151678
151683
151700
151716
151718
151725
151737
151754
151757
151767
151775
151786
151817
151818
151844
151859
151870
151889
151896
151902
151914
151923
151925
151937
151948
151976
151985
152018
152033
152045
152054
152054
152080
152085
152104
152109
152129
152146
152161
152172
152177
152181
152182
152198
152202
152203
152205
152208
152220
152236
152236
152244
152253
152255
152262
152262
152270
152285
152293
152299
152307
152318
152324
152337
152339
152340
152364
152375
152409
152418
152422
152440
152453
152459
152471
152489
152495
152502
152518
152538
152546
152555
152556
152563
152570
152573
152575
152579
152588
152600
152620
152622
152649
152664
152670
152710
152751
152755
152769
152809
152818
152827
152828
152840
152847
152862
152863
152866
152871
152878
152881
152883
152888
152892
152920
152923
152934
152937
152939
152941
152943
152951
152953
152961
152961
152975
152989
153002
153006
153010
153030
153039
153043
153047
153061
153070
153071
153073
153115
153139
153143
153146
153157
153159
153172
153185
153204
153242
153246
153250
153252
153257
153270
153284
153291
153294
153300
153314
153319
153325
153330
153330
153331
153339
153346
153356
153362
153363
153368
153382
153386
153407
153432
153434
153451
153452
153486
153500
153525
153547
153547
153548
153577
153581
153588
153603
153628
153664
153668
153687
153698
153726
153741
153753
153757
153767
153774
153791
153791
153799
153812
153812
153862
153864
153895
153900
153906
153906
153923
153923
153928
153932
153935
153946
153949
153952
153971
153972
153973
153975
153991
153992
153993
154004
154015
154015
154064
154083
154096
154100
154116
154134
154135
154139
154148
154180
154184
154201
154202
154209
154212
154214
154218
154225
154251
154251
154262
154284
154325
154344
154360
154373
154405
154410
154416
154428
154435
154442
154444
154450
154451
154453
154456
154470
154480
154489
154503
154514
154517
154528
154546
154549
154554
154563
154563
154573
154574
154578
154583
154585
154602
154612
154614
154617
154618
154628
154646
154653
154682
154692
154705
154711
154714
154722
154722
154739
154751
154754
154764
154765
154777
154796
154800
154819
154822
154828
154831
154834
154842
154852
154860
154900
154907
154911
154913
154916
154917
154921
154921
154927
154930
154937
154956
154962
154962
154979
154985
154993
154993
155009
155021
155023
155027
155030
155031
155035
155039
155053
155065
155091
155093
155095
155110
155120
155121
155124
155130
155137
155139
155157
155193
155202
155244
155244
155264
155270
155289
155305
155324
155334
155338
155393
155404
155416
155417
155420
155425
155431
155453
155473
155477
155483
155483
155507
155513
155523
155527
155546
155549
155553
155553
155555
155562
155566
155593
155608
155624
155630
155631
155651
155667
155675
155675
155694
155712
155717
155728
155735
155761
155769
155793
155810
155814
155823
155845
155869
155877
155887
155887
155900
155905
155911
155923
155930
155941
155962
155970
155979
155984
156017
156037
156081
156084
156085
156093
156105
156107
156133
156136
156140
156152
156158
156159
156171
156183
156191
156200
156208
156220
156230
156232
156244
156248
156251
156258
156276
156284
156295
156298
156301
156303
156313
156319
156334
156384
156385
156393
156419
156428
156431
156438
156448
156463
156468
156470
156480
156486
156498
156516
156531
156542
156578
156579
156585
156590
156602
156604
156607
156614
156632
156644
156657
156659
156678
156689
156703
156705
156708
156720
156721
156749
156782
156789
156805
156816
156822
156829
156853
156880
156887
156911
156912
156918
156934
156940
156949
156951
156954
156966
156982
157017
157021
157033
157035
157037
157045
157050
157073
157088
157091
157095
157107
157110
157132
157132
157145
157172
157183
157184
157193
157198
157218
157221
157245
157245
157248
157254
157269
157272
157275
157285
157292
157294
157295
157308
157338
157353
157358
157365
157370
157380
157381
157396
157407
157412
157428
157430
157430
157430
157441
157444
157449
157466
157490
157496
157503
157505
157514
157519
157520
157522
157527
157534
157535
157537
157537
157543
157566
157631
157645
157667
157686
157687
157691
157714
157731
157810
157811
157830
157876
157878
157898
157917
157922
157923
157926
157934
157937
157944
157946
157973
157984
158006
158016
158017
158021
158023
158033
158037
158040
158041
158058
158067
158074
158079
158081
158087
158092
158100
158114
158128
158146
158169
158172
158176
158188
158189
158193
158196
158207
158209
158246
158248
158251
158254
158271
158283
158304
158307
158326
158326
158328
158331
158335
158341
158346
158353
158360
158376
158381
158390
158393
158395
158403
158409
158422
158425
158453
158454
158454
158455
158459
158460
158460
158480
158494
158494
158497
158509
158518
158534
158547
158556
158556
158560
158570
158581
158585
158586
158598
158605
158666
158667
158681
158699
158715
158717
158755
158757
158757
158768
158771
158777
158778
158792
158799
158800
158811
158814
158818
158822
158823
158834
158845
158848
158871
158872
158882
158898
158913
158932
158933
158942
158944
158949
158972
158978
158985
158990
159000
159014
159029
159033
159035
159036
159047
159057
159058
159061
159063
159086
159090
159101
159102
159119
159126
159129
159136
159138
159142
159151
159155
159161
159186
159196
159199
159208
159240
159241
159245
159252
159255
159255
159256
159279
159280
159285
159310
159337
159337
159343
159353
159355
159370
159374
159392
159395
159407
159410
159414
159429
159430
159433
159436
159455
159466
159470
159486
159488
159488
159499
159518
159540
159554
159584
159589
159601
159609
159610
159618
159620
159631
159656
159660
159668
159688
159693
159709
159740
159747
159761
159763
159770
159790
159792
159808
159813
159814
159824
159831
159833
159850
159854
159858
159876
159900
159912
159921
159950
159953
159975
159980
160030
160057
160068
160072
160072
160083
160089
160092
160101
160107
160110
160113
160114
160117
160128
160130
160134
160143
160148
160175
160175
160204
160204
160219
160231
160232
160256
160258
160281
160283
160329
160335
160337
160340
160353
160355
160362
160365
160376
160379
160405
160408
160420
160424
160443
160458
160461
160466
160488
160501
160506
160510
160513
160521
160524
160528
160549
160551
160553
160563
160563
160569
160573
160608
160611
160615
160639
160661
160664
160679
160688
160692
160696
160699
160719
160720
160744
160747
160757
160766
160771
160775
160784
160786
160792
160798
160806
160822
160833
160837
160869
160873
160892
160905
160914
160917
160949
160956
160956
160979
160980
161010
161035
161048
161052
161061
161077
161088
161092
161137
161140
161141
161150
161183
161192
161193
161196
161208
161216
161220
161254
161267
161317
161334
161337
161349
161359
161360
161375
161378
161380
161403
161406
161413
161437
161447
161459
161461
161483
161494
161499
161500
161512
161544
161548
161550
161560
161562
161574
161579
161581
161583
161586
161597
161608
161625
161629
161634
161636
161637
161659
161659
161675
161698
161699
161700
161711
161725
161726
161763
161776
161795
161829
161860
161861
161875
161897
161912
161916
161918
161926
161927
161967
161970
161987
162001
162002
162003
162019
162019
162024
162029
162051
162056
162059
162062
162072
162087
162089
162143
162158
162163
162164
162168
162181
162186
162212
162217
162227
162248
162268
162287
162293
162296
162296
162317
162332
162351
162357
162358
162359
162389
162395
162403
162457
162496
162506
162515
162517
162522
162531
162550
162558
162566
162569
162573
162609
162609
162619
162628
162632
162632
162645
162645
162648
162649
162661
162691
162693
162704
162707
162711
162722
162729
162735
162739
162757
162766
162771
162772
162774
162790
162790
162833
162839
162867
162885
162936
162940
162947
162954
162956
162966
162987
163000
163004
163016
163023
163025
163037
163050
163063
163109
163110
163113
163121
163122
163123
163138
163139
163141
163143
163144
163158
163159
163176
163179
163203
163210
163216
163224
163225
163234
163241
163242
163256
163264
163265
163291
163313
163315
163316
163317
163339
163339
163349
163353
163358
163362
163371
163376
163379
163379
163388
163400
163401
163402
163475
163493
163493
163505
163510
163516
163525
163534
163535
163539
163545
163550
163562
163564
163565
163593
163605
163637
163651
163665
163671
163689
163701
163708
163713
163717
163723
163729
163730
163748
163759
163774
163777
163790
163791
163795
163796
163816
163842
163875
163885
163888
163918
163924
163927
163933
163953
163966
163972
163988
164007
164015
164038
164040
164047
164048
164052
164069
164087
164104
164107
164114
164128
164148
164159
164169
164170
164171
164175
164188
164190
164212
164227
164234
164268
164269
164318
164322
164349
164350
164421
164426
164430
164434
164445
164457
164459
164464
164466
164489
164506
164507
164510
164511
164514
164524
164525
164532
164540
164545
164552
164588
164609
164610
164621
164627
164632
164657
164660
164678
164678
164695
164714
164719
164735
164740
164751
164767
164774
164776
164795
164795
164796
164805
164806
164813
164821
164827
164849
164862
164874
164877
164880
164881
164883
164901
164902
164926
164949
164951
164964
164981
164983
164993
165010
165020
165025
165027
165035
165038
165043
165055
165059
165062
165069
165070
165072
165072
165075
165091
165091
165098
165099
165109
165140
165169
165171
165192
165204
165215
165224
165226
165233
165240
165257
165289
165291
165296
165306
165313
165317
165344
165358
165359
165366
165386
165404
165408
165429
165430
165430
165436
165447
165454
165456
165478
165480
165484
165489
165505
165507
165545
165551
165567
165582
165583
165597
165608
165613
165634
165648
165669
165679
165687
165689
165703
165717
165722
165758
165767
165768
165769
165778
165787
165788
165790
165796
165820
165840
165841
165846
165849
165856
165874
165893
165895
165908
165924
165939
165943
165949
165955
165963
165972
165983
165994
166011
166026
166037
166048
166051
166059
166068
166078
166081
166111
166113
166117
166122
166147
166148
166164
166173
166174
166177
166197
166218
166227
166237
166245
166261
166264
166270
166271
166287
166289
166312
166314
166314
166315
166336
166359
166377
166377
166386
166393
166394
166398
166400
166405
166417
166421
166442
166485
166489
166496
166551
166570
166576
166589
166592
166597
166610
166610
166614
166614
166626
166630
166644
166667
166668
166674
166676
166676
166686
166711
166714
166720
166761
166769
166780
166783
166787
166788
166793
166808
166821
166821
166828
166836
166839
166843
166845
166852
166859
166862
166899
166922
166943
166948
166949
166956
166973
166986
166986
166989
166990
167003
167022
167029
167039
167040
167042
167067
167073
167094
167110
167110
167112
167115
167117
167148
167157
167165
167175
167176
167213
167215
167220
167241
167250
167251
167266
167268
167269
167275
167292
167320
167330
167332
167344
167355
167356
167372
167390
167397
167401
167405
167417
167437
167443
167459
167491
167512
167530
167550
167587
167592
167637
167663
167669
167673
167682
167683
167713
167729
167735
167750
167759
167764
167803
167812
167815
167825
167827
167827
167829
167863
167874
167891
167897
167916
167922
167929
167944
167945
167953
167956
167965
167969
167972
167980
167990
167993
168006
168024
168026
168028
168040
168051
168061
168066
168084
168088
168102
168107
168110
168123
168124
168124
168127
168152
168155
168165
168170
168177
168178
168185
168202
168206
168233
168237
168239
168243
168259
168264
168278
168278
168288
168290
168306
168311
168311
168325
168326
168330
168357
168373
168375
168376
168389
168398
168426
168432
168440
168474
168476
168481
168486
168494
168496
168499
168513
168519
168523
168536
168541
168565
168568
168568
168574
168580
168585
168588
168590
168591
168643
168646
168651
168663
168670
168674
168675
168676
168679
168684
168726
168727
168747
168748
168760
168760
168774
168776
168777
168806
168812
168828
168854
168854
168866
168873
168885
168887
168925
168950
168953
168953
168957
168958
168961
168982
168986
168991
168997
169019
169023
169059
169059
169059
169086
169088
169104
169110
169122
169125
169139
169163
169168
169171
169181
169194
169194
169195
169229
169246
169248
169248
169261
169262
169296
169310
169331
169337
169340
169347
169356
169364
169364
169367
169387
169394
169403
169483
169483
169490
169517
169536
169537
169545
169551
169555
169567
169600
169603
169606
169607
169626
169628
169640
169641
169650
169659
169659
169671
169674
169683
169701
169704
169711
169716
169724
169726
169727
169731
169740
169752
169753
169756
169764
169769
169801
169813
169817
169829
169835
169841
169844
169847
169862
169877
169880
169884
169886
169892
169895
169901
169914
169914
169926
169935
169940
169943
169951
169955
169960
169968
169976
169979
169985
169988
169998
170006
170019
170020
170027
170029
170039
170039
170048
170066
170072
170107
170118
170129
170129
170132
170162
170178
170196
170198
170209
170219
170219
170269
170276
170298
170303
170306
170336
170338
170348
170351
170356
170358
170359
170377
170384
170394
170413
170413
170421
170421
170426
170438
170443
170451
170473
170481
170486
170501
170506
170552
170563
170565
170576
170582
170593
170596
170600
170603
170612
170622
170643
170647
170671
170674
170683
170687
170688
170702
170711
170722
170757
170757
170771
170804
170817
170834
170837
170845
170846
170860
170886
170907
170928
170964
170970
170973
170984
170986
170990
171004
171009
171011
171015
171055
171057
171058
171063
171080
171080
171102
171110
171112
171115
171117
171127
171134
171134
171134
171177
171189
171196
171213
171226
171230
171235
171251
171286
171286
171290
171301
171325
171330
171338
171342
171372
171373
171383
171387
171388
171390
171409
171416
171421
171454
171468
171505
171518
171560
171567
171571
171577
171578
171583
171603
171614
171621
171638
171647
171663
171674
171674
171683
171696
171707
171716
171717
171718
171736
171792
171794
171806
171807
171810
171846
171853
171861
171873
171891
171897
171897
171918
171928
171961
171980
171985
171991
172017
172026
172030
172035
172043
172045
172049
172060
172064
172065
172092
172096
172125
172134
172144
172159
172160
172162
172165
172167
172172
172172
172185
172196
172207
172207
172217
172260
172268
172291
172296
172323
172323
172377
172406
172410
172438
172462
172473
172486
172491
172497
172526
172546
172549
172564
172595
172595
172599
172612
172615
172637
172640
172641
172647
172653
172663
172673
172677
172707
172716
172751
172757
172759
172765
172796
172800
172846
172848
172869
172896
172899
172900
172902
172903
172918
172950
172952
172979
172980
172981
172990
173038
173045
173082
173085
173099
173105
173120
173124
173128
173128
173129
173161
173170
173172
173175
173181
173192
173193
173211
173216
173220
173243
173249
173274
173279
173316
173317
173318
173322
173327
173329
173333
173342
173343
173372
173389
173389
173398
173400
173416
173418
173425
173427
173430
173437
173458
173462
173466
173469
173471
173487
173488
173525
173535
173536
173537
173538
173544
173546
173548
173555
173557
173558
173583
173590
173592
173592
173593
173598
173611
173615
173627
173642
173644
173653
173676
173696
173724
173728
173730
173763
173768
173818
173825
173831
173859
173892
173910
173913
173923
173935
173938
173940
173942
173956
173960
173967
173967
173974
173982
173985
173987
174000
174023
174024
174026
174046
174057
174069
174079
174083
174084
174086
174090
174107
174119
174131
174139
174142
174150
174168
174177
174186
174191
174229
174233
174268
174284
174303
174306
174318
174346
174353
174363
174366
174367
174372
174377
174383
174388
174391
174393
174409
174429
174430
174430
174438
174463
174464
174465
174479
174480
174481
174487
174490
174494
174499
174504
174557
174563
174566
174570
174581
174585
174590
174599
174616
174641
174672
174690
174705
174713
174724
174749
174761
174780
174784
174789
174803
174813
174820
174823
174840
174850
174853
174856
174858
174865
174866
174870
174878
174878
174885
174886
174889
174902
174909
174917
174926
174961
174970
174972
174979
174982
175014
175028
175034
175047
175055
175055
175055
175092
175109
175110
175123
175129
175129
175132
175133
175141
175160
175189
175201
175205
175213
175227
175240
175270
175306
175367
175369
175371
175378
175384
175389
175393
175395
175405
175411
175414
175418
175425
175454
175455
175456
175468
175469
175472
175475
175506
175506
175522
175528
175548
175549
175558
175572
175580
175595
175595
175614
175653
175660
175669
175670
175674
175694
175715
175718
175792
175800
175802
175802
175806
175811
175822
175831
175842
175847
175847
175873
175879
175887
175894
175918
175919
175927
175947
175972
175973
175982
175983
175992
175998
176015
176026
176026
176029
176031
176040
176046
176053
176057
176059
176066
176069
176100
176106
176119
176133
176136
176149
176152
176153
176159
176163
176184
176208
176209
176223
176233
176254
176263
176265
176271
176279
176288
176309
176324
176325
176325
176364
176366
176373
176381
176383
176406
176410
176411
176414
176430
176472
176473
176492
176532
176557
176557
176558
176561
176567
176585
176597
176603
176613
176616
176619
176628
176642
176673
176676
176680
176685
176686
176691
176696
176705
176727
176745
176746
176775
176784
176790
176804
176807
176823
176827
176829
176858
176868
176870
176875
176886
176910
176914
176915
176920
176925
176945
176953
176957
176962
176964
176980
177002
177007
177009
177041
177051
177056
177084
177117
177122
177152
177160
177174
177228
177243
177243
177266
177267
177274
177289
177304
177321
177366
177374
177375
177377
177393
177394
177409
177435
177453
177465
177467
177473
177492
177493
177494
177496
177501
177502
177503
177519
177541
177560
177598
177609
177631
177634
177648
177674
177681
177683
177690
177690
177692
177694
177700
177715
177720
177720
177757
177758
177778
177783
177790
177808
177814
177823
177825
177843
177854
177864
177872
177874
177875
177897
177903
177912
177915
177919
177923
177923
177932
177938
177949
177951
177958
177970
177986
177990
177992
177998
178015
178029
178036
178037
178046
178057
178057
178091
178094
178095
178104
178110
178112
178120
178124
178126
178136
178138
178139
178148
178166
178221
178239
178240
178248
178250
178251
178258
178282
178308
178310
178317
178326
178363
178383
178385
178401
178420
178421
178433
178443
178454
178462
178469
178487
178498
178519
178520
178534
178537
178577
178578
178578
178581
178589
178592
178598
178605
178633
178641
178650
178670
178691
178697
178704
178726
178733
178747
178758
178777
178796
178799
178799
178811
178822
178823
178850
178872
178880
178895
178903
178913
178916
178923
178948
178959
178994
178994
178998
179045
179053
179066
179079
179093
179098
179104
179115
179135
179152
179170
179175
179183
179196
179210
179215
179228
179228
179236
179241
179254
179266
179273
179273
179281
179285
179293
179294
179324
179332
179357
179365
179377
179383
179385
179396
179403
179403
179405
179426
179439
179442
179442
179450
179451
179465
179469
179501
179521
179536
179536
179545
179556
179561
179561
179562
179567
179577
179578
179588
179591
179600
179611
179616
179628
179630
179631
179646
179653
179655
179670
179678
179690
179697
179706
179709
179725
179730
179746
179762
179771
179790
179795
179797
179799
179811
179825
179835
179836
179850
179858
179863
179865
179865
179869
179869
179878
179892
179898
179902
179905
179907
179915
179922
179932
179936
179961
179962
179971
179990
179997
180000
180028
180037
180038
180062
180073
180074
180102
180112
180121
180140
180141
180148
180149
180159
180168
180173
180181
180181
180181
180197
180208
180225
180245
180249
180255
180258
180262
180268
180270
180288
180296
180297
180320
180324
180369
180378
180392
180403
180408
180411
180415
180425
180426
180447
180474
180474
180482
180483
180492
180500
180508
180528
180544
180546
180563
180569
180579
180593
180597
180611
180623
180624
180627
180633
180634
180641
180683
180703
180706
180724
180728
180732
180740
180740
180745
180750
180754
180767
180771
180775
180801
180803
180805
180820
180822
180825
180827
180827
180828
180844
180845
180854
180881
180883
180897
180898
180906
180915
180923
180930
180935
180950
180953
180957
180957
180966
180992
180993
181004
181023
181065
181072
181083
181099
181102
181108
181134
181140
181149
181156
181165
181171
181176
181178
181184
181184
181187
181192
181209
181211
181212
181227
181236
181255
181265
181290
181293
181293
181303
181335
181344
181350
181353
181357
181365
181398
181399
181402
181409
181423
181424
181468
181468
181488
181496
181498
181499
181514
181521
181522
181532
181539
181552
181554
181559
181560
181564
181574
181580
181615
181633
181634
181647
181663
181676
181686
181689
181689
181693
181696
181697
181697
181699
181705
181705
181711
181718
181721
181727
181729
181776
181788
181789
181793
181813
181820
181823
181842
181855
181874
181891
181919
181932
181947
181953
181976
181979
181986
182008
182036
182039
182064
182071
182075
182085
182107
182124
182140
182145
182175
182180
182188
182192
182194
182208
182233
182257
182273
182279
182285
182304
182306
182317
182335
182336
182342
182344
182382
182385
182400
182424
182439
182448
182452
182473
182478
182480
182481
182481
182499
182519
182535
182544
182548
182561
182595
182595
182603
182604
182606
182616
182623
182626
182651
182696
182699
182726
182759
182760
182768
182769
182776
182780
182787
182800
182812
182829
182833
182836
182860
182878
182894
182901
182924
182941
182948
182951
182961
182973
183005
183013
183020
183029
183030
183062
183075
183089
183140
183150
183151
183161
183164
183183
183200
183201
183207
183212
183224
183231
183245
183251
183255
183263
183301
183310
183311
183320
183349
183353
183385
183391
183406
183418
183432
183433
183454
183460
183461
183467
183472
183479
183486
183523
183524
183542
183548
183549
183555
183563
183578
183591
183593
183594
183594
183604
183614
183653
183654
183667
183692
183704
183719
183724
183735
183750
183764
183781
183785
183801
183809
183814
183822
183827
183830
183832
183833
183871
183874
183906
183950
183988
183993
184001
184002
184035
184040
184048
184052
184070
184077
184084
184105
184108
184116
184118
184118
184124
184130
184158
184158
184164
184164
184178
184220
184222
184229
184246
184250
184254
184259
184270
184274
184285
184322
184322
184325
184335
184345
184372
184375
184387
184390
184413
184421
184439
184443
184446
184465
184487
184491
184492
184510
184515
184516
184524
184531
184535
184549
184566
184569
184588
184594
184619
184636
184666
184666
184697
184715
184742
184746
184764
184792
184819
184824
184828
184832
184837
184885
184889
184901
184902
184906
184914
184921
184929
184954
184961
184965
184968
185004
185006
185021
185024
185043
185054
185056
185062
185090
185091
185104
185106
185106
185113
185127
185131
185133
185162
185177
185190
185196
185205
185237
185237
185250
185258
185259
185278
185280
185302
185311
185311
185327
185335
185343
185365
185369
185386
185393
185407
185410
185415
185417
185434
185445
185446
185448
185450
185471
185482
185483
185485
185486
185499
185505
185511
185520
185545
185545
185557
185560
185569
185574
185576
185591
185596
185597
185603
185608
185610
185613
185625
185626
185643
185654
185674
185691
185692
185694
185724
185730
185737
185738
185741
185752
185765
185774
185775
185790
185799
185811
185820
185838
185847
185862
185865
185894
185912
185931
185954
185960
185960
185971
185973
185978
185992
186010
186025
186027
186030
186034
186038
186046
186048
186049
186051
186058
186063
186070
186077
186118
186131
186169
186187
186187
186196
186197
186205
186205
186212
186213
186219
186223
186236
186247
186252
186262
186272
186295
186297
186302
186304
186307
186308
186327
186345
186349
186365
186370
186371
186379
186384
186390
186411
186411
186424
186428
186436
186437
186438
186444
186458
186459
186472
186474
186481
186510
186511
186516
186520
186525
186533
186535
186546
186549
186555
186608
186649
186657
186659
186662
186674
186678
186706
186718
186749
186751
186764
186779
186793
186823
186826
186832
186834
186838
186843
186851
186861
186896
186909
186909
186910
186926
186930
186933
186934
186941
186948
186955
186955
186961
186980
186982
186983
186987
187005
187010
187016
187024
187028
187034
187045
187051
187060
187084
187088
187096
187097
187098
187106
187110
187113
187116
187117
187131
187137
187152
187154
187171
187197
187203
187207
187207
187226
187231
187234
187240
187242
187242
187246
187249
187256
187288
187317
187331
187332
187337
187348
187354
187367
187376
187377
187382
187385
187388
187388
187390
187395
187414
187416
187436
187455
187458
187470
187476
187482
187488
187508
187511
187512
187513
187530
187532
187533
187535
187541
187542
187554
187561
187601
187619
187619
187619
187620
187630
187632
187633
187646
187650
187658
187679
187681
187687
187694
187720
187729
187731
187753
187757
187757
187762
187784
187827
187838
187840
187847
187848
187860
187881
187883
187884
187893
187896
187901
187908
187912
187934
187935
187940
187956
187960
187960
187979
187981
187992
187993
187994
188005
188010
188032
188037
188041
188061
188067
188075
188094
188094
188100
188124
188129
188137
188150
188157
188174
188184
188199
188201
188265
188279
188282
188282
188282
188299
188301
188315
188318
188334
188360
188369
188373
188375
188443
188444
188458
188464
188473
188502
188563
188577
188589
188595
188624
188633
188637
188642
188646
188646
188657
188686
188692
188705
188710
188723
188746
188750
188763
188824
188828
188838
188846
188848
188850
188860
188861
188879
188886
188902
188912
188914
188932
188969
188989
189007
189008
189008
189013
189051
189055
189063
189082
189092
189096
189106
189114
189128
189130
189141
189168
189188
189212
189214
189230
189236
189236
189244
189245
189262
189274
189275
189285
189289
189296
189303
189332
189340
189347
189362
189383
189392
189408
189419
189421
189424
189432
189440
189459
189468
189474
189489
189493
189515
189524
189525
189530
189537
189539
189548
189550
189550
189559
189560
189575
189579
189590
189591
189604
189619
189650
189678
189680
189689
189710
189727
189728
189734
189744
189749
189751
189759
189764
189768
189769
189774
189776
189787
189791
189803
189854
189879
189894
189898
189905
189954
189954
189956
189963
189966
189972
189976
189977
189995
189995
189998
190000
190009
190023
190034
190037
190040
190040
190066
190067
190067
190072
190084
190102
190110
190121
190133
190139
190153
190159
190174
190183
190201
190203
190204
190224
190237
190260
190266
190273
190290
190299
190309
190310
190313
190319
190321
190323
190327
190327
190347
190355
190363
190366
190380
190418
190441
190450
190465
190474
190478
190486
190494
190500
190505
190506
190531
190540
190553
190557
190565
190566
190568
190583
190585
190595
190612
190617
190625
190636
190639
190642
190644
190645
190653
190678
190687
190693
190696
190716
190742
190744
190748
190751
190761
190762
190770
190790
190798
190801
190824
190836
190837
190843
190854
190860
190863
190868
190913
190934
190946
190948
190985
191002
191009
191019
191022
191033
191044
191059
191062
191074
191078
191121
191133
191154
191180
191181
191213
191216
191230
191233
191234
191256
191287
191329
191352
191353
191368
191369
191377
191387
191392
191395
191404
191440
191440
191453
191476
191476
191492
191494
191529
191542
191543
191571
191572
191578
191580
191582
191584
191589
191611
191629
191633
191663
191689
191701
191712
191716
191720
191729
191739
191743
191759
191760
191769
191773
191781
191785
191790
191791
191801
191803
191818
191824
191826
191834
191856
191868
191886
191886
191890
191890
191904
191923
191926
191934
191939
191943
191946
191963
191985
192010
192013
192016
192028
192036
192045
192053
192059
192079
192097
192098
192101
192130
192135
192135
192151
192157
192205
192214
192216
192222
192223
192228
192239
192240
192243
192252
192260
192276
192281
192287
192287
192319
192328
192342
192343
192356
192358
192368
192382
192385
192388
192390
192397
192397
192405
192415
192416
192453
192458
192458
192489
192489
192501
192507
192520
192532
192556
192558
192574
192581
192583
192603
192618
192627
192645
192647
192650
192668
192683
192703
192703
192707
192721
192731
192735
192749
192750
192754
192760
192771
192778
192792
192794
192794
192821
192830
192845
192846
192856
192861
192872
192892
192916
192916
192921
192973
192989
192994
192994
193008
193011
193012
193014
193023
193023
193038
193048
193054
193064
193073
193075
193076
193076
193081
193091
193103
193118
193125
193153
193176
193193
193204
193209
193210
193211
193213
193223
193240
193261
193275
193291
193309
193320
193320
193326
193327
193335
193336
193336
193337
193342
193343
193358
193378
193386
193402
193402
193424
193434
193434
193439
193442
193456
193459
193459
193462
193471
193472
193475
193477
193485
193522
193540
193550
193556
193558
193559
193576
193588
193589
193597
193600
193604
193605
193605
193611
193613
193631
193639
193659
193659
193661
193668
193690
193692
193730
193758
193761
193766
193778
193778
193802
193831
193833
193835
193838
193855
193859
193860
193860
193862
193891
193891
193893
193901
193904
193970
193970
193981
193983
193996
193998
194001
194011
194012
194017
194030
194041
194059
194061
194068
194068
194070
194078
194093
194096
194097
194103
194103
194105
194109
194121
194124
194128
194135
194145
194157
194159
194188
194197
194217
194223
194241
194246
194252
194255
194257
194271
194280
194287
194291
194298
194305
194320
194335
194361
194372
194374
194397
194412
194413
194423
194423
194426
194430
194432
194442
194463
194465
194466
194472
194474
194484
194496
194498
194520
194552
194572
194576
194578
194614
194617
194650
194665
194665
194681
194695
194709
194716
194720
194728
194751
194771
194780
194787
194798
194815
194815
194816
194826
194829
194835
194842
194861
194862
194868
194889
194891
194901
194925
194930
194930
194932
194946
194960
194964
194964
194968
194974
194983
194987
194996
195008
195027
195034
195035
195040
195044
195049
195053
195061
195072
195077
195082
195086
195093
195108
195117
195138
195149
195181
195186
195190
195195
195204
195208
195221
195244
195251
195261
195270
195274
195277
195278
195279
195298
195307
195314
195318
195342
195350
195353
195365
195379
195400
195402
195402
195404
195404
195410
195424
195427
195449
195465
195470
195471
195489
195501
195519
195527
195527
195532
195544
195550
195566
195570
195584
195588
195588
195600
195606
195650
195653
195666
195676
195681
195684
195714
195726
195726
195729
195730
195735
195767
195783
195804
195811
195838
195839
195852
195855
195859
195860
195861
195873
195873
195878
195882
195891
195928
195929
195950
195966
195969
195992
195995
196018
196018
196053
196087
196091
196107
196123
196125
196125
196135
196136
196143
196150
196170
196180
196187
196229
196230
196233
196237
196256
196256
196292
196293
196297
196320
196335
196339
196363
196394
196414
196417
196446
196464
196472
196481
196490
196493
196503
196508
196512
196515
196515
196522
196527
196557
196558
196585
196587
196587
196588
196607
196618
196618
196648
196657
196680
196705
196705
196707
196721
196722
196725
196733
196733
196743
196769
196782
196783
196785
196792
196795
196803
196816
196824
196837
196837
196838
196847
196853
196860
196864
196882
196887
196896
196942
196952
196975
196982
196987
197019
197021
197031
197036
197049
197052
197055
197061
197063
197069
197075
197080
197108
197111
197119
197154
197159
197172
197186
197194
197210
197252
197258
197277
197281
197285
197307
197315
197320
197339
197355
197364
197375
197385
197429
197434
197436
197445
197445
197469
197472
197484
197500
197503
197540
197541
197541
197559
197567
197575
197589
197590
197594
197602
197613
197624
197627
197640
197642
197659
197673
197678
197690
197729
197749
197753
197757
197757
197789
197810
197818
197823
197837
197854
197875
197883
197906
197922
197925
197928
197934
197941
197971
197993
198001
198007
198011
198030
198033
198044
198070
198070
198114
198120
198121
198122
198127
198133
198134
198144
198148
198150
198172
198176
198180
198183
198190
198192
198209
198222
198259
198261
198263
198265
198281
198287
198305
198324
198334
198351
198364
198370
198372
198378
198442
198443
198447
198450
198450
198451
198464
198470
198477
198481
198482
198486
198491
198492
198500
198506
198519
198550
198556
198566
198584
198585
198610
198611
198614
198614
198625
198634
198645
198654
198661
198681
198682
198690
198694
198703
198732
198761
198764
198785
198789
198792
198802
198803
198811
198825
198848
198852
198864
198867
198883
198895
198896
198900
198905
198909
198935
198937
198968
198976
199042
199060
199060
199075
199078
199099
199099
199104
199104
199118
199122
199126
199128
199132
199148
199158
199170
199199
199208
199211
199216
199218
199221
199225
199242
199246
199263
199290
199309
199316
199356
199364
199386
199400
199431
199439
199439
199462
199466
199469
199488
199494
199495
199532
199542
199545
199551
199565
199577
199578
199588
199589
199591
199605
199611
199613
199621
199639
199672
199698
199711
199728
199770
199788
199792
199798
199805
199810
199814
199819
199839
199842
199843
199845
199854
199866
199877
199888
199889
199895
199906
199910
199922
199923
199923
199923
199931
199980
200013
200031
200034
200053
200101
200101
200106
200114
200143
200157
200170
200197
200197
200200
200214
200247
200264
200266
200275
200304
200304
200311
200313
200321
200332
200336
200355
200366
200367
200375
200386
200423
200425
200444
200448
200450
200452
200463
200491
200493
200496
200519
200532
200536
200586
200605
200623
200634
200639
200657
200657
200660
200662
200664
200675
200675
200676
200677
200689
200690
200698
200703
200711
200711
200724
200741
200743
200754
200782
200788
200809
200813
200817
200822
200833
200837
200842
200842
200858
200859
200868
200906
200919
200953
200966
200966
200969
200979
200983
200987
200996
200999
201000
201001
201010
201014
201019
201024
201030
201034
201037
201060
201065
201066
201069
201069
201069
201071
201084
201088
201100
201103
201138
201140
201144
201154
201155
201159
201167
201183
201188
201188
201201
201209
201236
201236
201243
201252
201272
201272
201299
201305
201327
201337
201341
201343
201355
201357
201367
201369
201383
201389
201395
201406
201408
201412
201414
201418
201419
201421
201424
201424
201433
201438
201441
201442
201460
201460
201474
201475
201475
201480
201482
201486
201486
201527
201540
201558
201559
201560
201569
201579
201581
201588
201597
201619
201624
201628
201653
201664
201670
201674
201681
201713
201720
201722
201735
201739
201742
201742
201742
201748
201754
201787
201796
201797
201826
201827
201833
201840
201848
201893
201904
201933
201939
201943
201958
201973
201989
201994
202001
202021
202028
202065
202077
202096
202100
202118
202121
202136
202150
202153
202161
202178
202194
202216
202218
202233
202234
202239
202243
202257
202275
202291
202302
202328
202345
202345
202349
202352
202360
202363
202387
202388
202392
202395
202401
202403
202404
202414
202430
202445
202467
202473
202486
202496
202506
202532
202554
202556
202561
202581
202641
202656
202675
202675
202675
202677
202680
202680
202704
202709
202711
202749
202754
202769
202769
202771
202771
202774
202778
202783
202788
202796
202804
202807
202815
202824
202827
202833
202836
202855
202879
202911
202916
202921
202952
202955
202961
202972
202977
202979
202980
203005
203010
203015
203030
203044
203046
203048
203088
203092
203093
203096
203096
203099
203101
203116
203134
203139
203161
203161
203163
203165
203173
203195
203196
203199
203202
203211
203216
203218
203221
203231
203252
203255
203261
203261
203271
203283
203285
203298
203305
203311
203314
203316
203339
203342
203359
203371
203396
203410
203412
203423
203426
203454
203466
203473
203480
203496
203504
203507
203547
203563
203570
203574
203575
203577
203590
203598
203620
203640
203671
203674
203683
203689
203695
203696
203707
203711
203713
203718
203718
203721
203727
203737
203759
203764
203779
203786
203787
203790
203825
203860
203863
203865
203869
203882
203884
203893
203893
203897
203899
203899
203900
203903
203904
203911
203913
203918
203918
203919
203931
203933
203947
203958
203980
204000
204041
204074
204081
204086
204088
204101
204104
204109
204133
204146
204158
204162
204182
204190
204192
204193
204223
204232
204242
204256
204278
204290
204313
204314
204322
204333
204337
204343
204353
204356
204362
204369
204382
204413
204415
204426
204439
204444
204450
204450
204451
204477
204481
204494
204523
204527
204527
204553
204568
204575
204578
204579
204596
204611
204611
204626
204641
204645
204657
204658
204658
204688
204695
204699
204709
204742
204748
204753
204756
204756
204758
204775
204777
204784
204803
204810
204824
204848
204854
204855
204856
204875
204879
204908
204921
204926
204929
204929
204932
204934
204948
204977
204979
204984
204991
205001
205022
205028
205039
205064
205070
205071
205071
205112
205150
205163
205170
205175
205195
205244
205246
205247
205249
205255
205263
205285
205293
205302
205303
205306
205306
205307
205310
205311
205322
205327
205344
205353
205362
205372
205401
205402
205412
205440
205445
205459
205491
205494
205520
205522
205535
205564
205566
205572
205579
205588
205597
205602
205613
205619
205637
205643
205651
205654
205655
205658
205659
205670
205673
205702
205708
205732
205745
205764
205774
205778
205778
205795
205801
205811
205838
205841
205844
205861
205866
205874
205878
205883
205890
205928
205930
205938
205948
205977
205982
205994
206001
206004
206029
206051
206055
206055
206063
206064
206064
206072
206082
206083
206088
206089
206098
206106
206108
206136
206146
206154
206207
206209
206218
206218
206218
206220
206223
206225
206235
206251
206255
206268
206298
206307
206337
206338
206345
206347
206369
206374
206382
206404
206428
206432
206440
206441
206449
206452
206463
206468
206477
206477
206479
206484
206489
206498
206519
206523
206565
206587
206601
206611
206613
206615
206640
206664
206675
206676
206679
206696
206706
206712
206715
206731
206753
206762
206763
206765
206770
206787
206795
206805
206814
206824
206824
206847
206881
206913
206932
206938
206947
206956
206979
206989
206990
206996
207002
207010
207017
207020
207023
207025
207050
207056
207056
207059
207062
207066
207076
207080
207103
207112
207130
207135
207142
207146
207160
207160
207164
207170
207179
207187
207203
207208
207213
207227
207227
207241
207255
207267
207303
207326
207332
207342
207349
207364
207366
207372
207373
207375
207380
207388
207389
207406
207411
207417
207428
207442
207465
207466
207470
207473
207490
207507
207513
207529
207532
207532
207548
207573
207612
207620
207637
207641
207659
207672
207679
207751
207811
207815
207823
207849
207865
207877
207889
207890
207897
207918
207928
207935
207935
207969
207972
207990
208008
208021
208030
208039
208044
208046
208059
208060
208063
208072
208105
208138
208153
208157
208161
208164
208173
208229
208240
208241
208256
208260
208260
208261
208302
208315
208334
208338
208346
208361
208366
208454
208459
208463
208485
208513
208541
208550
208584
208586
208596
208615
208623
208626
208633
208634
208639
208644
208661
208671
208676
208694
208713
208727
208728
208736
208744
208744
208750
208753
208754
208765
208768
208774
208780
208798
208800
208815
208817
208823
208830
208833
208833
208853
208863
208866
208875
208876
208880
208888
208896
208903
208928
208934
208966
208972
208976
208980
208999
209012
209020
209023
209025
209031
209032
209038
209044
209059
209075
209078
209081
209085
209098
209101
209107
209110
209131
209135
209146
209151
209151
209157
209158
209182
209188
209189
209216
209225
209228
209238
209243
209278
209280
209293
209304
209305
209320
209322
209325
209354
209372
209395
209396
209401
209416
209422
209424
209445
209455
209456
209460
209460
209463
209468
209493
209500
209505
209518
209519
209533
209544
209547
209614
209621
209639
209654
209658
209670
209676
209682
209684
209692
209702
209720
209721
209742
209753
209764
209771
209774
209785
209786
209791
209799
209801
209804
209810
209834
209840
209884
209893
209913
209919
209920
209930
209934
209938
209941
209942
209979
209981
209989
209991
209997
210015
210028
210035
210047
210062
210072
210097
210108
210114
210117
210120
210121
210127
210138
210139
210166
210170
210170
210203
210210
210220
210225
210227
210237
210245
210251
210252
210259
210263
210266
210271
210274
210276
210293
210293
210307
210373
210383
210384
210385
210390
210392
210434
210445
210449
210450
210462
210479
210490
210494
210521
210535
210537
210545
210547
210559
210563
210566
210579
210583
210597
210619
210619
210623
210652
210662
210683
210690
210701
210708
210710
210715
210726
210737
210746
210763
210764
210772
210772
210775
210782
210791
210794
210794
210811
210812
210817
210817
210835
210843
210868
210871
210873
210902
210906
210910
210915
210920
210923
210968
210971
210979
210989
211012
211022
211026
211065
211077
211098
211103
211103
211114
211122
211122
211125
211130
211141
211142
211161
211205
211226
211229
211237
211243
211252
211260
211302
211307
211308
211310
211310
211312
211312
211330
211360
211374
211400
211400
211407
211409
211436
211446
211446
211460
211467
211467
211468
211469
211473
211476
211478
211483
211500
211516
211521
211530
211553
211557
211560
211568
211569
211575
211609
211622
211622
211636
211636
211640
211653
211670
211679
211685
211685
211695
211699
211700
211710
211712
211712
211717
211720
211720
211726
211739
211752
211754
211760
211760
211761
211770
211774
211797
211800
211813
211832
211849
211850
211856
211869
211877
211885
211891
211912
211914
211921
211925
211929
211931
211934
211947
211952
211994
211995
211999
212000
212000
212001
212023
212025
212036
212059
212064
212065
212078
212105
212117
212122
212151
212157
212161
212165
212165
212179
212184
212184
212187
212190
212191
212194
212197
212219
212228
212276
212279
212295
212298
212306
212310
212314
212335
212337
212352
212353
212389
212389
212396
212398
212406
212419
212425
212430
212433
212434
212436
212439
212473
212479
212501
212503
212513
212534
212538
212547
212576
212603
212607
212614
212644
212648
212650
212654
212685
212694
212703
212710
212744
212751
212805
212830
212831
212841
212850
212857
212864
212886
212896
212903
212907
212924
212937
212946
212950
212956
212979
212984
212987
213012
213029
213045
213052
213055
213074
213114
213126
213135
213137
213147
213153
213161
213185
213223
213233
213237
213251
213272
213299
213305
213307
213308
213347
213349
213363
213381
213397
213400
213402
213412
213416
213418
213447
213462
213465
213469
213470
213479
213479
213491
213504
213524
213525
213529
213532
213534
213536
213545
213548
213566
213581
213615
213629
213631
213681
213711
213716
213782
213785
213791
213794
213834
213839
213849
213853
213859
213899
213900
213918
213931
213936
213972
213975
213981
213989
213998
214031
214031
214047
214063
214076
214088
214108
214124
214125
214144
214146
214153
214157
214159
214161
214161
214177
214182
214192
214234
214235
214235
214248
214249
214251
214262
214264
214266
214269
214280
214310
214313
214314
214338
214357
214364
214375
214387
214395
214397
214405
214411
214416
214427
214438
214438
214505
214515
214516
214527
214537
214550
214550
214550
214556
214567
214568
214574
214575
214579
214579
214597
214613
214620
214625
214630
214664
214675
214685
214699
214710
214715
214719
214727
214744
214748
214750
214771
214776
214787
214788
214799
214803
214808
214828
214839
214839
214853
214890
214899
214901
214929
214942
214947
214953
214969
214982
214985
214985
214993
214999
215005
215009
215016
215052
215053
215056
215068
215086
215095
215096
215107
215112
215114
215115
215130
215161
215170
215182
215186
215189
215189
215200
215205
215213
215215
215217
215223
215228
215236
215239
215243
215278
215289
215303
215312
215321
215323
215350
215353
215360
215364
215370
215372
215375
215396
215408
215430
215450
215453
215480
215515
215524
215529
215533
215542
215551
215564
215565
215573
215574
215581
215583
215585
215606
215615
215619
215630
215634
215647
215652
215654
215662
215665
215677
215687
215703
215707
215726
215728
215728
215729
215755
215756
215761
215763
215765
215777
215780
215784
215791
215792
215801
215813
215829
215833
215834
215853
215862
215871
215883
215887
215893
215902
215934
215937
215942
215961
215981
215984
215987
216002
216003
216012
216021
216023
216030
216046
216052
216061
216065
216073
216074
216080
216101
216102
216126
216140
216159
216165
216167
216173
216178
216179
216183
216191
216203
216223
216238
216241
216262
216266
216274
216278
216282
216290
216310
216312
216316
216323
216348
216350
216355
216361
216383
216384
216396
216401
216410
216413
216415
216415
216427
216444
216448
216450
216451
216467
216468
216482
216489
216494
216504
216514
216521
216533
216537
216537
216543
216557
216559
216565
216577
216585
216591
216594
216615
216617
216633
216642
216649
216657
216659
216661
216670
216674
216678
216690
216692
216710
216726
216730
216731
216731
216734
216738
216751
216772
216774
216781
216781
216784
216795
216802
216821
216827
216846
216850
216851
216855
216862
216864
216864
216875
216893
216902
216937
216944
216950
216970
216982
216982
217002
217030
217032
217046
217046
217054
217062
217080
217085
217105
217125
217127
217130
217136
217138
217140
217149
217161
217174
217177
217192
217194
217219
217230
217233
217239
217245
217249
217262
217267
217280
217282
217286
217304
217313
217341
217350
217366
217369
217376
217381
217392
217392
217398
217420
217427
217428
217449
217453
217468
217488
217493
217505
217513
217515
217519
217522
217522
217522
217524
217530
217536
217554
217567
217588
217592
217620
217622
217634
217639
217653
217665
217675
217679
217688
217691
217694
217699
217708
217717
217718
217719
217727
217733
217745
217746
217747
217752
217757
217760
217763
217766
217774
217782
217788
217789
217805
217815
217818
217868
217887
217889
217912
217927
217951
217970
217999
218007
218014
218032
218035
218047
218053
218065
218077
218082
218126
218139
218141
218147
218150
218160
218169
218173
218179
218181
218183
218205
218207
218210
218231
218233
218245
218248
218261
218265
218266
218273
218284
218303
218313
218324
218331
218340
218341
218343
218348
218364
218365
218374
218393
218400
218409
218439
218442
218443
218450
218452
218471
218472
218489
218492
218496
218501
218515
218518
218519
218545
218559
218575
218576
218583
218597
218603
218605
218606
218616
218626
218630
218657
218661
218670
218677
218688
218744
218750
218753
218772
218772
218786
218800
218846
218848
218851
218854
218860
218863
218868
218873
218878
218880
218881
218899
218899
218907
218917
218922
218935
218947
218958
218966
218970
218978
218999
219019
219029
219030
219033
219040
219048
219058
219064
219083
219087
219120
219133
219136
219148
219165
219187
219200
219215
219222
219239
219241
219251
219271
219300
219302
219306
219311
219314
219319
219330
219343
219351
219352
219366
219387
219395
219404
219417
219421
219423
219431
219433
219433
219457
219480
219489
219489
219507
219511
219528
219536
219561
219567
219575
219585
219598
219605
219623
219624
219636
219637
219643
219646
219662
219672
219679
219679
219688
219688
219693
219707
219732
219744
219759
219770
219773
219855
219880
219887
219901
219905
219906
219913
219917
219932
219939
219949
219962
219970
219978
219995
219996
219998
220016
220019
220024
220039
220064
220067
220085
220085
220089
220097
220101
220101
220109
220119
220119
220128
220130
220134
220157
220177
220182
220188
220208
220212
220213
220229
220232
220235
220238
220255
220261
220264
220274
220276
220299
220309
220328
220331
220336
220340
220344
220353
220354
220369
220375
220397
220410
220429
220440
220457
220463
220491
220504
220504
220511
220511
220512
220517
220524
220529
220539
220548
220549
220561
220569
220572
220575
220582
220592
220600
220605
220615
220619
220630
220630
220641
220646
220651
220669
220689
220712
220726
220729
220729
220759
220759
220764
220799
220803
220818
220839
220852
220864
220872
220873
220896
220908
220911
220913
220931
220936
220947
220951
220952
220959
220964
220964
220982
220994
220995
220997
221014
221020
221024
221039
221048
221052
221054
221076
221095
221097
221150
221159
221162
221168
221174
221187
221212
221212
221217
221217
221226
221246
221249
221251
221262
221263
221267
221270
221272
221275
221290
221297
221302
221317
221326
221332
221338
221344
221351
221355
221383
221391
221397
221399
221409
221413
221414
221433
221448
221454
221457
221457
221465
221494
221500
221506
221518
221522
221523
221531
221557
221571
221595
221599
221621
221679
221692
221704
221713
221742
221747
221760
221765
221767
221785
221787
221789
221791
221797
221805
221837
221849
221849
221851
221872
221883
221884
221903
221909
221923
221939
221944
221971
221983
221988
221991
221998
222003
222005
222007
222008
222011
222013
222017
222030
222033
222034
222035
222074
222077
222106
222106
222109
222138
222154
222161
222167
222167
222205
222228
222231
222244
222255
222262
222268
222268
222269
222290
222295
222326
222331
222359
222360
222367
222384
222393
222403
222404
222432
222455
222459
222464
222473
222475
222476
222477
222479
222479
222484
222494
222506
222509
222517
222523
222529
222530
222535
222541
222547
222561
222581
222585
222589
222589
222616
222618
222631
222636
222645
222651
222680
222684
222688
222715
222717
222725
222730
222732
222746
222751
222764
222770
222773
222775
222785
222788
222809
222818
222823
222825
222831
222867
222876
222899
222899
222921
222940
222959
222976
222978
222984
222990
222990
222994
222998
223005
223007
223038
223041
223102
223104
223117
223129
223137
223139
223171
223178
223192
223196
223200
223201
223205
223225
223225
223245
223250
223255
223272
223275
223286
223308
223309
223310
223310
223342
223352
223359
223368
223368
223370
223378
223404
223412
223418
223434
223440
223442
223442
223461
223471
223473
223492
223500
223523
223527
223533
223606
223611
223615
223623
223634
223643
223657
223661
223662
223665
223667
223679
223696
223717
223736
223747
223757
223778
223788
223790
223821
223826
223833
223838
223857
223872
223877
223878
223905
223913
223925
223929
223941
223967
223968
224001
224002
224020
224024
224030
224034
224039
224040
224043
224056
224060
224073
224082
224086
224087
224099
224108
224111
224131
224162
224166
224184
224190
224192
224200
224223
224233
224252
224262
224264
224277
224291
224314
224325
224338
224347
224348
224352
224385
224395
224402
224403
224448
224452
224503
224503
224504
224510
224514
224546
224555
224593
224595
224641
224647
224661
224669
224673
224679
224699
224719
224721
224737
224754
224765
224766
224768
224775
224776
224777
224779
224781
224785
224803
224818
224842
224858
224863
224864
224866
224869
224872
224873
224879
224902
224908
224925
224935
224951
224973
224980
224991
224992
224993
224998
225005
225012
225017
225019
225030
225030
225073
225078
225083
225094
225108
225109
225159
225161
225193
225218
225232
225236
225286
225294
225297
225302
225315
225325
225349
225358
225387
225391
225401
225408
225435
225435
225441
225451
225459
225462
225481
225490
225506
225517
225520
225529
225539
225560
225562
225573
225582
225587
225600
225601
225608
225610
225614
225615
225632
225636
225645
225658
225664
225671
225678
225679
225681
225692
225697
225712
225742
225744
225747
225756
225757
225775
225798
225800
225813
225814
225818
225829
225831
225840
225844
225848
225851
225863
225874
225880
225889
225890
225891
225893
225898
225899
225900
225905
225905
225929
225937
225946
225947
226001
226007
226025
226028
226032
226040
226043
226044
226051
226062
226066
226080
226097
226098
226102
226128
226134
226135
226139
226149
226161
226165
226180
226191
226192
226208
226216
226235
226248
226276
226297
226300
226309
226310
226347
226347
226351
226357
226370
226370
226384
226386
226398
226408
226410
226425
226429
226443
226451
226458
226464
226466
226466
226487
226501
226507
226521
226524
226566
226570
226578
226578
226591
226602
226623
226628
226650
226658
226662
226686
226688
226701
226707
226713
226714
226717
226737
226741
226744
226745
226762
226780
226785
226787
226788
226791
226793
226800
226805
226820
226826
226826
226840
226843
226856
226858
226876
226881
226890
226923
226927
226930
226963
226991
226992
226993
227004
227024
227032
227033
227034
227041
227044
227051
227070
227071
227085
227087
227093
227131
227138
227144
227148
227157
227206
227225
227240
227240
227283
227294
227301
227313
227315
227316
227319
227347
227360
227367
227406
227429
227438
227446
227449
227459
227465
227472
227488
227496
227509
227518
227520
227552
227562
227595
227596
227618
227624
227645
227653
227655
227673
227673
227677
227718
227726
227736
227771
227781
227787
227795
227812
227825
227835
227837
227839
227849
227859
227862
227870
227873
227874
227886
227911
227918
227930
227933
227938
227952
227973
227983
228000
228021
228037
228040
228048
228052
228057
228059
228068
228098
228105
228109
228116
228117
228122
228122
228145
228152
228153
228157
228162
228169
228170
228172
228199
228208
228211
228226
228228
228243
228243
228276
228282
228283
228290
228307
228309
228310
228331
228342
228345
228348
228353
228377
228377
228385
228389
228404
228421
228425
228427
228433
228441
228452
228457
228463
228469
228474
228508
228513
228547
228557
228559
228561
228565
228573
228586
228604
228608
228617
228627
228636
228637
228641
228650
228662
228677
228695
228699
228699
228714
228720
228752
228754
228758
228772
228774
228795
228818
228822
228856
228878
228902
228905
228913
228913
228926
228942
228957
228958
228973
228997
229000
229003
229007
229007
229011
229012
229031
229038
229060
229064
229064
229071
229075
229081
229084
229088
229100
229112
229118
229119
229130
229142
229144
229145
229148
229156
229175
229176
229181
229205
229223
229234
229237
229243
229249
229256
229266
229272
229290
229296
229302
229307
229311
229316
229319
229321
229327
229337
229353
229354
229374
229377
229378
229378
229379
229391
229393
229405
229409
229412
229440
229443
229450
229457
229460
229465
229467
229498
229513
229526
229539
229544
229545
229549
229562
229579
229579
229619
229621
229623
229624
229634
229640
229645
229656
229669
229677
229685
229688
229695
229700
229704
229712
229730
229733
229748
229754
229762
229779
229790
229795
229801
229805
229807
229813
229817
229824
229825
229830
229850
229855
229856
229862
229884
229885
229908
229930
229932
229961
229980
229993
229996
230013
230020
230024
230028
230036
230038
230039
230050
230057
230057
230066
230079
230091
230096
230124
230141
230141
230142
230154
230165
230176
230181
230191
230200
230204
230229
230243
230258
230268
230316
230330
230337
230346
230349
230353
230355
230373
230385
230406
230415
230447
230455
230484
230492
230493
230511
230513
230521
230529
230538
230562
230613
230615
230630
230632
230640
230643
230650
230651
230651
230662
230664
230693
230704
230721
230726
230737
230744
230751
230752
230767
230771
230779
230788
230791
230804
230805
230809
230819
230837
230841
230845
230850
230854
230856
230867
230870
230880
230909
230930
230962
230987
231000
231004
231015
231024
231057
231061
231070
231073
231074
231077
231083
231083
231087
231088
231095
231107
231109
231113
231115
231127
231128
231131
231138
231149
231157
231164
231167
231172
231188
231188
231190
231195
231198
231218
231227
231228
231241
231249
231272
231279
231300
231302
231306
231306
231310
231314
231329
231335
231337
231339
231352
231354
231354
231382
231388
231398
231400
231423
231431
231433
231435
231436
231439
231442
231451
231512
231578
231591
231591
231593
231597
231597
231608
231609
231610
231612
231631
231635
231641
231690
231705
231712
231714
231727
231727
231748
231756
231769
231784
231798
231800
231804
231807
231823
231835
231835
231852
231864
231871
231881
231911
231923
231952
231960
231972
231985
231990
232006
232015
232045
232049
232061
232105
232117
232137
232146
232169
232172
232182
232182
232190
232193
232217
232241
232241
232243
232246
232257
232258
232311
232327
232347
232359
232368
232371
232373
232376
232377
232379
232388
232392
232400
232414
232425
232429
232443
232453
232459
232462
232475
232481
232515
232517
232521
232535
232547
232548
232553
232559
232564
232570
232577
232578
232597
232603
232626
232631
232635
232664
232671
232673
232694
232695
232699
232702
232760
232760
232773
232778
232782
232790
232795
232802
232807
232809
232815
232826
232831
232841
232861
232867
232868
232874
232900
232911
232913
232924
232930
232954
232960
232965
232969
233000
233015
233016
233040
233046
233053
233058
233062
233071
233078
233079
233085
233091
233092
233109
233121
233130
233171
233179
233182
233183
233183
233185
233187
233190
233216
233221
233225
233226
233237
233246
233249
233266
233271
233272
233284
233297
233304
233310
233316
233338
233345
233351
233383
233389
233394
233397
233412
233413
233413
233415
233417
233418
233421
233436
233451
233452
233466
233473
233473
233494
233523
233535
233536
233538
233541
233549
233555
233559
233559
233572
233576
233580
233583
233594
233608
233614
233616
233619
233619
233644
233644
233658
233665
233673
233680
233685
233687
233727
233738
233739
233740
233750
233756
233813
233815
233820
233821
233824
233862
233867
233867
233880
233881
233885
233890
233911
233924
233929
233936
233938
233941
233943
233947
233949
233950
234008
234047
234050
234062
234069
234070
234086
234088
234116
234132
234141
234158
234172
234172
234180
234186
234203
234207
234211
234213
234225
234235
234239
234253
234257
234261
234267
234286
234293
234294
234315
234316
234322
234360
234363
234378
234384
234393
234395
234424
234425
234436
234440
234448
234455
234470
234470
234476
234479
234493
234507
234512
234523
234535
234535
234541
234549
234550
234566
234568
234571
234581
234585
234587
234598
234600
234604
234605
234613
234620
234625
234642
234648
234650
234658
234691
234710
234716
234719
234724
234735
234746
234747
234755
234756
234757
234765
234770
234773
234801
234803
234806
234843
234850
234852
234856
234859
234867
234885
234886
234890
234893
234952
234958
234973
234999
235011
235014
235044
235049
235051
235059
235088
235095
235096
235103
235105
235115
235141
235156
235171
235173
235180
235180
235186
235212
235213
235215
235243
235248
235254
235283
235286
235320
235320
235323
235324
235353
235355
235367
235369
235377
235386
235386
235390
235394
235412
235417
235417
235427
235428
235434
235455
235461
235466
235472
235476
235477
235482
235485
235493
235497
235502
235507
235518
235525
235549
235555
235557
235562
235579
235579
235586
235595
235595
235598
235599
235602
235604
235615
235637
235659
235714
235723
235727
235730
235746
235759
235759
235774
235792
235820
235821
235844
235849
235852
235858
235863
235876
235911
235915
235920
235933
235938
235942
235943
235950
235953
235957
235986
236012
236014
236026
236030
236038
236040
236048
236049
236050
236052
236064
236069
236070
236074
236077
236095
236116
236150
236151
236160
236167
236190
236210
236210
236230
236245
236250
236254
236265
236266
236278
236313
236315
236328
236339
236340
236348
236378
236378
236383
236385
236390
236394
236398
236402
236403
236405
236420
236423
236425
236425
236430
236440
236445
236471
236474
236499
236503
236511
236518
236527
236527
236541
236554
236574
236588
236593
236610
236610
236641
236660
236670
236682
236689
236691
236692
236705
236706
236708
236708
236711
236716
236717
236738
236751
236765
236769
236772
236774
236782
236832
236850
236851
236857
236860
236860
236863
236871
236887
236887
236890
236890
236895
236900
236916
236918
236926
236935
236941
236967
236971
236991
236993
237006
237013
237014
237020
237030
237043
237045
237047
237048
237057
237062
237066
237091
237093
237095
237103
237106
237121
237138
237159
237160
237163
237193
237199
237204
237210
237240
237244
237244
237246
237248
237271
237272
237287
237290
237292
237309
237320
237327
237329
237334
237335
237336
237344
237349
237376
237427
237429
237430
237431
237448
237451
237451
237451
237452
237462
237468
237469
237470
237503
237507
237533
237541
237545
237553
237558
237562
237606
237613
237620
237621
237646
237648
237656
237661
237661
237687
237710
237713
237731
237743
237762
237766
237771
237773
237788
237790
237807
237809
237816
237817
237821
237854
237859
237863
237893
237896
237897
237900
237901
237904
237907
237916
237920
237950
237977
237997
238012
238016
238025
238026
238053
238063
238067
238068
238075
238079
238087
238089
238101
238104
238121
238125
238130
238147
238154
238170
238203
238204
238222
238226
238228
238239
238268
238281
238306
238317
238328
238332
238350
238351
238356
238376
238391
238417
238419
238431
238434
238436
238459
238460
238466
238478
238490
238503
238537
238540
238556
238561
238569
238577
238578
238585
238586
238587
238592
238628
238629
238635
238635
238641
238643
238656
238657
238659
238659
238660
238685
238689
238698
238699
238700
238707
238708
238717
238756
238767
238794
238799
238803
238803
238811
238823
238828
238838
238842
238851
238873
238884
238914
238917
238922
238935
238938
238943
238953
239031
239035
239051
239061
239070
239075
239095
239096
239105
239106
239114
239126
239130
239131
239141
239146
239147
239155
239173
239174
239194
239218
239223
239239
239243
239244
239272
239276
239293
239297
239301
239304
239307
239310
239342
239354
239357
239362
239372
239385
239409
239417
239417
239427
239475
239480
239484
239503
239527
239531
239531
239534
239534
239535
239550
239553
239573
239576
239593
239593
239601
239605
239618
239620
239632
239633
239667
239676
239676
239687
239706
239707
239722
239753
239756
239760
239761
239768
239769
239770
239787
239789
239796
239806
239833
239842
239848
239869
239893
239896
239914
239930
239932
239936
239957
239984
239985
239986
239999
240004
240023
240045
240053
240056
240057
240060
240063
240065
240075
240105
240107
240108
240112
240124
240148
240181
240200
240220
240222
240239
240247
240247
240252
240260
240270
240278
240322
240326
240344
240367
240370
240380
240387
240403
240424
240447
240468
240476
240482
240486
240495
240516
240534
240560
240573
240578
240586
240586
240591
240592
240595
240597
240621
240623
240632
240634
240661
240668
240682
240683
240688
240720
240742
240765
240772
240775
240814
240847
240851
240859
240876
240909
240911
240919
240923
240938
240949
240950
240955
240975
240975
240976
240983
240984
240993
240995
240997
241011
241020
241023
241037
241038
241043
241044
241057
241069
241086
241091
241094
241100
241108
241128
241130
241138
241141
241142
241143
241143
241162
241184
241202
241204
241215
241239
241248
241250
241256
241257
241270
241271
241275
241276
241283
241287
241304
241340
241346
241372
241373
241382
241403
241405
241407
241419
241453
241461
241463
241463
241465
241469
241474
241474
241495
241514
241533
241542
241549
241590
241613
241616
241632
241633
241644
241653
241662
241692
241696
241711
241711
241712
241712
241712
241713
241718
241748
241764
241783
241783
241792
241806
241814
241827
241827
241843
241873
241878
241881
241882
241883
241904
241907
241920
241927
241933
241955
241965
241967
241995
242013
242013
242028
242045
242071
242072
242083
242093
242104
242107
242117
242126
242148
242168
242173
242193
242195
242199
242200
242204
242210
242211
242213
242225
242262
242265
242269
242274
242295
242312
242315
242320
242328
242335
242339
242350
242368
242368
242369
242394
242397
242427
242450
242473
242491
242499
242539
242546
242552
242561
242573
242589
242600
242601
242606
242614
242622
242625
242640
242657
242663
242672
242689
242694
242700
242705
242708
242718
242722
242754
242758
242776
242788
242799
242813
242823
242835
242840
242854
242863
242865
242868
242869
242880
242890
242904
242926
242948
242965
242967
242969
242970
242974
242983
242985
242988
243007
243014
243021
243024
243026
243027
243035
243048
243049
243049
243051
243058
243074
243077
243082
243089
243094
243097
243122
243125
243131
243132
243158
243168
243204
243220
243221
243228
243246
243247
243279
243283
243284
243297
243307
243311
243323
243360
243369
243405
243412
243422
243446
243454
243463
243468
243469
243485
243486
243489
243494
243503
243503
243505
243518
243523
243532
243541
243544
243548
243555
243572
243595
243598
243602
243603
243605
243607
243618
243628
243630
243632
243639
243649
243652
243665
243672
243678
243680
243689
243698
243701
243707
243727
243743
243754
243754
243760
243767
243772
243777
243791
243792
243797
243801
243818
243819
243820
243829
243831
243840
243855
243888
243928
243935
243938
243939
243956
243956
243958
243959
243975
243978
244014
244015
244015
244020
244036
244043
244046
244061
244063
244089
244126
244128
244130
244146
244148
244155
244170
244175
244181
244189
244199
244206
244222
244231
244257
244260
244260
244266
244269
244274
244274
244275
244275
244286
244290
244315
244328
244348
244349
244352
244354
244356
244363
244365
244366
244368
244390
244391
244392
244395
244400
244421
244425
244427
244440
244451
244469
244477
244480
244507
244510
244514
244517
244527
244551
244555
244563
244564
244565
244569
244569
244588
244592
244612
244613
244620
244623
244636
244654
244675
244693
244700
244702
244729
244734
244736
244736
244785
244788
244788
244804
244845
244857
244876
244878
244880
244894
244899
244936
244944
244949
244952
244968
244982
244994
245009
245011
245016
245034
245037
245038
245049
245049
245055
245063
245089
245105
245129
245133
245150
245160
245165
245180
245187
245189
245193
245205
245209
245210
245234
245237
245238
245246
245253
245259
245266
245293
245337
245337
245341
245369
245373
245374
245379
245381
245384
245389
245393
245400
245402
245419
245420
245420
245433
245434
245467
245471
245486
245508
245524
245525
245526
245529
245532
245533
245548
245567
245591
245614
245620
245631
245644
245670
245681
245682
245685
245695
245708
245710
245711
245713
245727
245734
245742
245745
245758
245760
245765
245777
245778
245785
245798
245826
245826
245830
245831
245835
245845
245850
245881
245892
245893
245905
245907
245909
245912
245919
245924
245931
245932
245940
245941
245947
245948
245951
245962
245966
245977
246006
246017
246019
246034
246038
246058
246061
246062
246066
246080
246087
246091
246099
246113
246141
246152
246156
246159
246159
246173
246179
246224
246247
246258
246276
246286
246288
246289
246301
246302
246303
246306
246309
246315
246325
246341
246342
246353
246359
246371
246390
246390
246395
246399
246408
246412
246417
246424
246430
246461
246469
246470
246477
246486
246487
246490
246505
246511
246512
246520
246545
246548
246595
246604
246618
246638
246646
246647
246651
246666
246678
246685
246690
246694
246699
246704
246729
246742
246772
246797
246800
246804
246808
246812
246823
246826
246828
246834
246840
246850
246851
246853
246863
246869
246874
246877
246927
246928
246946
246959
246963
246967
246971
246982
247001
247008
247011
247039
247045
247052
247052
247077
247082
247090
247113
247122
247125
247130
247140
247146
247163
247175
247179
247184
247206
247206
247207
247210
247235
247237
247240
247255
247257
247262
247263
247268
247269
247270
247273
247273
247278
247279
247279
247283
247288
247299
247305
247309
247327
247342
247353
247361
247364
247375
247397
247413
247420
247421
247423
247424
247425
247426
247426
247429
247444
247447
247447
247462
247471
247479
247481
247481
247506
247517
247534
247560
247564
247566
247578
247578
247600
247603
247606
247633
247634
247649
247671
247683
247690
247697
247706
247709
247720
247722
247787
247828
247860
247865
247867
247874
247885
247906
247931
247937
247944
247947
247972
247989
248008
248009
248013
248017
248022
248028
248029
248034
248042
248048
248059
248068
248068
248071
248075
248089
248113
248133
248142
248176
248179
248182
248184
248185
248193
248197
248204
248210
248224
248250
248258
248277
248288
248305
248323
248333
248335
248338
248354
248359
248388
248412
248445
248456
248457
248458
248462
248477
248507
248546
248551
248569
248585
248602
248610
248619
248626
248626
248662
248685
248709
248710
248711
248730
248758
248761
248765
248770
248771
248774
248786
248788
248812
248820
248844
248853
248858
248897
248898
248907
248926
248927
248928
248934
248934
248945
248951
248960
248976
248995
249006
249008
249009
249012
249015
249027
249034
249046
249063
249085
249094
249096
249096
249104
249104
249104
249110
249121
249140
249170
249181
249185
249195
249198
249245
249258
249266
249291
249292
249301
249324
249325
249327
249332
249369
249374
249381
249393
249394
249402
249415
249416
249423
249439
249439
249442
249444
249454
249455
249461
249462
249465
249479
249484
249486
249510
249515
249524
249531
249539
249559
249570
249595
249613
249632
249656
249663
249675
249685
249694
249698
249703
249703
249712
249718
249740
249741
249749
249769
249783
249788
249789
249791
249793
249805
249806
249825
249836
249849
249851
249860
249865
249866
249868
249881
249887
249901
249915
249919
249920
249931
249947
249954
249996
249997
250009
250010
250013
250027
250032
250041
250045
250045
250051
250051
250054
250055
250056
250058
250076
250095
250117
250117
250124
250130
250132
250146
250160
250164
250191
250196
250214
250218
250245
250245
250259
250270
250270
250276
250296
250301
250317
250348
250353
250354
250368
250370
250375
250392
250398
250400
250410
250420
250431
250442
250451
250477
250503
250514
250529
250539
250545
250568
250575
250608
250609
250618
250621
250629
250633
250636
250637
250640
250651
250652
250663
250675
250684
250689
250690
250694
250703
250705
250709
250716
250724
250739
250760
250762
250781
250800
250807
250814
250840
250844
250848
250904
250922
250925
250934
250946
250948
250952
250963
250974
250976
250996
251008
251032
251033
251040
251041
251044
251060
251068
251087
251094
251113
251154
251160
251170
251184
251198
251203
251207
251214
251219
251220
251224
251227
251240
251248
251261
251277
251298
251320
251320
251324
251335
251336
251337
251338
251339
251344
251354
251357
251401
251408
251422
251426
251442
251466
251466
251474
251484
251494
251502
251503
251511
251514
251525
251530
251540
251548
251551
251555
251579
251580
251583
251596
251608
251613
251621
251624
251629
251632
251643
251649
251657
251681
251683
251683
251688
251689
251693
251695
251701
251707
251709
251719
251723
251752
251758
251760
251760
251762
251771
251773
251785
251786
251788
251792
251795
251798
251805
251819
251836
251842
251883
251884
251892
251909
251915
251943
251956
251963
251977
251978
251985
251991
252005
252008
252058
252064
252069
252069
252080
252093
252115
252123
252123
252128
252129
252135
252144
252190
252196
252199
252201
252202
252237
252249
252263
252275
252276
252278
252279
252303
252311
252311
252345
252361
252367
252381
252383
252393
252419
252429
252440
252445
252452
252455
252474
252488
252488
252499
252515
252520
252528
252529
252531
252533
252535
252538
252541
252547
252548
252570
252576
252586
252596
252599
252602
252612
252620
252622
252633
252637
252654
252654
252655
252656
252661
252689
252692
252722
252726
252750
252761
252778
252806
252815
252818
252822
252826
252826
252837
252857
252858
252858
252864
252874
252882
252890
252890
252891
252895
252913
252929
252929
252957
252960
252964
252965
252967
252969
252982
252990
252999
253003
253005
253011
253011
253014
253015
253021
253025
253036
253039
253039
253047
253049
253060
253070
253071
253090
253092
253107
253118
253119
253121
253123
253150
253171
253177
253182
253222
253225
253229
253235
253247
253272
253278
253289
253298
253304
253319
253334
253362
253365
253385
253386
253391
253404
253406
253416
253419
253432
253436
253466
253468
253485
253487
253488
253494
253504
253508
253516
253520
253529
253534
253541
253555
253574
253588
253604
253605
253619
253628
253638
253639
253652
253665
253669
253685
253700
253704
253714
253715
253721
253724
253724
253729
253753
253756
253758
253761
253771
253773
253784
253785
253797
253836
253842
253870
253871
253873
253884
253886
253902
253907
253920
253932
253946
253948
253950
253974
253980
254001
254005
254008
254013
254014
254031
254052
254053
254066
254068
254082
254087
254102
254105
254106
254109
254114
254123
254178
254189
254197
254208
254211
254212
254216
254253
254266
254278
254290
254291
254292
254313
254317
254327
254330
254332
254340
254348
254376
254378
254392
254414
254419
254423
254423
254426
254431
254436
254439
254499
254507
254525
254525
254532
254537
254549
254555
254587
254605
254607
254612
254633
254640
254653
254656
254660
254660
254663
254677
254687
254739
254763
254766
254773
254780
254781
254803
254803
254837
254849
254864
254866
254866
254876
254890
254895
254901
254908
254912
254912
254929
254933
254942
254945
254959
254970
254983
255001
255043
255044
255052
255075
255079
255102
255108
255120
255122
255124
255134
255143
255151
255163
255171
255181
255199
255212
255225
255237
255240
255254
255258
255272
255280
255298
255304
255309
255315
255317
255318
255323
255324
255325
255329
255330
255331
255333
255334
255347
255358
255359
255362
255378
255379
255391
255410
255422
255430
255448
255455
255458
255466
255468
255471
255485
255486
255488
255493
255510
255525
255528
255529
255537
255545
255547
255586
255587
255587
255591
255599
255611
255625
255628
255634
255643
255658
255659
255672
255683
255688
255691
255769
255778
255786
255791
255817
255825
255829
255841
255854
255867
255885
255899
255901
255904
255913
255914
255920
255926
255933
255934
255935
255942
255954
255974
256055
256095
256110
256111
256117
256117
256118
256139
256140
256147
256150
256154
256165
256167
256175
256178
256182
256208
256216
256221
256221
256223
256242
256243
256244
256249
256255
256270
256305
256333
256356
256362
256363
256364
256370
256383
256411
256452
256454
256469
256486
256504
256513
256521
256528
256528
256531
256542
256544
256565
256583
256594
256596
256599
256599
256601
256621
256622
256624
256625
256627
256637
256642
256647
256652
256669
256678
256690
256690
256697
256697
256707
256736
256742
256748
256749
256755
256790
256792
256800
256808
256821
256821
256832
256835
256837
256842
256849
256860
256861
256866
256869
256877
256879
256882
256912
256933
256934
256937
256944
256949
256960
256964
256966
256967
256970
256983
257001
257003
257009
257027
257029
257040
257057
257062
257091
257096
257097
257119
257127
257163
257170
257197
257203
257204
257211
257216
257239
257244
257245
257255
257269
257271
257274
257280
257296
257308
257320
257345
257347
257359
257372
257375
257384
257397
257399
257407
257428
257429
257435
257451
257458
257459
257465
257466
257474
257483
257491
257501
257502
257514
257527
257528
257528
257543
257543
257543
257570
257579
257580
257585
257586
257605
257611
257623
257631
257633
257641
257647
257650
257672
257683
257687
257693
257695
257707
257721
257722
257741
257742
257748
257768
257769
257781
257807
257809
257812
257817
257819
257820
257821
257822
257828
257843
257854
257880
257893
257893
257896
257927
257941
257947
257952
257960
257969
257972
257974
257974
258014
258022
258034
258036
258037
258045
258059
258074
258084
258124
258130
258133
258153
258171
258174
258192
258195
258216
258218
258221
258222
258225
258226
258229
258239
258256
258260
258262
258266
258268
258283
258291
258293
258299
258300
258302
258323
258323
258325
258325
258335
258340
258354
258362
258384
258393
258394
258402
258406
258416
258426
258475
258476
258484
258487
258507
258514
258528
258531
258534
258541
258552
258560
258570
258585
258585
258588
258598
258614
258664
258674
258683
258704
258737
258748
258751
258769
258800
258811
258817
258832
258839
258855
258859
258868
258893
258902
258916
258921
258923
258927
258929
258942
258948
258955
258967
258967
258969
258974
258987
259002
259012
259014
259014
259015
259030
259031
259053
259067
259071
259083
259098
259101
259120
259123
259128
259137
259145
259147
259153
259153
259156
259158
259160
259189
259199
259208
259226
259257
259277
259286
259299
259308
259310
259317
259318
259347
259358
259390
259407
259416
259441
259447
259459
259489
259492
259493
259508
259513
259516
259518
259521
259528
259550
259556
259583
259593
259599
259615
259638
259645
259645
259647
259651
259655
259663
259663
259668
259694
259694
259722
259730
259731
259739
259757
259763
259774
259777
259781
259785
259789
259806
259808
259815
259817
259820
259828
259833
259843
259855
259862
259875
259883
259888
259924
259929
259937
259962
259965
259968
259986
259988
259995
260000
260009
260015
260023
260023
260027
260030
260045
260055
260065
260068
260092
260119
260121
260145
260160
260185
260188
260189
260193
260199
260208
260211
260235
260239
260255
260273
260290
260295
260304
260313
260320
260344
260348
260350
260368
260386
260386
260396
260398
260401
260411
260418
260421
260431
260453
260458
260465
260477
260493
260495
260495
260498
260509
260517
260517
260523
260534
260542
260554
260576
260578
260611
260622
260642
260642
260646
260697
260697
260700
260701
260717
260729
260749
260756
260757
260759
260767
260769
260795
260816
260819
260832
260835
260838
260848
260857
260858
260866
260888
260891
260894
260896
260899
260918
260920
260921
260928
260931
260956
260967
260969
260983
260983
260997
261010
261016
261050
261053
261059
261060
261061
261061
261071
261078
261084
261087
261102
261126
261131
261147
261156
261187
261193
261205
261241
261243
261251
261266
261293
261311
261319
261320
261369
261399
261410
261427
261432
261436
261437
261452
261454
261467
261468
261478
261485
261529
261530
261552
261560
261571
261584
261607
261612
261631
261635
261640
261642
261682
261697
261698
261721
261760
261763
261790
261793
261800
261800
261803
261815
261823
261842
261843
261846
261857
261862
261865
261878
261905
261914
261927
261927
261934
261944
261946
261958
261971
261977
261992
261993
262010
262017
262078
262079
262083
262086
262089
262091
262097
262107
262107
262109
262113
262113
262121
262133
262167
262173
262184
262193
262203
262221
262243
262249
262257
262279
262298
262302
262302
262309
262358
262367
262386
262431
262435
262443
262453
262455
262465
262466
262467
262481
262498
262511
262515
262528
262532
262532
262545
262571
262573
262575
262589
262603
262615
262622
262634
262635
262635
262638
262652
262661
262665
262665
262678
262697
262700
262704
262709
262712
262717
262725
262727
262743
262770
262779
262800
262801
262801
262801
262811
262819
262819
262839
262844
262858
262873
262889
262889
262900
262911
262914
262917
262922
262924
262934
262939
262943
262978
262985
263002
263020
263020
263030
263032
263035
263035
263037
263039
263046
263046
263052
263053
263077
263091
263093
263103
263111
263130
263138
263148
263150
263151
263163
263179
263182
263196
263201
263218
263235
263261
263261
263282
263286
263294
263303
263330
263337
263337
263341
263342
263343
263344
263362
263381
263395
263402
263412
263419
263425
263427
263433
263439
263451
263483
263484
263489
263501
263525
263530
263532
263543
263566
263570
263575
263579
263582
263583
263591
263598
263600
263602
263610
263612
263618
263626
263630
263649
263652
263667
263671
263677
263682
263686
263695
263717
263726
263742
263744
263768
263782
263786
263786
263789
263793
263794
263795
263795
263796
263824
263837
263839
263841
263850
263854
263882
263883
263884
263886
263889
263893
263906
263906
263910
263927
263927
263941
263967
263972
263990
263998
264000
264032
264061
264071
264077
264087
264100
264105
264108
264109
264112
264126
264128
264130
264134
264161
264168
264170
264176
264186
264189
264190
264195
264202
264204
264223
264224
264231
264233
264241
264253
264253
264264
264280
264286
264307
264311
264331
264345
264347
264348
264350
264353
264356
264365
264398
264408
264420
264426
264434
264440
264451
264474
264476
264486
264489
264503
264517
264524
264525
264536
264550
264554
264564
264573
264596
264601
264608
264609
264609
264614
264625
264635
264667
264680
264682
264715
264719
264750
264762
264766
264778
264782
264783
264783
264796
264804
264829
264841
264862
264865
264868
264873
264887
264896
264898
264903
264928
264935
264936
264940
264951
264973
264994
264998
265002
265005
265009
265018
265053
265074
265076
265079
265083
265092
265102
265113
265120
265127
265133
265135
265137
265139
265154
265182
265188
265202
265224
265227
265230
265246
265264
265266
265275
265286
265313
265319
265337
265347
265360
265363
265367
265374
265378
265390
265415
265420
265425
265451
265457
265458
265473
265473
265475
265478
265503
265544
265555
265560
265600
265612
265617
265619
265625
265642
265648
265652
265654
265658
265662
265669
265670
265696
265712
265722
265739
265747
265752
265755
265757
265774
265790
265791
265832
265841
265845
265853
265856
265860
265864
265865
265868
265871
265926
265932
265935
265938
265949
265952
265956
265961
265987
265993
266018
266025
266027
266030
266035
266044
266053
266055
266056
266066
266067
266078
266081
266086
266090
266092
266094
266104
266106
266182
266187
266193
266201
266224
266236
266238
266256
266258
266296
266298
266301
266309
266311
266318
266319
266376
266379
266395
266398
266405
266423
266461
266465
266481
266486
266487
266490
266492
266493
266539
266552
266554
266577
266610
266614
266615
266617
266622
266624
266626
266657
266659
266662
266670
266670
266703
266708
266729
266747
266787
266792
266830
266832
266838
266849
266854
266856
266864
266865
266870
266879
266880
266892
266896
266903
266905
266911
266911
266918
266925
266927
266931
266934
266950
266952
266982
266988
266997
267005
267016
267025
267043
267057
267064
267064
267079
267099
267101
267105
267106
267123
267126
267126
267133
267143
267151
267156
267164
267211
267220
267223
267234
267235
267244
267244
267244
267247
267250
267257
267258
267267
267272
267282
267285
267300
267316
267326
267335
267338
267351
267357
267361
267383
267391
267397
267406
267417
267430
267433
267498
267513
267527
267531
267532
267544
267548
267564
267588
267594
267620
267644
267656
267660
267661
267676
267684
267684
267694
267718
267738
267756
267763
267790
267791
267823
267827
267857
267859
267898
267904
267956
267958
267985
267996
268000
268021
268039
268058
268063
268066
268097
268118
268144
268145
268146
268175
268180
268181
268186
268191
268200
268212
268226
268242
268249
268264
268272
268273
268278
268283
268294
268308
268310
268310
268325
268346
268379
268405
268421
268429
268435
268439
268464
268470
268492
268492
268526
268529
268531
268535
268536
268540
268543
268550
268572
268580
268581
268585
268587
268587
268588
268609
268632
268652
268675
268683
268686
268691
268691
268693
268695
268723
268731
268731
268746
268784
268790
268839
268861
268867
268890
268896
268914
268924
268924
268937
268948
268974
268993
268997
268999
269020
269032
269047
269082
269102
269110
269116
269131
269150
269203
269206
269208
269210
269211
269214
269217
269222
269227
269232
269252
269255
269317
269342
269346
269367
269386
269407
269414
269437
269439
269443
269449
269450
269511
269518
269524
269538
269538
269559
269559
269585
269587
269607
269614
269620
269631
269635
269636
269637
269679
269691
269692
269698
269703
269719
269721
269722
269750
269750
269752
269762
269769
269771
269781
269799
269809
269810
269815
269824
269847
269875
269879
269897
269903
269921
269921
269923
269926
269936
269936
269947
269947
269954
269955
269993
270000
270002
270006
270009
270014
270052
270073
270073
270079
270097
270100
270112
270117
270145
270154
270168
270169
270186
270211
270218
270227
270239
270254
270261
270262
270266
270268
270274
270275
270296
270302
270313
270357
270366
270374
270380
270381
270390
270398
270429
270430
270470
270476
270485
270493
270505
270508
270517
270540
270541
270552
270553
270572
270584
270594
270602
270609
270615
270629
270643
270659
270660
270665
270724
270743
270743
270784
270787
270789
270790
270790
270818
270854
270881
270893
270921
270929
270937
270940
270944
270949
270965
270979
270980
270982
271011
271014
271018
271038
271046
271064
271077
271093
271114
271125
271128
271143
271160
271171
271178
271181
271196
271201
271240
271278
271290
271300
271311
271317
271319
271327
271337
271356
271380
271399
271406
271422
271429
271438
271463
271463
271496
271499
271501
271508
271509
271533
271582
271587
271597
271601
271606
271607
271625
271639
271642
271643
271689
271692
271694
271695
271714
271728
271734
271748
271757
271766
271780
271797
271806
271825
271828
271856
271867
271878
271878
271883
271908
271911
271912
271915
271960
271988
271990
271990
271996
272002
272011
272023
272024
272028
272083
272087
272087
272090
272101
272103
272109
272113
272130
272132
272155
272159
272159
272167
272174
272180
272193
272193
272203
272207
272213
272216
272232
272233
272239
272278
272279
272293
272293
272304
272318
272344
272346
272348
272356
272359
272376
272403
272406
272408
272421
272424
272446
272463
272465
272467
272479
272483
272493
272496
272496
272499
272538
272544
272550
272559
272579
272580
272588
272597
272599
272628
272632
272636
272646
272671
272680
272691
272695
272697
272709
272714
272718
272722
272728
272748
272762
272763
272772
272774
272774
272776
272791
272812
272822
272825
272835
272839
272843
272863
272905
272911
272917
272918
272936
272943
272963
272986
273014
273033
273040
273041
273054
273061
273063
273089
273100
273103
273111
273115
273124
273135
273138
273179
273209
273236
273264
273275
273282
273285
273292
273293
273328
273335
273335
273379
273382
273389
273403
273404
273419
273419
273421
273422
273432
273454
273460
273465
273467
273476
273525
273537
273550
273552
273567
273587
273592
273592
273596
273606
273608
273632
273656
273672
273672
273684
273690
273711
273719
273734
273757
273767
273774
273796
273797
273883
273893
273901
273929
273935
273955
273960
273966
273968
273971
273981
273987
274007
274008
274009
274029
274033
274044
274050
274050
274065
274072
274073
274093
274094
274099
274102
274108
274111
274112
274130
274140
274148
274164
274164
274174
274175
274178
274180
274196
274198
274202
274224
274246
274247
274266
274274
274299
274306
274319
274338
274370
274411
274422
274424
274425
274426
274427
274428
274447
274472
274476
274488
274498
274502
274516
274528
274541
274544
274544
274552
274552
274581
274615
274627
274641
274642
274655
274666
274681
274696
274701
274706
274706
274713
274722
274756
274788
274794
274796
274801
274803
274810
274813
274818
274830
274831
274833
274836
274848
274855
274858
274859
274880
274890
274911
274911
274938
274954
274966
274979
274980
274996
275005
275014
275021
275043
275058
275076
275094
275095
275096
275098
275099
275100
275112
275112
275116
275124
275145
275147
275149
275154
275155
275169
275173
275179
275226
275233
275238
275240
275252
275258
275267
275267
275273
275283
275305
275311
275320
275336
275348
275348
275352
275357
275367
275368
275371
275374
275375
275377
275387
275418
275432
275438
275443
275457
275466
275474
275484
275486
275498
275499
275501
275504
275507
275515
275517
275520
275520
275531
275539
275541
275556
275636
275639
275640
275642
275645
275650
275650
275659
275676
275685
275689
275691
275694
275697
275715
275721
275722
275736
275749
275801
275808
275813
275813
275819
275827
275840
275842
275842
275875
275887
275888
275903
275907
275908
275923
275956
276009
276021
276033
276034
276041
276049
276081
276084
276100
276135
276138
276143
276153
276157
276168
276169
276183
276184
276186
276188
276213
276219
276243
276269
276273
276274
276281
276284
276290
276291
276295
276308
276337
276338
276401
276434
276462
276463
276484
276491
276491
276500
276503
276527
276530
276550
276578
276580
276599
276602
276603
276604
276620
276623
276639
276643
276658
276663
276664
276667
276674
276683
276693
276701
276703
276706
276715
276731
276731
276746
276760
276788
276791
276795
276804
276814
276817
276821
276832
276835
276852
276860
276866
276884
276886
276892
276922
276929
276935
276941
276953
276965
276975
276988
277019
277052
277063
277083
277100
277123
277137
277145
277145
277185
277191
277195
277200
277207
277212
277224
277226
277238
277248
277251
277261
277264
277284
277287
277292
277300
277304
277308
277309
277313
277315
277318
277325
277330
277330
277330
277331
277350
277353
277353
277375
277375
277376
277376
277379
277399
277403
277410
277431
277441
277443
277449
277467
277479
277485
277488
277500
277511
277527
277542
277559
277572
277575
277583
277585
277586
277587
277600
277600
277625
277638
277653
277655
277679
277683
277700
277714
277719
277739
277764
277767
277767
277767
277771
277778
277781
277785
277786
277787
277796
277819
277848
277850
277858
277859
277871
277889
277893
277902
277923
277939
277946
277953
277953
277965
277978
277982
277997
278006
278032
278036
278039
278045
278063
278094
278094
278096
278099
278102
278108
278109
278117
278130
278131
278133
278155
278163
278166
278171
278175
278201
278205
278232
278248
278249
278249
278253
278268
278289
278290
278323
278325
278339
278342
278345
278349
278354
278365
278366
278385
278433
278451
278458
278469
278469
278482
278490
278490
278515
278528
278535
278540
278540
278548
278551
278554
278556
278569
278586
278599
278621
278631
278643
278645
278651
278656
278662
278669
278679
278679
278684
278688
278731
278735
278760
278784
278798
278808
278819
278830
278850
278851
278871
278883
278888
278905
278918
278927
278952
278969
278971
278977
278978
279006
279012
279060
279063
279070
279074
279098
279099
279105
279107
279117
279132
279138
279144
279156
279172
279176
279199
279204
279207
279219
279233
279240
279261
279287
279306
279328
279331
279336
279345
279355
279366
279369
279387
279390
279421
279427
279428
279450
279461
279472
279474
279476
279492
279494
279504
279531
279532
279536
279536
279537
279556
279567
279587
279590
279598
279615
279623
279623
279624
279630
279634
279642
279646
279652
279667
279671
279678
279681
279687
279690
279692
279699
279700
279709
279736
279765
279773
279839
279857
279871
279871
279871
279877
279884
279889
279892
279894
279898
279898
279900
279909
279912
279914
279915
279934
279943
279955
279966
279982
279987
280003
280026
280058
280061
280067
280068
280116
280145
280159
280164
280168
280192
280193
280195
280202
280204
280206
280211
280229
280287
280295
280321
280322
280331
280343
280345
280349
280378
280380
280381
280391
280393
280398
280425
280440
280444
280447
280449
280458
280482
280496
280517
280529
280530
280553
280575
280584
280591
280604
280609
280614
280634
280637
280640
280641
280645
280653
280683
280696
280782
280784
280789
280798
280800
280801
280806
280822
280837
280840
280842
280854
280860
280874
280877
280889
280893
280897
280897
280901
280907
280916
280928
280929
280947
280976
280993
280996
280996
281020
281040
281071
281112
281115
281118
281131
281141
281142
281162
281189
281189
281192
281193
281239
281242
281246
281252
281295
281334
281338
281349
281383
281387
281387
281392
281418
281419
281434
281444
281453
281469
281475
281482
281489
281499
281501
281504
281507
281513
281530
281547
281559
281560
281565
281571
281585
281587
281588
281599
281612
281622
281624
281663
281669
281670
281675
281687
281690
281692
281694
281702
281710
281711
281711
281712
281712
281716
281719
281735
281753
281755
281758
281763
281768
281772
281774
281783
281810
281811
281817
281820
281831
281853
281858
281858
281863
281867
281871
281881
281883
281892
281910
281922
281922
281926
281926
281959
281960
281972
281976
281981
281992
282018
282020
282031
282034
282045
282061
282062
282080
282080
282087
282104
282126
282129
282156
282166
282168
282168
282185
282194
282202
282204
282232
282233
282239
282249
282250
282260
282261
282281
282286
282295
282297
282306
282315
282319
282323
282330
282336
282351
282370
282370
282379
282384
282386
282391
282408
282413
282417
282449
282464
282471
282489
282497
282512
282516
282535
282549
282550
282557
282566
282574
282583
282597
282621
282621
282626
282641
282645
282649
282655
282671
282675
282686
282705
282710
282733
282765
282773
282790
282813
282820
282824
282840
282849
282868
282870
282880
282882
282883
282892
282905
282915
282923
282928
282933
282954
282954
282961
282965
282984
282986
282995
283004
283011
283019
283026
283030
283041
283044
283048
283058
283070
283072
283090
283121
283135
283136
283148
283168
283183
283186
283191
283203
283205
283209
283213
283220
283249
283258
283258
283263
283267
283276
283283
283289
283292
283306
283308
283330
283337
283354
283362
283373
283373
283377
283383
283388
283391
283403
283408
283423
283425
283431
283433
283439
283453
283474
283476
283479
283494
283496
283497
283517
283527
283549
283553
283556
283557
283562
283577
283582
283604
283605
283608
283618
283624
283630
283679
283681
283703
283705
283718
283749
283762
283794
283796
283812
283812
283821
283828
283836
283846
283848
283876
283877
283889
283900
283901
283904
283906
283907
283911
283913
283933
283943
283960
283971
283979
284011
284059
284067
284080
284085
284088
284098
284114
284128
284132
284154
284163
284164
284189
284191
284213
284223
284234
284235
284252
284254
284254
284284
284288
284292
284294
284297
284305
284311
284311
284320
284323
284359
284370
284370
284371
284371
284372
284383
284387
284394
284402
284411
284427
284431
284439
284440
284448
284475
284485
284486
284491
284492
284512
284513
284516
284519
284600
284600
284638
284640
284687
284697
284730
284760
284760
284790
284794
284799
284829
284833
284848
284850
284864
284864
284867
284874
284887
284892
284895
284908
284910
284919
284960
284969
284975
284988
285003
285005
285027
285060
285060
285063
285064
285082
285084
285102
285111
285123
285128
285128
285133
285136
285143
285155
285156
285161
285219
285229
285233
285240
285242
285248
285278
285295
285306
285312
285318
285330
285337
285342
285354
285363
285367
285375
285381
285388
285451
285456
285474
285482
285489
285491
285511
285513
285514
285519
285525
285526
285536
285550
285582
285604
285630
285643
285645
285656
285659
285660
285660
285662
285663
285664
285670
285681
285703
285710
285711
285713
285728
285743
285753
285772
285773
285783
285791
285797
285806
285814
285827
285850
285852
285859
285876
285881
285886
285888
285898
285900
285908
285915
285931
285933
285941
285959
285970
285978
285978
285994
285996
286000
286001
286004
286006
286025
286051
286055
286062
286075
286076
286086
286090
286095
286111
286116
286122
286137
286146
286150
286164
286165
286170
286179
286192
286199
286204
286213
286226
286236
286261
286270
286273
286284
286291
286299
286304
286313
286331
286346
286358
286362
286363
286387
286409
286455
286463
286466
286468
286469
286473
286473
286480
286482
286485
286502
286504
286505
286506
286540
286549
286553
286555
286562
286568
286579
286587
286588
286597
286614
286645
286669
286680
286693
286703
286704
286762
286772
286785
286794
286804
286815
286833
286867
286879
286881
286892
286914
286916
286916
286920
286924
286928
286937
286938
286948
286965
286981
287003
287009
287020
287031
287046
287050
287077
287090
287093
287109
287122
287129
287146
287147
287158
287173
287175
287179
287189
287204
287205
287219
287221
287242
287247
287254
287268
287270
287272
287279
287288
287297
287309
287311
287316
287320
287320
287322
287324
287335
287341
287343
287344
287344
287350
287353
287354
287356
287364
287395
287400
287415
287434
287439
287442
287447
287451
287456
287476
287509
287532
287540
287543
287555
287566
287567
287571
287593
287603
287604
287605
287606
287610
287638
287638
287640
287641
287642
287653
287667
287679
287697
287701
287712
287715
287719
287725
287739
287751
287781
287787
287795
287831
287835
287849
287850
287851
287867
287869
287893
287897
287899
287900
287903
287903
287906
287919
287925
287928
287941
287955
287986
288002
288006
288020
288021
288032
288043
288047
288050
288063
288077
288107
288118
288133
288138
288141
288142
288159
288167
288172
288189
288200
288205
288209
288220
288230
288231
288241
288243
288251
288252
288295
288331
288337
288359
288363
288367
288393
288399
288412
288412
288435
288436
288441
288506
288513
288544
288550
288590
288605
288607
288626
288629
288631
288633
288642
288651
288666
288667
288691
288693
288701
288703
288739
288745
288762
288795
288799
288824
288829
288837
288876
288878
288881
288894
288909
288912
288930
288939
288944
288956
288960
288970
288984
288985
288990
288994
289014
289036
289038
289054
289064
289085
289088
289089
289092
289106
289115
289139
289153
289155
289177
289187
289195
289210
289227
289229
289233
289233
289246
289251
289252
289257
289259
289262
289272
289306
289327
289358
289369
289395
289413
289418
289423
289429
289444
289454
289458
289461
289478
289479
289484
289487
289494
289498
289514
289514
289519
289521
289522
289525
289539
289560
289570
289605
289614
289614
289617
289642
289643
289643
289644
289646
289661
289676
289698
289700
289710
289725
289735
289735
289753
289775
289777
289789
289806
289813
289844
289893
289897
289906
289907
289914
289922
289923
289941
289946
289948
289950
289958
289972
289983
289983
289999
290008
290029
290035
290055
290059
290060
290068
290068
290082
290097
290133
290136
290155
290181
290184
290203
290223
290225
290233
290237
290254
290262
290283
290284
290293
290300
290301
290301
290303
290306
290318
290323
290364
290365
290374
290401
290428
290435
290457
290459
290460
290469
290469
290481
290493
290498
290499
290504
290513
290518
290523
290526
290546
290555
290556
290574
290592
290614
290629
290634
290635
290638
290654
290663
290673
290673
290677
290687
290694
290696
290697
290700
290707
290731
290767
290768
290769
290792
290825
290840
290856
290875
290891
290926
290927
290929
290929
290936
290950
290957
290977
290994
291008
291024
291034
291047
291051
291073
291079
291094
291115
291116
291118
291118
291128
291132
291143
291148
291156
291171
291180
291199
291211
291220
291235
291261
291262
291270
291272
291273
291274
291280
291283
291284
291290
291309
291323
291326
291332
291339
291347
291352
291357
291378
291382
291383
291388
291395
291395
291410
291425
291454
291455
291458
291459
291509
291524
291558
291558
291573
291575
291576
291578
291582
291616
291640
291652
291661
291667
291670
291693
291703
291734
291758
291764
291768
291789
291789
291799
291833
291859
291873
291907
291921
291927
291930
291940
291946
291962
291972
291996
292007
292031
292034
292036
292086
292096
292100
292106
292133
292146
292147
292152
292159
292179
292182
292184
292187
292196
292200
292215
292221
292228
292236
292238
292241
292258
292260
292267
292281
292286
292287
292287
292297
292299
292306
292310
292315
292328
292330
292344
292360
292363
292372
292378
292383
292401
292404
292406
292418
292430
292443
292446
292449
292453
292455
292464
292479
292493
292502
292507
292511
292532
292540
292561
292577
292577
292589
292614
292622
292625
292634
292637
292637
292662
292676
292681
292689
292691
292692
292695
292702
292707
292708
292710
292715
292720
292755
292770
292770
292780
292790
292795
292803
292805
292805
292810
292811
292845
292873
292884
292913
292917
292919
292950
292954
292961
292965
292966
292979
292980
292983
292989
292995
292996
292999
293011
293026
293030
293046
293046
293048
293050
293060
293066
293116
293137
293172
293173
293202
293250
293251
293252
293260
293282
293289
293297
293308
293314
293315
293316
293328
293333
293377
293379
293387
293391
293391
293402
293403
293421
293427
293431
293438
293479
293479
293497
293505
293510
293512
293525
293541
293568
293589
293592
293596
293604
293613
293619
293626
293630
293650
293659
293662
293664
293674
293692
293696
293700
293702
293704
293706
293713
293726
293730
293757
293759
293775
293782
293788
293789
293791
293792
293831
293840
293848
293849
293854
293865
293869
293870
293872
293877
293905
293907
293941
293960
293960
293961
293964
293968
293968
293970
293970
293988
293997
294002
294009
294014
294020
294024
294041
294062
294065
294081
294084
294090
294091
294103
294106
294108
294123
294124
294127
294149
294178
294215
294229
294230
294236
294239
294265
294283
294287
294296
294306
294307
294313
294337
294345
294355
294360
294361
294369
294376
294399
294409
294423
294439
294447
294466
294468
294477
294488
294489
294496
294531
294563
294580
294582
294587
294598
294609
294617
294623
294632
294632
294637
294660
294666
294667
294673
294679
294694
294694
294695
294711
294713
294722
294725
294726
294727
294731
294731
294740
294757
294767
294794
294834
294837
294839
294850
294853
294856
294857
294858
294867
294873
294888
294895
294903
294933
294975
294983
294988
294999
294999
295002
295008
295033
295047
295049
295059
295060
295063
295070
295073
295095
295125
295130
295135
295150
295157
295157
295160
295183
295186
295187
295208
295209
295217
295223
295224
295230
295238
295246
295248
295265
295283
295287
295288
295310
295315
295320
295326
295329
295347
295357
295373
295401
295403
295411
295415
295435
295451
295477
295484
295484
295485
295487
295499
295499
295531
295535
295539
295546
295554
295571
295589
295590
295596
295597
295600
295612
295613
295616
295640
295667
295673
295678
295681
295682
295688
295691
295696
295696
295704
295705
295733
295742
295765
295765
295777
295786
295791
295795
295805
295833
295867
295878
295900
295999
296010
296011
296041
296044
296052
296059
296094
296099
296105
296128
296147
296152
296155
296167
296184
296192
296195
296195
296198
296215
296215
296232
296237
296251
296258
296279
296283
296302
296333
296348
296387
296399
296404
296426
296436
296439
296439
296459
296464
296493
296500
296504
296512
296524
296538
296550
296579
296617
296627
296639
296647
296659
296663
296674
296676
296697
296725
296741
296748
296758
296765
296793
296813
296825
296839
296841
296857
296873
296875
296881
296882
296891
296910
296916
296936
296960
296968
296974
297000
297012
297013
297015
297026
297046
297053
297053
297054
297060
297060
297062
297072
297075
297083
297088
297091
297092
297111
297111
297134
297135
297138
297147
297167
297170
297172
297187
297194
297199
297206
297208
297247
297261
297262
297268
297269
297275
297280
297282
297282
297286
297299
297310
297314
297316
297326
297336
297340
297340
297344
297345
297354
297365
297378
297393
297402
297403
297404
297405
297416
297428
297432
297434
297462
297466
297479
297484
297512
297513
297517
297524
297549
297552
297555
297562
297564
297564
297583
297611
297623
297645
297654
297725
297730
297740
297762
297765
297772
297779
297807
297811
297820
297823
297824
297857
297863
297876
297894
297894
297895
297895
297906
297915
297920
297933
297948
297981
297984
297995
298021
298026
298050
298072
298074
298081
298089
298098
298112
298125
298127
298137
298140
298147
298152
298163
298165
298188
298196
298213
298218
298222
298224
298244
298250
298253
298270
298271
298278
298280
298298
298326
298331
298335
298340
298403
298406
298409
298413
298417
298420
298422
298423
298429
298433
298447
298448
298448
298454
298471
298505
298521
298525
298528
298532
298538
298543
298543
298556
298559
298585
298593
298593
298622
298624
298654
298663
298685
298719
298724
298752
298767
298773
298788
298794
298834
298835
298877
298884
298899
298917
298944
298961
298965
298982
298985
299001
299006
299037
299041
299060
299101
299101
299103
299110
299118
299128
299133
299142
299148
299153
299164
299166
299184
299186
299197
299222
299228
299240
299241
299279
299283
299296
299305
299328
299339
299346
299372
299386
299387
299393
299398
299403
299415
299419
299442
299452
299472
299477
299477
299483
299501
299529
299549
299556
299564
299567
299588
299605
299612
299637
299643
299655
299655
299659
299674
299681
299718
299722
299728
299753
299764
299770
299773
299775
299780
299782
299789
299792
299797
299816
299818
299821
299836
299849
299851
299853
299865
299874
299879
299885
299929
299941
299942
299966
299983
299986
299988
300004
300006
300019
300034
300039
300053
300054
300056
300067
300070
300080
300095
300098
300101
300110
300112
300136
300147
300157
300174
300176
300197
300218
300230
300233
300235
300248
300254
300257
300319
300322
300328
300338
300361
300372
300379
300383
300386
300391
300394
300395
300397
300399
300401
300415
300423
300435
300437
300446
300456
300457
300480
300512
300519
300522
300522
300525
300525
300546
300555
300555
300561
300567
300570
300597
300603
300613
300622
300622
300633
300654
300660
300672
300682
300688
300692
300698
300706
300711
300725
300725
300732
300740
300740
300774
300795
300806
300807
300811
300818
300820
300824
300831
300835
300839
300845
300846
300846
300863
300864
300871
300871
300884
300888
300899
300899
300925
300927
300960
300962
300983
301004
301006
301026
301035
301037
301042
301049
301056
301085
301088
301089
301097
301101
301114
301139
301154
301163
301164
301174
301184
301185
301208
301210
301222
301222
301231
301236
301245
301245
301246
301261
301293
301297
301298
301307
301308
301310
301323
301331
301336
301336
301364
301371
301379
301384
301390
301396
301397
301397
301406
301407
301419
301436
301438
301450
301451
301459
301478
301492
301498
301516
301517
301531
301547
301557
301558
301559
301576
301577
301583
301584
301595
301610
301617
301641
301645
301655
301659
301696
301718
301721
301723
301724
301733
301739
301743
301757
301759
301762
301816
301830
301835
301836
301844
301851
301853
301859
301861
301868
301872
301889
301894
301897
301899
301909
301910
301916
301923
301927
301932
301938
301949
301972
301972
301973
301977
301990
301991
301997
301998
301998
302001
302008
302022
302036
302053
302080
302081
302082
302096
302108
302110
302114
302130
302137
302141
302146
302161
302187
302189
302199
302228
302229
302268
302270
302315
302325
302343
302351
302351
302355
302355
302361
302385
302386
302397
302406
302480
302482
302489
302495
302496
302506
302515
302515
302519
302521
302525
302551
302562
302565
302568
302586
302598
302617
302624
302632
302635
302636
302647
302664
302670
302674
302676
302680
302691
302705
302716
302719
302729
302732
302736
302751
302754
302764
302773
302780
302790
302806
302822
302849
302868
302872
302887
302910
302916
302921
302922
302924
302936
302949
302952
302961
302963
302995
303004
303010
303011
303032
303032
303046
303053
303062
303076
303103
303106
303119
303132
303160
303160
303169
303169
303173
303179
303180
303184
303195
303198
303198
303220
303251
303252
303257
303259
303265
303270
303282
303291
303298
303304
303306
303328
303370
303391
303412
303417
303465
303465
303473
303512
303515
303525
303534
303535
303574
303578
303583
303600
303604
303606
303620
303633
303644
303652
303655
303665
303667
303667
303668
303672
303680
303683
303684
303694
303706
303707
303708
303723
303745
303758
303764
303765
303770
303815
303820
303824
303825
303862
303866
303869
303884
303904
303905
303912
303914
303922
303952
303955
303961
303971
303988
303999
304001
304006
304018
304024
304030
304042
304058
304060
304061
304071
304083
304088
304090
304115
304152
304155
304161
304165
304172
304174
304195
304200
304207
304209
304215
304227
304248
304255
304264
304266
304273
304274
304275
304301
304314
304320
304323
304335
304341
304357
304357
304359
304368
304369
304369
304384
304386
304387
304483
304491
304493
304506
304533
304539
304540
304559
304565
304567
304583
304591
304610
304632
304638
304668
304677
304682
304690
304690
304699
304703
304705
304708
304709
304727
304731
304740
304750
304762
304780
304781
304807
304850
304857
304864
304870
304872
304874
304889
304894
304931
304937
304938
304952
304962
304968
304977
304991
305000
305019
305020
305021
305036
305038
305048
305057
305061
305086
305098
305112
305121
305148
305154
305159
305160
305198
305215
305226
305230
305249
305249
305267
305271
305273
305281
305283
305283
305286
305299
305306
305317
305319
305343
305344
305347
305395
305407
305413
305420
305423
305425
305429
305462
305470
305477
305493
305496
305519
305523
305533
305549
305570
305577
305582
305586
305602
305606
305612
305633
305647
305655
305664
305676
305683
305686
305707
305708
305754
305773
305775
305786
305788
305817
305817
305823
305825
305834
305840
305855
305855
305903
305914
305918
305921
305921
305936
305941
305945
305949
305954
305971
305985
305989
305995
306011
306015
306017
306017
306022
306028
306029
306039
306052
306054
306061
306062
306064
306080
306088
306096
306104
306118
306131
306132
306141
306149
306150
306151
306157
306159
306170
306198
306218
306220
306241
306246
306261
306267
306269
306273
306294
306299
306299
306304
306304
306317
306320
306321
306333
306351
306371
306371
306384
306389
306427
306429
306432
306458
306463
306472
306485
306499
306502
306508
306531
306542
306545
306555
306561
306569
306578
306583
306602
306612
306630
306664
306689
306694
306695
306713
306715
306716
306730
306737
306768
306771
306773
306775
306779
306780
306785
306805
306805
306810
306830
306851
306855
306871
306876
306898
306901
306903
306945
306947
306953
306955
306956
306969
306988
306991
306996
307016
307028
307029
307071
307089
307095
307108
307114
307116
307118
307119
307140
307145
307150
307153
307159
307168
307183
307187
307188
307200
307211
307213
307233
307247
307263
307263
307271
307280
307290
307291
307301
307305
307311
307316
307318
307356
307370
307375
307387
307403
307411
307419
307423
307432
307435
307446
307462
307463
307464
307488
307489
307494
307507
307511
307537
307541
307541
307576
307577
307577
307587
307607
307624
307635
307642
307660
307662
307676
307678
307718
307719
307719
307723
307725
307726
307728
307730
307732
307736
307739
307755
307759
307764
307777
307795
307799
307816
307830
307840
307848
307863
307872
307878
307879
307887
307893
307893
307895
307929
307965
307970
307976
307988
307988
307998
308005
308006
308019
308020
308024
308035
308053
308058
308067
308083
308096
308106
308113
308125
308136
308144
308158
308179
308188
308194
308207
308207
308217
308217
308226
308235
308247
308261
308265
308282
308286
308287
308294
308297
308304
308319
308326
308338
308356
308366
308375
308378
308393
308413
308424
308428
308438
308446
308446
308449
308483
308488
308493
308508
308513
308542
308544
308546
308555
308557
308581
308605
308628
308633
308654
308672
308695
308705
308706
308710
308718
308718
308726
308753
308772
308781
308797
308797
308830
308847
308878
308879
308886
308906
308911
308913
308917
308922
308927
308943
308947
308955
308964
308970
308987
308991
309005
309007
309014
309021
309031
309035
309038
309048
309051
309062
309071
309071
309075
309083
309085
309092
309093
309099
309144
309145
309159
309181
309187
309189
309191
309198
309202
309204
309216
309219
309220
309222
309227
309255
309260
309261
309274
309281
309289
309290
309298
309303
309314
309318
309347
309353
309367
309367
309371
309383
309405
309408
309417
309428
309428
309430
309444
309446
309448
309449
309460
309460
309461
309469
309479
309491
309493
309505
309516
309519
309522
309561
309574
309590
309597
309629
309635
309636
309642
309645
309648
309653
309680
309700
309701
309702
309721
309723
309729
309747
309748
309771
309792
309801
309806
309807
309828
309846
309849
309894
309895
309896
309907
309930
309934
309944
309944
309948
309964
309975
309978
309979
309996
310000
310001
310002
310003
310014
310023
310031
310033
310046
310049
310057
310104
310104
310109
310115
310116
310128
310128
310135
310138
310139
310154
310162
310166
310177
310178
310184
310194
310213
310251
310258
310268
310278
310281
310282
310293
310296
310307
310319
310328
310333
310359
310362
310374
310379
310381
310409
310426
310426
310432
310446
310452
310456
310462
310468
310472
310487
310496
310501
310514
310515
310515
310547
310547
310551
310562
310572
310581
310585
310587
310598
310615
310616
310620
310635
310657
310669
310682
310695
310704
310718
310719
310719
310728
310735
310746
310750
310761
310777
310779
310784
310802
310805
310808
310814
310817
310818
310825
310832
310835
310837
310857
310858
310865
310874
310876
310878
310880
310895
310899
310916
310932
310955
310955
310960
310987
311013
311013
311057
311066
311076
311080
311087
311101
311134
311153
311158
311171
311181
311187
311197
311220
311232
311245
311245
311271
311278
311281
311281
311289
311309
311312
311332
311332
311345
311349
311351
311374
311377
311377
311378
311378
311394
311411
311418
311423
311426
311440
311443
311445
311471
311475
311508
311519
311525
311535
311591
311598
311604
311609
311616
311616
311618
311620
311639
311646
311676
311679
311686
311703
311738
311742
311764
311776
311776
311777
311780
311807
311813
311820
311852
311858
311890
311893
311905
311912
311912
311925
311943
311945
311948
311956
311958
311973
311976
311977
311980
311981
311986
312018
312021
312052
312070
312085
312094
312096
312105
312114
312115
312122
312126
312129
312139
312151
312155
312159
312163
312177
312185
312194
312209
312239
312239
312243
312255
312265
312289
312289
312290
312291
312302
312307
312311
312347
312348
312348
312350
312350
312360
312369
312382
312394
312425
312431
312436
312449
312463
312473
312484
312492
312494
312515
312515
312522
312537
312559
312584
312604
312604
312609
312610
312622
312630
312630
312636
312641
312642
312647
312649
312662
312681
312719
312723
312739
312762
312767
312812
312822
312823
312827
312845
312858
312864
312867
312875
312936
312944
312951
312951
312964
312977
313001
313002
313003
313008
313021
313024
313027
313032
313038
313080
313084
313095
313096
313100
313102
313107
313117
313132
313137
313142
313142
313166
313169
313173
313179
313187
313193
313195
313219
313220
313239
313246
313248
313276
313282
313285
313296
313306
313322
313348
313359
313374
313391
313409
313421
313427
313429
313440
313444
313461
313465
313470
313493
313508
313511
313513
313516
313523
313538
313558
313561
313563
313564
313586
313596
313598
313605
313616
313619
313632
313642
313655
313695
313697
313703
313704
313710
313730
313736
313750
313750
313770
313781
313784
313788
313789
313795
313798
313800
313813
313821
313822
313823
313826
313829
313830
313844
313844
313856
313867
313867
313879
313895
313896
313898
313901
313911
313920
313924
313940
313944
313945
313950
313971
313986
314004
314020
314030
314032
314042
314043
314059
314073
314086
314088
314094
314099
314105
314107
314137
314138
314140
314141
314189
314208
314223
314247
314259
314267
314286
314290
314303
314320
314327
314328
314344
314352
314364
314377
314399
314406
314406
314413
314419
314433
314436
314447
314476
314491
314499
314516
314523
314534
314554
314555
314556
314572
314600
314621
314622
314641
314649
314657
314659
314669
314671
314684
314706
314708
314710
314732
314738
314758
314780
314786
314795
314821
314838
314839
314842
314843
314845
314854
314855
314894
314910
314910
314915
314930
314947
314947
314975
314975
314977
314979
314987
315001
315026
315043
315062
315072
315082
315105
315122
315132
315133
315136
315161
315181
315202
315205
315213
315215
315226
315236
315244
315260
315262
315272
315279
315316
315317
315335
315340
315361
315369
315383
315397
315406
315410
315423
315429
315445
315458
315463
315473
315475
315483
315532
315537
315547
315578
315595
315618
315621
315623
315653
315660
315661
315672
315675
315702
315702
315723
315731
315755
315788
315799
315803
315803
315803
315807
315810
315814
315817
315834
315835
315835
315838
315839
315841
315842
315844
315862
315877
315880
315889
315901
315909
315943
315946
315950
315956
315982
316000
316006
316029
316047
316056
316063
316064
316067
316072
316079
316109
316138
316141
316146
316150
316153
316169
316182
316191
316201
316208
316221
316227
316253
316257
316267
316276
316282
316283
316287
316325
316343
316368
316370
316384
316391
316396
316407
316414
316432
316436
316461
316463
316467
316468
316472
316487
316507
316512
316516
316538
316540
316572
316576
316597
316601
316625
316646
316685
316692
316712
316739
316743
316772
316774
316783
316786
316798
316800
316804
316807
316820
316827
316845
316869
316879
316883
316892
316898
316907
316917
316947
316949
316968
316970
316981
317021
317022
317037
317046
317049
317055
317085
317087
317091
317096
317101
317113
317122
317129
317135
317144
317156
317156
317172
317181
317181
317194
317202
317213
317220
317228
317231
317233
317237
317240
317245
317246
317261
317261
317262
317273
317273
317274
317278
317279
317286
317308
317337
317364
317369
317376
317401
317404
317413
317428
317428
317434
317440
317447
317457
317466
317474
317479
317481
317481
317496
317518
317518
317551
317560
317563
317566
317592
317611
317614
317621
317631
317632
317636
317670
317682
317682
317686
317690
317699
317701
317717
317721
317733
317766
317818
317828
317841
317842
317849
317854
317863
317865
317883
317885
317895
317902
317912
317920
317946
317957
317961
317981
317998
318008
318038
318039
318060
318075
318083
318086
318089
318107
318138
318153
318171
318227
318232
318237
318239
318267
318272
318276
318325
318357
318364
318370
318399
318407
318408
318411
318422
318443
318446
318446
318450
318453
318453
318456
318472
318476
318485
318494
318507
318522
318522
318532
318554
318561
318576
318591
318603
318610
318619
318621
318635
318645
318661
318682
318696
318713
318713
318717
318720
318723
318748
318760
318784
318785
318789
318798
318806
318809
318811
318828
318833
318834
318849
318850
318853
318855
318859
318866
318866
318867
318873
318874
318888
318934
318946
318948
318948
318969
318979
318984
318999
319002
319020
319033
319040
319041
319090
319097
319104
319120
319122
319141
319145
319167
319186
319191
319202
319217
319225
319236
319240
319280
319286
319288
319293
319295
319310
319328
319338
319342
319350
319353
319353
319357
319360
319372
319374
319377
319408
319425
319429
319429
319442
319476
319492
319510
319536
319537
319541
319544
319554
319563
319576
319581
319582
319589
319604
319607
319610
319615
319618
319637
319645
319646
319675
319678
319692
319695
319700
319707
319709
319715
319753
319762
319778
319802
319830
319844
319846
319848
319857
319862
319866
319871
319880
319890
319893
319905
319908
319934
319958
319982
319985
319996
320003
320033
320038
320043
320047
320061
320071
320071
320076
320084
320100
320113
320115
320122
320126
320127
320140
320156
320173
320176
320195
320202
320202
320214
320227
320237
320248
320257
320264
320265
320290
320295
320295
320299
320333
320337
320343
320346
320348
320351
320353
320357
320358
320371
320379
320403
320404
320424
320432
320434
320447
320453
320455
320459
320473
320480
320482
320483
320499
320514
320514
320526
320549
320554
320583
320583
320585
320586
320587
320594
320602
320615
320619
320621
320624
320631
320631
320643
320650
320652
320672
320676
320679
320679
320679
320679
320680
320685
320698
320719
320729
320762
320762
320769
320775
320792
320805
320819
320843
320875
320907
320914
320918
320926
320939
320941
320948
320956
320991
320998
321003
321016
321023
321033
321036
321047
321047
321071
321079
321081
321088
321089
321089
321097
321116
321139
321150
321164
321166
321175
321218
321233
321262
321272
321273
321279
321281
321288
321295
321303
321322
321329
321346
321388
321401
321406
321408
321414
321426
321440
321461
321488
321502
321511
321522
321552
321564
321568
321568
321589
321602
321603
321603
321627
321638
321659
321683
321707
321708
321728
321730
321733
321735
321739
321749
321755
321756
321787
321792
321794
321795
321799
321824
321826
321838
321842
321853
321858
321865
321885
321891
321909
321915
321925
321925
321934
321943
321949
321953
321965
321966
321969
321972
321976
321978
321984
321984
321998
321999
322010
322011
322027
322066
322074
322094
322099
322107
322150
322151
322154
322170
322174
322181
322190
322208
322237
322240
322241
322245
322256
322270
322273
322287
322297
322300
322304
322311
322323
322325
322331
322350
322353
322366
322366
322383
322389
322406
322416
322433
322456
322458
322463
322469
322476
322488
322498
322502
322510
322514
322514
322518
322527
322530
322533
322542
322544
322564
322586
322586
322587
322588
322612
322625
322628
322639
322651
322660
322683
322694
322699
322708
322713
322726
322745
322754
322754
322763
322770
322809
322876
322890
322890
322900
322911
322914
322920
322922
322934
322947
322989
322996
323028
323034
323041
323046
323063
323070
323077
323082
323103
323105
323133
323140
323143
323155
323175
323178
323185
323186
323188
323199
323203
323209
323210
323213
323217
323219
323220
323223
323226
323231
323232
323238
323265
323270
323271
323275
323281
323309
323313
323324
323350
323356
323380
323392
323397
323404
323411
323434
323445
323452
323453
323454
323458
323483
323499
323512
323523
323538
323560
323566
323568
323574
323585
323592
323604
323614
323626
323628
323633
323639
323642
323662
323677
323680
323684
323721
323733
323742
323744
323747
323749
323774
323796
323798
323799
323800
323801
323809
323832
323832
323843
323844
323856
323886
323890
323902
323904
323907
323924
323940
323957
323957
323966
323973
323977
323979
324004
324008
324013
324013
324022
324023
324026
324050
324071
324103
324103
324103
324124
324136
324137
324141
324144
324159
324189
324194
324194
324214
324239
324240
324283
324305
324315
324323
324327
324331
324335
324343
324376
324389
324406
324420
324423
324424
324429
324431
324437
324454
324467
324467
324493
324500
324501
324532
324533
324547
324554
324566
324582
324582
324586
324594
324601
324601
324646
324649
324649
324655
324656
324666
324670
324703
324704
324715
324717
324718
324741
324748
324756
324762
324766
324797
324809
324826
324828
324840
324846
324857
324862
324889
324898
324903
324905
324912
324917
324949
324966
324976
325010
325010
325018
325027
325056
325059
325071
325080
325099
325105
325109
325117
325131
325144
325149
325179
325179
325190
325211
325222
325224
325237
325263
325310
325316
325316
325339
325358
325359
325363
325373
325388
325394
325402
325403
325408
325410
325419
325422
325446
325462
325477
325501
325529
325543
325561
325592
325593
325595
325617
325619
325620
325631
325655
325662
325670
325681
325683
325684
325694
325710
325713
325716
325731
325751
325777
325785
325806
325816
325826
325833
325837
325860
325871
325883
325886
325889
325890
325903
325913
325915
325920
325930
325965
325966
325972
325976
325983
325986
326002
326027
326042
326044
326045
326055
326074
326084
326096
326128
326134
326141
326148
326157
326160
326161
326161
326162
326166
326174
326185
326190
326196
326198
326206
326207
326214
326215
326217
326219
326236
326238
326248
326268
326276
326277
326294
326296
326315
326317
326318
326322
326333
326358
326366
326372
326373
326392
326410
326423
326451
326461
326473
326482
326493
326499
326517
326533
326543
326553
326559
326580
326584
326584
326591
326594
326600
326600
326606
326657
326682
326683
326709
326738
326744
326745
326753
326758
326759
326763
326770
326779
326797
326811
326824
326844
326845
326880
326896
326910
326917
326926
326932
326943
326944
326946
326965
326973
326986
326989
326999
327000
327012
327024
327030
327033
327045
327059
327063
327065
327116
327124
327126
327128
327135
327139
327142
327147
327167
327174
327224
327229
327241
327250
327273
327276
327280
327291
327302
327307
327320
327322
327336
327338
327348
327349
327352
327360
327369
327373
327375
327384
327393
327417
327430
327453
327456
327462
327465
327519
327520
327520
327521
327531
327551
327559
327564
327575
327578
327596
327599
327601
327607
327611
327612
327613
327613
327628
327643
327652
327658
327690
327693
327704
327705
327707
327712
327722
327729
327744
327759
327766
327790
327797
327808
327815
327820
327822
327822
327847
327853
327854
327865
327866
327892
327892
327896
327898
327899
327913
327915
327939
327944
327954
327963
327982
328000
328006
328011
328016
328022
328024
328026
328026
328027
328037
328068
328077
328083
328086
328117
328133
328158
328193
328216
328223
328225
328240
328265
328273
328290
328307
328312
328315
328316
328365
328380
328386
328423
328429
328432
328433
328434
328448
328482
328496
328498
328519
328525
328526
328532
328571
328579
328581
328586
328615
328631
328656
328656
328680
328683
328694
328697
328698
328704
328727
328744
328766
328774
328774
328788
328795
328797
328797
328808
328810
328820
328821
328829
328851
328879
328890
328903
328907
328913
328933
328940
328963
328973
328976
328980
328982
328996
328998
328999
329003
329003
329005
329007
329009
329017
329018
329020
329064
329100
329105
329109
329109
329113
329116
329138
329145
329145
329151
329152
329174
329184
329204
329209
329211
329220
329234
329239
329240
329248
329269
329280
329290
329322
329331
329332
329349
329385
329386
329415
329492
329575
329581
329582
329606
329606
329618
329626
329630
329652
329665
329669
329679
329682
329692
329693
329707
329709
329714
329725
329727
329728
329732
329740
329745
329757
329757
329768
329768
329774
329783
329807
329810
329810
329827
329842
329844
329913
329933
329937
329947
329966
329967
329967
329970
329971
329980
329985
329997
330009
330013
330018
330020
330025
330025
330040
330046
330060
330068
330081
330109
330109
330123
330129
330133
330141
330159
330169
330175
330178
330180
330184
330189
330189
330190
330207
330210
330219
330230
330239
330264
330296
330309
330314
330316
330319
330332
330354
330357
330359
330378
330396
330399
330411
330426
330427
330456
330472
330476
330478
330506
330509
330535
330540
330541
330541
330544
330548
330558
330558
330565
330566
330581
330591
330592
330598
330603
330610
330614
330619
330636
330646
330655
330671
330679
330685
330691
330692
330702
330705
330715
330727
330730
330735
330747
330762
330763
330768
330776
330795
330804
330804
330812
330822
330825
330836
330840
330840
330843
330856
330866
330866
330869
330887
330907
330919
330944
330951
330953
330971
330980
331001
331017
331025
331027
331047
331051
331057
331067
331070
331081
331084
331095
331108
331110
331121
331122
331130
331132
331148
331153
331169
331179
331191
331208
331212
331215
331221
331224
331241
331242
331261
331278
331294
331305
331310
331312
331314
331324
331332
331338
331340
331342
331342
331371
331411
331412
331423
331433
331439
331443
331445
331453
331460
331470
331475
331478
331495
331518
331523
331523
331533
331533
331559
331607
331612
331615
331616
331620
331671
331678
331700
331705
331708
331727
331735
331736
331737
331740
331747
331777
331777
331785
331788
331803
331815
331822
331838
331839
331843
331847
331861
331865
331882
331887
331892
331893
331898
331900
331901
331904
331906
331922
331930
331933
331936
331954
331960
331972
331980
331988
331991
331996
331998
332007
332025
332025
332039
332041
332041
332044
332053
332069
332075
332083
332091
332099
332101
332103
332111
332118
332119
332123
332126
332127
332130
332134
332141
332149
332165
332186
332205
332209
332222
332224
332258
332263
332281
332290
332291
332295
332311
332316
332322
332324
332348
332351
332360
332368
332373
332373
332374
332375
332420
332428
332435
332438
332442
332470
332485
332492
332494
332494
332498
332516
332523
332537
332546
332560
332563
332568
332595
332649
332664
332665
332673
332674
332685
332690
332703
332722
332744
332750
332751
332762
332778
332793
332804
332840
332844
332856
332857
332858
332865
332868
332883
332900
332905
332907
332912
332916
332934
332934
332945
332947
332948
332953
332964
332968
332969
332974
332974
332988
332999
333000
333003
333016
333017
333021
333042
333098
333111
333126
333133
333134
333140
333150
333182
333185
333186
333192
333198
333215
333217
333218
333236
333246
333250
333264
333274
333279
333285
333301
333305
333306
333315
333324
333340
333345
333348
333350
333352
333353
333354
333356
333383
333388
333394
333401
333410
333436
333453
333455
333458
333485
333495
333501
333508
333509
333509
333510
333514
333537
333537
333543
333550
333577
333589
333595
333605
333622
333622
333629
333632
333646
333661
333667
333669
333674
333683
333691
333708
333711
333740
333758
333761
333768
333770
333778
333798
333802
333838
333843
333850
333851
333867
333869
333871
333873
333875
333903
333905
333943
333975
333985
333989
333995
333997
334000
334012
334028
334032
334039
334050
334052
334082
334100
334101
334108
334114
334114
334116
334142
334147
334149
334156
334165
334175
334200
334204
334211
334223
334224
334231
334232
334239
334240
334253
334263
334266
334270
334271
334285
334311
334322
334327
334342
334360
334367
334406
334417
334423
334432
334435
334436
334437
334451
334456
334460
334464
334479
334492
334494
334507
334514
334515
334518
334527
334542
334551
334560
334560
334568
334584
334589
334620
334622
334626
334638
334649
334650
334665
334680
334685
334693
334707
334710
334713
334716
334717
334736
334739
334759
334764
334787
334796
334804
334810
334811
334813
334820
334828
334868
334871
334912
334918
334925
334943
334960
334963
334976
334979
335007
335015
335016
335029
335038
335052
335063
335065
335071
335074
335082
335088
335092
335092
335093
335100
335121
335129
335130
335136
335158
335162
335182
335184
335191
335193
335193
335213
335216
335224
335228
335229
335234
335234
335238
335274
335279
335293
335306
335313
335321
335353
335359
335371
335375
335383
335391
335393
335412
335430
335446
335459
335477
335487
335506
335509
335519
335536
335559
335570
335587
335592
335600
335606
335611
335629
335632
335636
335636
335638
335644
335646
335647
335657
335665
335669
335679
335679
335688
335706
335715
335719
335720
335728
335752
335757
335772
335778
335793
335799
335822
335826
335833
335846
335855
335863
335872
335885
335904
335913
335945
335947
335952
335956
335959
335963
335963
335965
335975
335981
335988
336022
336048
336083
336118
336126
336169
336171
336180
336192
336204
336223
336224
336238
336241
336255
336258
336268
336281
336302
336303
336309
336310
336317
336318
336325
336329
336341
336375
336378
336386
336404
336412
336431
336438
336442
336453
336454
336502
336507
336514
336519
336526
336541
336542
336577
336593
336602
336603
336609
336619
336627
336629
336650
336678
336685
336687
336693
336694
336695
336706
336720
336726
336728
336731
336757
336759
336763
336767
336769
336788
336807
336817
336823
336825
336826
336845
336856
336857
336873
336891
336896
336901
336905
336916
336952
336955
336967
336972
336982
336994
337002
337002
337003
337009
337028
337055
337072
337076
337079
337085
337085
337095
337100
337108
337114
337115
337138
337151
337170
337176
337183
337184
337193
337197
337204
337208
337215
337247
337247
337262
337267
337272
337280
337298
337301
337312
337330
337340
337341
337348
337360
337360
337389
337392
337393
337404
337418
337424
337459
337460
337465
337466
337472
337476
337482
337485
337496
337502
337505
337519
337521
337526
337530
337546
337607
337610
337623
337630
337640
337645
337647
337655
337688
337689
337715
337723
337753
337774
337784
337797
337802
337806
337811
337822
337825
337828
337829
337833
337835
337837
337841
337845
337858
337873
337877
337887
337902
337905
337930
337932
337967
337978
337980
337997
338011
338018
338025
338050
338055
338084
338085
338095
338109
338148
338152
338174
338176
338189
338190
338198
338202
338211
338211
338216
338227
338228
338236
338237
338250
338252
338257
338262
338270
338270
338287
338316
338318
338321
338339
338343
338376
338380
338390
338393
338415
338417
338421
338430
338435
338438
338440
338452
338454
338455
338461
338471
338472
338481
338491
338494
338505
338508
338515
338532
338536
338539
338550
338556
338557
338569
338576
338587
338595
338625
338629
338649
338669
338692
338693
338714
338727
338727
338752
338767
338773
338779
338779
338802
338803
338812
338816
338819
338821
338833
338861
338875
338882
338893
338895
338896
338924
338931
338974
338988
339007
339013
339030
339034
339038
339041
339047
339054
339058
339062
339066
339074
339083
339105
339110
339111
339112
339123
339129
339144
339148
339161
339165
339193
339194
339194
339205
339209
339237
339272
339284
339286
339293
339294
339304
339310
339319
339322
339350
339355
339362
339364
339364
339365
339368
339373
339375
339380
339384
339393
339401
339402
339406
339412
339425
339450
339457
339462
339465
339476
339481
339488
339508
339517
339520
339543
339546
339550
339557
339572
339573
339575
339575
339584
339587
339591
339601
339606
339617
339620
339627
339629
339636
339643
339645
339653
339661
339661
339661
339672
339675
339692
339748
339756
339796
339803
339804
339844
339853
339875
339882
339889
339908
339914
339920
339920
339943
339945
339946
339946
339959
339959
339963
339966
339998
340005
340007
340031
340032
340078
340079
340084
340091
340093
340100
340102
340107
340111
340115
340122
340124
340127
340155
340158
340172
340269
340275
340279
340280
340286
340304
340314
340319
340323
340353
340358
340359
340361
340375
340376
340377
340387
340388
340388
340391
340399
340408
340410
340423
340427
340433
340443
340451
340473
340493
340495
340498
340503
340506
340517
340526
340540
340546
340572
340576
340583
340588
340589
340590
340594
340613
340624
340662
340669
340672
340676
340712
340722
340725
340730
340746
340761
340771
340793
340799
340823
340832
340853
340861
340865
340866
340877
340884
340884
340903
340932
340941
340942
340944
340946
340965
340971
340983
340990
340997
340999
341007
341013
341013
341035
341035
341038
341049
341058
341059
341060
341067
341075
341081
341085
341090
341092
341093
341103
341105
341122
341122
341137
341150
341153
341159
341164
341184
341207
341219
341219
341219
341226
341232
341242
341244
341247
341253
341258
341267
341272
341272
341276
341284
341298
341322
341327
341327
341340
341364
341367
341373
341381
341416
341422
341425
341433
341442
341450
341459
341469
341473
341474
341475
341490
341494
341513
341514
341518
341519
341522
341527
341539
341542
341558
341562
341573
341581
341603
341620
341630
341667
341669
341683
341698
341738
341746
341758
341759
341768
341846
341854
341862
341870
341872
341885
341889
341908
341909
341921
341927
341931
341943
341972
341984
341991
342000
342019
342042
342089
342091
342096
342100
342130
342135
342141
342142
342145
342183
342205
342223
342230
342237
342255
342270
342271
342282
342286
342302
342311
342313
342314
342323
342329
342341
342348
342349
342380
342394
342419
342443
342447
342470
342481
342485
342488
342489
342491
342502
342505
342541
342545
342546
342547
342548
342563
342565
342569
342607
342610
342617
342637
342646
342669
342688
342701
342701
342718
342730
342744
342759
342784
342804
342816
342827
342836
342859
342860
342861
342893
342902
342927
342931
342951
343001
343002
343005
343015
343021
343026
343028
343043
343044
343058
343063
343097
343105
343135
343146
343166
343176
343197
343228
343242
343256
343257
343264
343270
343275
343278
343283
343295
343319
343384
343387
343393
343403
343413
343416
343425
343426
343430
343433
343438
343443
343450
343454
343459
343462
343488
343504
343513
343515
343515
343539
343546
343546
343572
343574
343574
343575
343599
343600
343606
343606
343607
343633
343636
343640
343654
343670
343694
343737
343745
343749
343754
343754
343771
343780
343791
343824
343824
343830
343832
343836
343876
343887
343898
343900
343931
343938
343947
343959
343962
343965
343979
344013
344021
344025
344038
344041
344050
344066
344079
344080
344118
344130
344145
344151
344165
344170
344173
344173
344185
344228
344232
344239
344254
344270
344275
344289
344297
344316
344329
344340
344341
344361
344367
344394
344399
344412
344418
344424
344439
344451
344456
344459
344465
344490
344504
344507
344509
344514
344519
344530
344541
344561
344578
344591
344592
344596
344599
344611
344634
344635
344641
344653
344655
344658
344685
344693
344697
344710
344736
344762
344764
344787
344788
344793
344804
344811
344821
344829
344838
344844
344865
344867
344882
344882
344899
344918
344932
344936
344937
344950
344958
344958
344963
344966
345010
345032
345039
345043
345048
345083
345101
345130
345140
345146
345150
345152
345155
345159
345187
345211
345229
345240
345250
345252
345261
345267
345272
345274
345288
345299
345308
345339
345358
345400
345409
345417
345430
345431
345442
345449
345456
345457
345482
345488
345489
345490
345523
345523
345524
345526
345544
345553
345555
345562
345564
345600
345605
345617
345629
345632
345633
345638
345648
345654
345678
345682
345685
345692
345699
345711
345716
345726
345729
345756
345760
345771
345774
345777
345796
345802
345808
345840
345841
345850
345856
345883
345885
345899
345902
345913
345915
345926
345933
345934
345952
345975
345979
345981
345982
346010
346022
346024
346035
346043
346046
346050
346051
346054
346063
346095
346095
346097
346100
346120
346123
346137
346139
346143
346150
346155
346166
346168
346208
346209
346211
346213
346224
346252
346268
346286
346287
346295
346309
346317
346354
346357
346366
346369
346375
346402
346413
346445
346449
346465
346474
346482
346496
346501
346510
346524
346526
346529
346533
346537
346546
346550
346559
346561
346571
346575
346584
346589
346595
346599
346615
346636
346639
346643
346647
346648
346661
346678
346689
346692
346693
346706
346710
346719
346736
346740
346744
346764
346770
346771
346774
346777
346781
346783
346790
346792
346792
346796
346798
346809
346811
346821
346821
346829
346865
346876
346878
346880
346886
346900
346905
346905
346913
346937
346940
346950
346953
346955
346957
346957
346962
346963
346971
346997
346997
347005
347021
347023
347026
347036
347036
347037
347038
347051
347069
347081
347104
347106
347116
347123
347171
347173
347182
347190
347194
347197
347203
347208
347211
347214
347216
347236
347239
347240
347257
347277
347286
347295
347306
347306
347335
347338
347354
347356
347362
347379
347380
347381
347384
347410
347436
347449
347471
347497
347500
347503
347509
347530
347535
347540
347541
347542
347558
347561
347562
347572
347576
347580
347581
347594
347595
347615
347637
347646
347650
347652
347652
347699
347706
347708
347726
347738
347756
347782
347782
347824
347836
347842
347850
347864
347877
347885
347897
347902
347906
347916
347931
347932
347934
347948
347954
347956
347958
347981
347997
347999
348003
348004
348005
348014
348033
348044
348096
348102
348120
348121
348125
348132
348168
348176
348202
348234
348239
348243
348243
348251
348252
348252
348262
348290
348305
348308
348318
348324
348328
348351
348358
348358
348364
348366
348368
348380
348392
348398
348405
348412
348426
348449
348451
348457
348478
348492
348512
348521
348528
348530
348537
348537
348552
348559
348573
348578
348588
348611
348622
348643
348653
348659
348662
348669
348669
348672
348673
348674
348681
348682
348694
348716
348717
348731
348737
348739
348749
348811
348812
348818
348837
348859
348864
348877
348887
348895
348895
348947
348947
348956
348964
348976
348979
349033
349049
349065
349086
349091
349093
349105
349113
349117
349133
349152
349159
349196
349208
349228
349234
349237
349245
349252
349254
349260
349268
349274
349288
349288
349289
349294
349296
349303
349310
349311
349328
349330
349336
349339
349341
349348
349358
349361
349371
349373
349374
349391
349401
349401
349401
349409
349415
349421
349427
349439
349440
349444
349454
349461
349470
349484
349494
349507
349509
349517
349533
349543
349557
349590
349601
349603
349607
349610
349616
349623
349623
349629
349630
349631
349653
349654
349657
349667
349668
349676
349676
349678
349683
349686
349691
349707
349719
349724
349737
349739
349740
349743
349745
349778
349811
349819
349842
349854
349883
349884
349913
349917
349920
349928
349934
349959
349980
349981
349986
349992
349995
350000
350003
350008
350032
350052
350057
350088
350097
350113
350114
350131
350150
350155
350168
350171
350191
350193
350264
350264
350264
350286
350289
350293
350300
350319
350344
350348
350352
350357
350367
350377
350384
350406
350433
350446
350471
350472
350492
350498
350499
350513
350555
350572
350604
350626
350630
350639
350662
350685
350692
350696
350701
350702
350703
350705
350717
350730
350733
350760
350763
350774
350782
350803
350812
350815
350818
350826
350827
350881
350888
350888
350891
350892
350893
350898
350900
350913
350925
350947
350957
350987
350988
351032
351034
351040
351047
351050
351060
351066
351069
351095
351097
351102
351107
351111
351119
351137
351143
351147
351148
351160
351161
351185
351196
351207
351210
351229
351229
351246
351264
351265
351268
351278
351290
351311
351312
351318
351325
351346
351353
351358
351370
351386
351400
351416
351424
351520
351535
351547
351552
351572
351599
351609
351615
351619
351626
351642
351648
351660
351664
351674
351692
351699
351703
351723
351740
351740
351745
351746
351756
351758
351778
351795
351804
351814
351820
351845
351846
351849
351852
351873
351885
351892
351899
351940
351942
351950
351986
352005
352015
352025
352030
352054
352076
352081
352100
352106
352111
352160
352174
352176
352194
352210
352210
352216
352227
352231
352237
352250
352258
352267
352268
352284
352293
352310
352343
352345
352352
352355
352390
352420
352455
352461
352465
352481
352487
352489
352489
352499
352503
352505
352517
352546
352547
352552
352552
352553
352555
352566
352604
352608
352621
352626
352626
352658
352668
352678
352683
352687
352693
352695
352700
352735
352735
352735
352742
352753
352781
352824
352826
352841
352848
352854
352863
352866
352877
352882
352891
352895
352898
352931
352955
352960
352978
352990
352997
353001
353023
353029
353037
353065
353100
353104
353106
353110
353110
353134
353135
353139
353166
353171
353195
353199
353204
353205
353225
353225
353228
353233
353248
353250
353251
353262
353265
353271
353274
353288
353294
353320
353321
353326
353327
353357
353360
353372
353420
353422
353426
353431
353451
353496
353508
353519
353529
353531
353536
353552
353558
353563
353582
353586
353591
353596
353616
353636
353641
353650
353660
353679
353694
353697
353701
353706
353716
353748
353749
353750
353754
353760
353782
353802
353812
353823
353835
353836
353837
353840
353854
353875
353881
353881
353915
353928
353928
353932
353941
353943
353949
353964
353987
353989
354046
354051
354058
354061
354076
354078
354093
354094
354101
354103
354103
354110
354115
354118
354127
354129
354132
354170
354178
354187
354196
354204
354223
354225
354233
354237
354261
354262
354270
354278
354285
354286
354310
354311
354322
354325
354332
354343
354360
354368
354384
354390
354401
354409
354412
354427
354436
354441
354442
354454
354462
354464
354464
354467
354484
354490
354494
354495
354500
354501
354507
354512
354513
354527
354539
354555
354578
354597
354620
354620
354624
354628
354630
354641
354657
354665
354668
354720
354731
354732
354735
354739
354741
354742
354745
354773
354780
354781
354782
354783
354790
354808
354822
354824
354837
354843
354846
354851
354853
354862
354879
354887
354888
354897
354897
354903
354937
354937
354957
354958
354960
354961
354970
354990
354992
354992
354993
355014
355021
355033
355042
355042
355051
355057
355058
355062
355064
355065
355067
355067
355070
355123
355137
355137
355138
355150
355152
355159
355170
355172
355199
355207
355224
355227
355251
355259
355268
355282
355291
355307
355365
355366
355379
355379
355392
355396
355458
355461
355467
355482
355484
355485
355492
355495
355500
355539
355557
355559
355561
355564
355582
355585
355586
355597
355609
355616
355627
355636
355661
355698
355699
355703
355709
355713
355716
355717
355724
355728
355730
355731
355735
355751
355765
355770
355785
355793
355795
355800
355810
355826
355845
355857
355868
355888
355892
355894
355895
355918
355927
355942
355946
355952
355954
355961
355974
355974
355987
355991
355997
356007
356022
356040
356051
356057
356085
356089
356094
356099
356102
356108
356110
356121
356146
356158
356169
356171
356176
356194
356201
356211
356216
356220
356221
356223
356228
356233
356236
356237
356238
356239
356244
356245
356267
356271
356276
356312
356424
356440
356445
356449
356466
356473
356476
356484
356489
356493
356516
356516
356516
356518
356539
356569
356578
356608
356617
356645
356651
356680
356692
356698
356718
356735
356760
356767
356768
356785
356797
356807
356834
356855
356874
356886
356904
356915
356930
356931
356934
356960
356961
356967
356977
356981
357001
357006
357007
357030
357039
357047
357052
357053
357054
357056
357078
357093
357093
357101
357115
357126
357129
357135
357138
357138
357139
357152
357164
357179
357183
357188
357193
357197
357200
357200
357212
357247
357277
357280
357284
357289
357298
357312
357316
357320
357329
357330
357350
357363
357364
357368
357411
357414
357415
357418
357419
357428
357429
357431
357434
357446
357451
357453
357454
357458
357462
357463
357464
357492
357499
357501
357510
357528
357537
357559
357566
357571
357574
357581
357584
357585
357598
357645
357648
357687
357691
357701
357740
357742
357752
357765
357766
357773
357775
357777
357786
357811
357811
357817
357838
357839
357840
357848
357850
357851
357852
357858
357878
357884
357892
357913
357913
357927
357933
357937
357955
357973
357974
357976
357984
357996
358001
358004
358009
358014
358018
358048
358066
358073
358079
358081
358084
358093
358095
358098
358113
358131
358151
358166
358174
358179
358182
358183
358193
358217
358218
358230
358238
358246
358261
358264
358271
358274
358283
358283
358284
358296
358298
358316
358366
358374
358395
358396
358398
358409
358419
358428
358440
358444
358444
358451
358453
358505
358506
358508
358533
358537
358538
358563
358573
358597
358602
358613
358629
358632
358640
358652
358653
358662
358662
358680
358684
358685
358689
358695
358704
358732
358745
358760
358764
358802
358821
358827
358828
358844
358849
358898
358919
358921
358926
358930
358943
358943
358944
358949
358950
358974
358975
358996
359002
359010
359014
359018
359023
359030
359030
359041
359041
359058
359061
359063
359070
359074
359089
359089
359100
359111
359122
359128
359130
359133
359135
359147
359151
359152
359157
359164
359178
359178
359180
359183
359205
359205
359229
359240
359244
359254
359297
359302
359334
359350
359365
359371
359375
359389
359405
359430
359434
359438
359442
359448
359455
359465
359483
359497
359499
359504
359505
359517
359571
359588
359608
359619
359638
359653
359665
359667
359669
359672
359682
359701
359714
359721
359732
359748
359749
359769
359770
359786
359786
359801
359805
359806
359827
359832
359864
359874
359876
359901
359907
359911
359916
359924
359928
359936
359936
359938
359942
359942
359947
359962
359985
359990
359997
360003
360022
360022
360032
360045
360046
360052
360068
360086
360096
360114
360127
360136
360177
360200
360210
360233
360236
360238
360248
360255
360259
360264
360272
360283
360291
360342
360353
360366
360376
360377
360428
360441
360444
360449
360449
360471
360493
360515
360526
360526
360586
360641
360642
360661
360666
360666
360687
360695
360710
360721
360729
360733
360738
360744
360762
360779
360787
360787
360791
360798
360808
360868
360871
360874
360896
360901
360902
360914
360934
360944
360945
360961
360962
360968
360971
360972
360993
360995
360995
360997
360998
361009
361017
361018
361035
361037
361049
361051
361057
361060
361066
361069
361073
361077
361079
361084
361089
361096
361103
361120
361144
361152
361153
361154
361180
361187
361190
361197
361208
361213
361221
361225
361248
361249
361256
361264
361278
361304
361307
361322
361334
361338
361350
361356
361364
361364
361396
361404
361405
361406
361415
361441
361442
361452
361459
361468
361470
361481
361502
361510
361525
361537
361564
361583
361591
361598
361608
361617
361626
361641
361643
361668
361674
361680
361692
361703
361711
361729
361747
361758
361761
361765
361767
361812
361828
361858
361862
361870
361918
361920
361966
361979
361979
361990
361990
361995
362005
362017
362026
362032
362038
362041
362053
362065
362091
362098
362120
362120
362120
362129
362133
362158
362162
362188
362201
362224
362228
362233
362245
362252
362264
362295
362307
362308
362314
362330
362355
362367
362383
362384
362395
362401
362401
362442
362444
362448
362456
362472
362478
362484
362488
362497
362512
362531
362551
362554
362556
362561
362578
362589
362607
362613
362619
362622
362638
362655
362658
362674
362681
362699
362712
362716
362727
362763
362790
362799
362810
362812
362820
362823
362830
362837
362842
362842
362845
362852
362853
362854
362870
362877
362878
362890
362900
362922
362949
362958
362958
362978
362991
362993
362994
362999
363006
363007
363021
363026
363026
363035
363037
363050
363072
363078
363081
363085
363101
363115
363143
363160
363186
363201
363206
363211
363216
363219
363247
363271
363302
363315
363325
363333
363337
363346
363347
363358
363417
363439
363450
363451
363463
363465
363495
363499
363502
363543
363572
363582
363600
363601
363613
363617
363623
363645
363650
363672
363674
363674
363678
363699
363702
363708
363733
363745
363748
363749
363782
363800
363825
363827
363846
363908
363910
363935
363960
363968
363979
363980
364016
364019
364023
364030
364042
364049
364063
364073
364075
364097
364099
364112
364114
364138
364148
364150
364168
364172
364178
364186
364191
364209
364228
364232
364234
364256
364259
364262
364263
364281
364292
364296
364318
364320
364338
364349
364383
364392
364398
364403
364425
364443
364463
364469
364473
364478
364497
364514
364522
364523
364536
364538
364548
364549
364552
364552
364557
364572
364573
364591
364602
364628
364641
364647
364652
364656
364659
364671
364679
364699
364733
364742
364757
364764
364769
364790
364806
364816
364821
364826
364834
364842
364864
364868
364886
364912
364914
364924
364925
364942
364948
364963
364971
364978
365026
365046
365052
365081
365088
365115
365120
365129
365137
365137
365155
365157
365173
365197
365222
365223
365226
365226
365236
365253
365263
365268
365280
365287
365301
365306
365309
365312
365324
365344
365357
365370
365373
365378
365381
365382
365403
365421
365423
365435
365448
365458
365459
365471
365522
365529
365558
365561
365564
365573
365578
365590
365591
365600
365614
365624
365658
365709
365736
365741
365749
365763
365765
365766
365792
365800
365800
365806
365824
365832
365843
365852
365859
365902
365907
365918
365922
365941
365943
365957
365959
365961
365964
365972
366001
366004
366005
366009
366037
366040
366042
366046
366049
366055
366056
366059
366062
366075
366076
366084
366086
366115
366126
366132
366133
366134
366167
366184
366186
366187
366189
366192
366224
366227
366245
366252
366254
366263
366269
366275
366292
366310
366326
366326
366329
366333
366334
366335
366348
366351
366353
366356
366364
366376
366377
366438
366447
366448
366454
366455
366463
366468
366485
366500
366514
366548
366555
366572
366580
366601
366606
366611
366619
366633
366651
366653
366660
366662
366681
366690
366695
366696
366696
366697
366710
366743
366744
366748
366752
366763
366768
366769
366789
366795
366804
366811
366812
366818
366837
366843
366843
366844
366848
366854
366864
366868
366877
366878
366885
366894
366908
366933
366936
366955
366961
367005
367026
367033
367042
367056
367060
367064
367065
367071
367078
367081
367095
367107
367112
367134
367154
367172
367186
367191
367194
367201
367211
367223
367239
367248
367251
367254
367265
367267
367278
367304
367316
367317
367327
367344
367366
367406
367424
367437
367457
367458
367475
367475
367498
367498
367504
367529
367536
367545
367545
367547
367562
367585
367593
367593
367606
367608
367613
367626
367627
367637
367646
367653
367669
367671
367677
367690
367724
367728
367738
367743
367758
367762
367767
367778
367792
367798
367821
367824
367833
367842
367846
367853
367860
367884
367889
367891
367895
367914
367916
367924
367954
367958
367984
367984
368013
368033
368036
368056
368068
368072
368076
368100
368101
368119
368122
368134
368134
368155
368159
368162
368167
368200
368208
368214
368215
368215
368223
368268
368273
368283
368284
368286
368292
368298
368301
368308
368313
368317
368328
368341
368350
368358
368367
368370
368386
368394
368398
368421
368434
368437
368437
368454
368459
368468
368485
368501
368501
368503
368508
368509
368512
368514
368519
368528
368533
368536
368541
368562
368562
368564
368584
368614
368618
368621
368637
368642
368676
368685
368685
368687
368693
368694
368695
368696
368710
368716
368752
368752
368778
368779
368784
368791
368793
368807
368814
368826
368839
368865
368871
368891
368925
368931
368954
368956
368958
368960
368967
368968
368983
368983
368996
369008
369014
369029
369033
369053
369056
369063
369066
369088
369095
369129
369147
369166
369178
369179
369188
369201
369211
369215
369216
369249
369259
369260
369268
369270
369274
369278
369290
369303
369310
369322
369331
369344
369346
369352
369354
369368
369377
369386
369398
369398
369401
369405
369405
369409
369413
369421
369430
369449
369459
369462
369473
369481
369481
369483
369492
369506
369510
369516
369519
369525
369527
369543
369563
369580
369593
369615
369618
369633
369637
369643
369647
369652
369664
369673
369680
369687
369692
369707
369708
369736
369741
369742
369744
369755
369757
369759
369765
369768
369781
369781
369796
369817
369825
369829
369842
369846
369851
369869
369878
369892
369896
369914
369933
369938
369940
369965
369968
369979
370007
370015
370025
370035
370049
370064
370076
370087
370098
370123
370129
370129
370131
370134
370137
370141
370157
370180
370184
370191
370196
370199
370208
370219
370225
370227
370233
370239
370245
370248
370259
370260
370278
370286
370298
370309
370320
370326
370341
370348
370351
370368
370370
370371
370376
370377
370377
370389
370398
370401
370412
370432
370439
370456
370472
370475
370521
370527
370540
370543
370545
370548
370556
370561
370562
370577
370582
370583
370583
370586
370586
370589
370593
370594
370651
370652
370659
370663
370671
370682
370716
370725
370726
370730
370739
370759
370760
370762
370763
370768
370776
370779
370800
370813
370821
370831
370858
370882
370908
370913
370989
371002
371008
371012
371017
371023
371034
371039
371050
371060
371065
371068
371085
371116
371145
371161
371161
371166
371174
371206
371210
371222
371230
371233
371235
371244
371252
371266
371270
371271
371290
371296
371301
371309
371315
371345
371371
371381
371395
371395
371403
371411
371416
371421
371425
371448
371466
371480
371498
371508
371549
371562
371572
371574
371580
371592
371621
371621
371625
371646
371650
371656
371659
371693
371702
371709
371709
371715
371717
371735
371750
371753
371755
371802
371803
371817
371825
371829
371834
371846
371848
371874
371888
371892
371907
371908
371914
371933
371944
371947
371953
371967
371970
371971
371979
372002
372005
372013
372025
372050
372065
372068
372082
372083
372090
372097
372111
372114
372127
372154
372173
372175
372185
372187
372194
372219
372231
372238
372239
372260
372275
372289
372294
372305
372307
372320
372326
372327
372334
372337
372342
372349
372359
372385
372387
372412
372424
372441
372444
372447
372448
372452
372463
372466
372485
372489
372497
372499
372499
372500
372505
372506
372509
372547
372548
372560
372561
372567
372588
372613
372620
372625
372629
372630
372676
372688
372696
372707
372721
372722
372748
372750
372784
372799
372809
372812
372813
372817
372826
372827
372830
372833
372835
372844
372855
372867
372898
372920
372920
372938
372942
372974
372975
372975
373008
373013
373019
373032
373036
373057
373058
373059
373069
373071
373093
373100
373111
373124
373126
373129
373135
373135
373136
373140
373158
373161
373166
373175
373194
373194
373208
373215
373216
373245
373247
373248
373267
373274
373290
373298
373318
373323
373326
373331
373345
373346
373362
373370
373372
373376
373387
373394
373395
373397
373403
373418
373428
373431
373458
373474
373480
373485
373487
373499
373501
373521
373529
373532
373532
373571
373585
373589
373591
373592
373612
373614
373628
373630
373644
373660
373663
373688
373692
373694
373712
373727
373729
373737
373740
373766
373775
373777
373777
373777
373778
373816
373846
373847
373852
373855
373859
373861
373863
373878
373882
373896
373898
373900
373904
373907
373927
373932
373934
373937
373942
373942
373944
373945
373945
373950
373955
373988
373992
373994
374018
374020
374021
374031
374032
374035
374044
374055
374057
374067
374075
374083
374092
374096
374103
374112
374113
374115
374130
374133
374148
374159
374171
374197
374207
374211
374216
374217
374221
374223
374226
374226
374234
374240
374241
374262
374276
374283
374295
374328
374337
374346
374359
374363
374364
374375
374388
374391
374395
374398
374403
374404
374404
374406
374433
374437
374438
374470
374475
374483
374497
374502
374519
374530
374534
374535
374542
374549
374558
374566
374585
374587
374605
374614
374616
374620
374631
374638
374664
374669
374677
374678
374682
374696
374698
374745
374748
374803
374809
374811
374835
374847
374852
374854
374886
374899
374905
374906
374907
374908
374912
374925
374933
374946
374957
374963
374975
374997
375008
375035
375045
375046
375050
375051
375051
375057
375068
375070
375084
375087
375089
375099
375102
375113
375121
375130
375146
375165
375170
375172
375181
375189
375198
375200
375200
375209
375215
375219
375222
375227
375229
375233
375235
375252
375253
375258
375271
375275
375288
375299
375301
375310
375312
375312
375323
375358
375364
375370
375399
375418
375423
375425
375436
375449
375452
375471
375496
375507
375514
375518
375531
375547
375551
375561
375563
375583
375586
375589
375598
375600
375602
375609
375612
375615
375618
375631
375636
375637
375640
375640
375654
375665
375666
375668
375672
375674
375675
375694
375708
375719
375754
375757
375764
375780
375787
375787
375804
375829
375839
375859
375868
375869
375875
375881
375903
375910
375911
375918
375926
375936
375939
375951
375982
375983
375994
375994
376068
376079
376092
376095
376111
376116
376119
376162
376162
376169
376179
376181
376186
376190
376200
376212
376215
376216
376230
376249
376252
376265
376279
376286
376286
376292
376292
376297
376300
376307
376355
376355
376358
376361
376369
376372
376381
376386
376426
376442
376456
376459
376461
376469
376473
376489
376495
376498
376509
376513
376521
376530
376540
376555
376558
376568
376586
376590
376602
376614
376619
376624
376626
376633
376638
376639
376653
376661
376666
376673
376694
376702
376724
376735
376762
376775
376776
376817
376821
376863
376907
376912
376930
376950
376971
376983
377007
377023
377032
377039
377064
377069
377070
377071
377074
377088
377114
377121
377127
377152
377163
377164
377184
377191
377209
377212
377220
377223
377230
377233
377237
377242
377254
377270
377272
377279
377289
377309
377320
377329
377330
377345
377351
377377
377380
377395
377403
377417
377419
377419
377425
377428
377434
377449
377474
377486
377511
377515
377525
377545
377570
377585
377612
377623
377624
377625
377635
377640
377650
377653
377664
377676
377703
377710
377720
377720
377735
377748
377760
377761
377773
377780
377787
377803
377831
377838
377839
377846
377849
377879
377907
377930
377944
377948
377949
377950
377954
377963
377978
377983
377992
378011
378022
378026
378048
378066
378074
378078
378078
378079
378082
378084
378110
378111
378124
378126
378135
378145
378195
378218
378218
378222
378222
378233
378264
378268
378271
378280
378299
378308
378318
378323
378342
378351
378361
378365
378393
378394
378395
378411
378413
378415
378440
378453
378460
378486
378496
378499
378504
378562
378563
378573
378584
378609
378611
378618
378634
378647
378650
378654
378674
378680
378682
378686
378686
378690
378715
378718
378727
378731
378771
378786
378810
378814
378829
378842
378850
378885
378897
378900
378924
378934
378981
378987
378988
378992
379029
379032
379032
379035
379039
379041
379045
379067
379070
379094
379109
379124
379136
379137
379138
379147
379188
379192
379193
379213
379213
379214
379229
379237
379244
379254
379255
379259
379342
379343
379358
379366
379370
379376
379400
379416
379424
379427
379429
379430
379449
379452
379458
379463
379464
379469
379476
379487
379506
379519
379523
379529
379544
379547
379554
379563
379571
379579
379582
379586
379592
379594
379600
379601
379604
379615
379621
379633
379634
379634
379638
379646
379649
379655
379667
379702
379707
379711
379718
379720
379723
379732
379734
379745
379749
379749
379757
379766
379796
379801
379826
379832
379851
379864
379865
379872
379879
379909
379914
379917
379922
379929
379937
379961
379972
379973
379980
379984
379985
379987
380011
380056
380077
380078
380103
380104
380133
380136
380141
380155
380180
380184
380217
380259
380286
380290
380292
380323
380387
380392
380426
380445
380451
380463
380487
380499
380507
380512
380547
380563
380565
380571
380572
380575
380591
380599
380602
380606
380615
380633
380633
380636
380661
380680
380718
380733
380744
380764
380765
380784
380793
380804
380808
380810
380815
380822
380824
380836
380838
380838
380842
380855
380858
380860
380868
380871
380877
380878
380909
380920
380944
380969
380974
380975
380979
380982
380986
381011
381011
381023
381037
381050
381057
381065
381075
381085
381086
381089
381101
381144
381149
381153
381184
381200
381206
381232
381235
381238
381252
381261
381263
381291
381310
381341
381351
381352
381357
381374
381391
381397
381400
381405
381467
381489
381489
381491
381501
381526
381557
381559
381565
381568
381571
381592
381603
381611
381618
381619
381625
381637
381650
381659
381660
381661
381666
381669
381702
381717
381730
381740
381741
381778
381810
381813
381821
381826
381831
381837
381850
381854
381868
381885
381893
381905
381910
381917
381917
381945
381975
381982
381998
382004
382007
382014
382026
382051
382068
382081
382091
382091
382093
382102
382108
382111
382121
382125
382133
382134
382145
382146
382149
382162
382176
382181
382194
382218
382231
382236
382250
382276
382281
382303
382312
382315
382317
382325
382327
382353
382358
382362
382379
382381
382390
382402
382403
382409
382412
382441
382442
382468
382491
382497
382499
382509
382512
382515
382517
382518
382529
382536
382537
382540
382554
382554
382556
382559
382567
382596
382603
382604
382612
382623
382627
382640
382641
382650
382655
382672
382685
382689
382698
382710
382714
382722
382739
382740
382744
382748
382750
382754
382755
382759
382766
382767
382768
382832
382839
382842
382847
382850
382853
382856
382862
382871
382880
382892
382921
382924
382927
382961
382962
382964
382972
382974
382980
382992
383025
383040
383083
383093
383099
383111
383114
383126
383142
383147
383149
383153
383170
383170
383174
383200
383205
383207
383207
383222
383228
383229
383232
383236
383253
383253
383281
383284
383295
383317
383319
383356
383376
383388
383388
383392
383420
383422
383428
383443
383459
383469
383476
383476
383494
383495
383496
383521
383525
383530
383544
383553
383554
383561
383562
383563
383576
383581
383585
383642
383642
383673
383684
383685
383686
383687
383696
383696
383700
383716
383732
383741
383753
383756
383776
383784
383795
383795
383799
383799
383802
383810
383811
383824
383837
383844
383878
383892
383902
383931
383933
383937
383937
383946
383952
383954
383968
383970
383990
384000
384006
384006
384016
384026
384040
384046
384050
384053
384090
384096
384111
384114
384117
384121
384122
384125
384129
384136
384139
384147
384153
384165
384189
384194
384195
384200
384212
384212
384213
384222
384223
384231
384232
384252
384257
384289
384325
384338
384348
384349
384355
384361
384384
384386
384397
384416
384423
384426
384427
384430
384434
384435
384440
384442
384451
384452
384453
384486
384490
384492
384492
384520
384521
384530
384531
384542
384546
384557
384579
384586
384596
384609
384610
384610
384629
384639
384644
384651
384671
384674
384686
384700
384721
384721
384749
384754
384761
384766
384769
384774
384775
384784
384795
384795
384798
384798
384803
384814
384821
384828
384856
384860
384862
384864
384868
384888
384890
384890
384902
384920
384930
384956
384958
384962
384963
384963
384966
384977
384986
384988
385004
385016
385032
385076
385084
385108
385110
385119
385133
385143
385156
385192
385193
385194
385198
385199
385212
385212
385223
385225
385226
385231
385265
385266
385272
385275
385278
385302
385341
385347
385352
385360
385377
385389
385402
385406
385419
385428
385441
385454
385459
385469
385471
385475
385483
385484
385496
385500
385522
385523
385530
385533
385535
385536
385553
385556
385557
385568
385570
385572
385580
385590
385601
385601
385603
385605
385635
385649
385651
385652
385653
385666
385667
385667
385670
385672
385673
385680
385689
385696
385719
385740
385744
385774
385794
385818
385831
385831
385831
385832
385833
385840
385844
385850
385850
385852
385856
385868
385868
385885
385889
385900
385901
385923
385926
385932
385940
385944
385949
385950
385955
385959
385965
385971
386013
386026
386026
386039
386044
386052
386067
386076
386133
386155
386191
386194
386196
386200
386201
386202
386209
386234
386234
386238
386246
386266
386267
386282
386308
386312
386333
386344
386364
386366
386368
386393
386398
386432
386434
386450
386451
386466
386475
386502
386513
386515
386517
386524
386525
386533
386541
386547
386555
386587
386605
386632
386642
386643
386651
386656
386657
386691
386713
386725
386728
386736
386748
386752
386758
386759
386771
386773
386774
386786
386798
386806
386811
386823
386834
386840
386844
386847
386853
386860
386869
386891
386934
386952
386961
386965
387006
387009
387010
387018
387020
387028
387032
387034
387040
387045
387045
387060
387065
387066
387088
387090
387094
387104
387107
387108
387111
387120
387126
387133
387145
387154
387175
387175
387182
387187
387191
387191
387196
387198
387200
387210
387216
387220
387223
387228
387229
387234
387234
387243
387245
387247
387250
387285
387300
387315
387318
387322
387335
387339
387340
387363
387368
387373
387398
387403
387407
387411
387422
387428
387442
387446
387455
387455
387466
387491
387494
387494
387495
387500
387548
387559
387563
387570
387571
387579
387585
387590
387614
387615
387619
387620
387621
387622
387647
387651
387655
387662
387663
387668
387686
387690
387711
387722
387725
387732
387746
387751
387794
387804
387806
387813
387815
387817
387841
387858
387860
387872
387875
387896
387898
387911
387922
387948
387949
387953
387955
387955
387961
387966
387975
387979
387989
388005
388019
388030
388062
388068
388074
388078
388084
388088
388092
388104
388110
388116
388135
388144
388144
388161
388173
388217
388217
388220
388230
388233
388241
388261
388265
388267
388272
388273
388279
388279
388290
388298
388299
388333
388335
388341
388350
388355
388367
388367
388368
388373
388380
388380
388402
388426
388428
388430
388454
388464
388489
388495
388504
388505
388521
388527
388527
388529
388531
388533
388537
388541
388546
388558
388563
388578
388583
388604
388608
388622
388624
388627
388632
388652
388653
388656
388656
388659
388660
388664
388666
388679
388682
388685
388698
388721
388726
388733
388740
388781
388781
388782
388782
388785
388789
388794
388839
388840
388841
388842
388850
388851
388857
388862
388868
388875
388914
388940
388941
388991
388994
389001
389003
389018
389019
389025
389027
389045
389050
389057
389067
389091
389109
389125
389152
389187
389193
389195
389198
389204
389205
389247
389250
389271
389286
389287
389291
389292
389296
389297
389314
389334
389334
389339
389349
389361
389374
389393
389397
389404
389408
389428
389444
389452
389454
389457
389460
389473
389485
389485
389486
389505
389512
389514
389516
389516
389517
389533
389537
389541
389542
389560
389565
389576
389585
389586
389595
389614
389625
389648
389651
389656
389660
389690
389705
389707
389716
389725
389764
389768
389775
389778
389781
389789
389800
389801
389808
389815
389849
389849
389876
389879
389887
389891
389897
389902
389910
389915
389920
389926
389928
389937
389953
389954
389955
389966
389981
389990
390000
390001
390033
390036
390044
390050
390050
390055
390094
390106
390122
390126
390140
390143
390149
390159
390160
390178
390189
390193
390198
390206
390208
390235
390242
390268
390272
390274
390291
390297
390328
390330
390344
390361
390383
390383
390399
390418
390436
390446
390456
390469
390477
390478
390484
390484
390491
390504
390510
390536
390546
390582
390583
390604
390606
390629
390636
390640
390641
390655
390667
390670
390686
390692
390696
390696
390701
390716
390730
390736
390737
390769
390775
390789
390793
390794
390818
390828
390874
390885
390890
390901
390906
390923
390928
390934
390957
390966
390981
390998
391009
391009
391011
391015
391016
391036
391052
391054
391061
391062
391066
391066
391068
391077
391087
391087
391093
391107
391113
391140
391161
391164
391178
391182
391183
391184
391196
391216
391246
391252
391257
391257
391265
391269
391279
391294
391296
391306
391319
391321
391324
391329
391343
391344
391371
391393
391418
391433
391444
391449
391459
391475
391485
391493
391513
391525
391527
391533
391562
391565
391576
391591
391593
391598
391609
391626
391628
391641
391653
391660
391661
391671
391696
391710
391713
391765
391770
391772
391784
391790
391793
391801
391812
391814
391818
391820
391822
391842
391843
391854
391861
391864
391897
391902
391907
391934
391950
392042
392043
392055
392066
392072
392089
392094
392095
392109
392133
392136
392140
392159
392168
392169
392174
392180
392185
392187
392191
392199
392220
392232
392239
392241
392246
392248
392251
392259
392263
392263
392278
392321
392340
392347
392353
392355
392358
392366
392369
392375
392377
392388
392391
392405
392418
392433
392460
392466
392469
392489
392491
392507
392514
392550
392551
392553
392553
392562
392566
392595
392596
392605
392607
392612
392623
392637
392650
392663
392676
392678
392680
392682
392684
392686
392689
392705
392706
392715
392720
392722
392730
392744
392749
392751
392759
392763
392779
392783
392788
392793
392801
392813
392818
392835
392845
392867
392898
392898
392899
392921
392950
392962
392972
392976
392987
393019
393047
393069
393072
393075
393085
393095
393096
393105
393107
393114
393137
393144
393153
393167
393188
393199
393202
393211
393219
393229
393251
393258
393276
393279
393285
393288
393290
393298
393304
393325
393331
393350
393360
393384
393393
393428
393448
393473
393474
393481
393490
393493
393503
393529
393530
393538
393570
393593
393602
393603
393605
393624
393627
393645
393651
393652
393655
393656
393672
393708
393733
393737
393751
393767
393792
393804
393825
393834
393850
393860
393882
393888
393898
393916
393924
393927
393938
393941
393943
393946
393947
393960
393970
394002
394007
394028
394088
394088
394093
394106
394114
394124
394150
394160
394169
394175
394225
394226
394232
394239
394242
394261
394261
394279
394309
394311
394314
394315
394317
394331
394335
394335
394338
394342
394366
394371
394390
394417
394419
394433
394433
394434
394434
394437
394457
394461
394476
394493
394498
394550
394550
394556
394588
394603
394614
394628
394632
394634
394656
394663
394688
394692
394711
394716
394718
394730
394736
394757
394760
394763
394770
394772
394778
394782
394783
394793
394842
394851
394858
394869
394896
394919
394919
394952
394956
394974
395003
395019
395022
395025
395038
395042
395043
395071
395080
395091
395102
395103
395108
395111
395118
395152
395156
395158
395181
395191
395195
395196
395204
395218
395233
395237
395239
395261
395263
395263
395272
395295
395311
395313
395316
395319
395332
395334
395342
395350
395350
395356
395356
395361
395374
395382
395384
395392
395422
395422
395426
395438
395439
395451
395470
395482
395502
395507
395508
395515
395520
395538
395545
395555
395584
395585
395587
395601
395605
395626
395627
395630
395640
395652
395653
395663
395696
395702
395702
395703
395703
395706
395712
395713
395714
395716
395725
395751
395755
395758
395759
395770
395774
395782
395790
395800
395812
395819
395824
395824
395826
395829
395832
395852
395853
395870
395872
395885
395898
395911
395911
395912
395914
395918
395919
395941
395942
395952
395953
395953
395961
395967
395973
395977
396003
396010
396012
396025
396045
396051
396062
396065
396085
396102
396115
396116
396116
396130
396136
396142
396154
396165
396172
396182
396188
396189
396211
396231
396235
396240
396240
396254
396264
396269
396270
396274
396276
396280
396282
396286
396288
396303
396315
396328
396359
396361
396361
396368
396392
396393
396395
396396
396438
396442
396446
396453
396473
396502
396516
396517
396518
396524
396531
396548
396550
396555
396559
396561
396564
396568
396591
396616
396616
396633
396634
396641
396642
396643
396667
396672
396677
396707
396722
396739
396740
396774
396778
396778
396788
396791
396818
396834
396850
396864
396876
396888
396931
396945
396952
396957
396978
397007
397017
397030
397042
397048
397051
397057
397064
397068
397069
397072
397072
397093
397112
397123
397129
397136
397158
397178
397192
397208
397210
397214
397216
397224
397226
397227
397230
397256
397267
397272
397273
397285
397290
397306
397323
397329
397343
397345
397348
397362
397382
397383
397387
397388
397461
397481
397485
397490
397496
397502
397517
397522
397532
397539
397541
397563
397578
397599
397621
397630
397646
397648
397655
397675
397680
397716
397718
397725
397757
397806
397815
397819
397821
397825
397830
397843
397846
397854
397872
397878
397887
397887
397901
397924
397938
397962
397982
397988
397988
397995
398014
398029
398044
398050
398063
398086
398090
398096
398120
398120
398121
398127
398129
398134
398137
398137
398140
398145
398155
398160
398164
398166
398167
398181
398208
398210
398210
398257
398258
398259
398269
398278
398278
398295
398300
398304
398307
398324
398336
398359
398364
398366
398374
398379
398400
398407
398410
398420
398441
398445
398456
398461
398463
398472
398481
398481
398485
398488
398489
398496
398497
398500
398523
398525
398539
398551
398551
398557
398558
398572
398583
398591
398596
398599
398617
398625
398625
398628
398646
398647
398661
398672
398676
398678
398695
398706
398726
398730
398753
398765
398778
398787
398793
398796
398818
398835
398838
398847
398867
398873
398879
398882
398882
398907
398912
398913
398917
398928
398932
398954
398958
398969
398983
398984
398993
398997
399011
399037
399066
399070
399072
399073
399087
399091
399098
399109
399135
399148
399156
399165
399166
399177
399182
399205
399219
399230
399258
399264
399290
399300
399308
399310
399332
399343
399346
399349
399363
399387
399389
399392
399401
399402
399424
399438
399449
399449
399458
399467
399491
399492
399500
399504
399504
399516
399531
399537
399538
399561
399581
399602
399604
399605
399617
399634
399638
399649
399650
399652
399662
399667
399671
399674
399694
399696
399716
399718
399732
399736
399748
399762
399763
399774
399788
399808
399808
399831
399835
399835
399838
399839
399839
399857
399878
399906
399925
399928
399935
399939
399965
399973
399986
399988
400004
400027
400029
400030
400044
400046
400048
400054
400059
400072
400077
400078
400081
400101
400107
400110
400110
400128
400152
400173
400199
400210
400218
400234
400241
400242
400246
400255
400266
400299
400304
400306
400313
400316
400324
400329
400330
400344
400355
400362
400363
400375
400392
400394
400398
400399
400403
400425
400430
400430
400430
400441
400445
400461
400474
400479
400482
400492
400495
400500
400519
400531
400532
400534
400542
400556
400574
400599
400602
400635
400647
400649
400655
400679
400687
400690
400711
400717
400720
400725
400726
400726
400729
400764
400775
400780
400791
400803
400818
400826
400834
400842
400845
400856
400857
400876
400881
400882
400885
400890
400901
400913
400920
400930
400954
400959
400968
401008
401009
401023
401034
401044
401045
401050
401053
401057
401066
401068
401072
401084
401105
401110
401110
401157
401161
401174
401188
401191
401192
401194
401200
401200
401220
401222
401225
401227
401244
401248
401248
401270
401271
401287
401314
401316
401318
401329
401350
401354
401357
401360
401361
401377
401400
401404
401408
401408
401409
401413
401420
401422
401429
401432
401434
401438
401450
401453
401488
401497
401537
401550
401552
401564
401572
401582
401595
401613
401614
401625
401631
401645
401653
401656
401657
401670
401672
401690
401694
401696
401704
401716
401719
401745
401749
401751
401759
401763
401763
401765
401788
401789
401798
401808
401810
401811
401828
401837
401846
401858
401865
401875
401884
401893
401897
401900
401901
401910
401915
401938
401939
401953
401957
401964
401969
401978
401981
401983
401985
401988
401995
402014
402024
402025
402032
402032
402046
402049
402055
402061
402064
402068
402070
402078
402082
402083
402085
402089
402089
402096
402098
402111
402113
402115
402117
402122
402128
402130
402141
402146
402149
402156
402168
402168
402184
402197
402199
402207
402214
402216
402219
402220
402230
402239
402241
402243
402262
402266
402267
402288
402288
402299
402302
402311
402320
402327
402358
402358
402363
402378
402380
402383
402387
402391
402398
402404
402435
402435
402462
402464
402475
402491
402492
402496
402532
402532
402536
402542
402558
402560
402566
402569
402590
402593
402615
402627
402631
402649
402650
402658
402668
402674
402675
402684
402684
402695
402701
402702
402713
402714
402716
402719
402796
402803
402811
402816
402818
402819
402828
402830
402849
402850
402868
402872
402887
402904
402956
402967
402981
402989
402991
402996
403020
403024
403029
403059
403070
403070
403074
403077
403080
403111
403119
403143
403144
403155
403158
403158
403165
403187
403200
403213
403218
403220
403231
403232
403235
403259
403261
403309
403315
403324
403329
403333
403359
403381
403381
403384
403395
403404
403405
403407
403442
403445
403450
403453
403462
403468
403476
403496
403501
403516
403550
403590
403592
403592
403608
403613
403633
403639
403640
403658
403687
403709
403728
403729
403737
403741
403745
403751
403753
403768
403768
403775
403811
403814
403820
403826
403839
403847
403859
403863
403875
403893
403901
403901
403922
403927
403932
403938
403949
403955
403963
403972
403980
403995
404015
404027
404032
404045
404050
404056
404062
404067
404085
404091
404095
404103
404116
404125
404129
404143
404156
404182
404225
404228
404231
404256
404266
404270
404276
404278
404279
404283
404288
404293
404304
404305
404309
404325
404330
404334
404336
404338
404342
404342
404349
404352
404375
404378
404387
404394
404401
404447
404454
404455
404479
404495
404498
404531
404538
404540
404544
404547
404553
404553
404556
404558
404559
404564
404577
404579
404584
404586
404589
404607
404611
404641
404648
404654
404677
404681
404684
404691
404695
404700
404700
404715
404730
404733
404735
404736
404737
404750
404762
404773
404781
404781
404796
404803
404821
404840
404851
404857
404925
404926
404946
404962
404966
404967
404970
404977
404988
405006
405007
405014
405034
405041
405051
405070
405085
405103
405103
405106
405116
405127
405132
405145
405170
405177
405179
405182
405186
405191
405193
405212
405222
405228
405230
405238
405256
405258
405265
405269
405287
405306
405309
405315
405319
405358
405380
405391
405396
405408
405410
405430
405448
405452
405468
405486
405486
405490
405495
405496
405508
405511
405524
405532
405555
405558
405562
405568
405571
405581
405590
405590
405600
405604
405621
405648
405652
405655
405657
405700
405706
405727
405733
405735
405738
405746
405746
405750
405750
405770
405772
405779
405798
405804
405809
405811
405813
405819
405832
405851
405856
405895
405897
405910
405914
405921
405925
405932
405937
405939
405942
405962
405967
405976
405983
405985
406003
406004
406031
406039
406048
406065
406072
406098
406098
406098
406107
406126
406130
406134
406138
406141
406145
406146
406148
406148
406170
406200
406209
406222
406240
406244
406273
406313
406337
406338
406348
406363
406365
406393
406422
406444
406448
406464
406468
406470
406478
406484
406487
406488
406497
406500
406503
406523
406524
406532
406538
406543
406549
406556
406571
406580
406586
406595
406600
406602
406610
406612
406622
406626
406640
406646
406658
406664
406664
406667
406669
406671
406679
406693
406695
406696
406702
406710
406712
406722
406723
406727
406734
406745
406760
406772
406795
406795
406817
406826
406833
406842
406849
406860
406871
406876
406887
406894
406898
406899
406906
406930
406956
406963
406978
406990
406997
407006
407007
407007
407028
407028
407046
407070
407089
407093
407101
407105
407117
407128
407130
407131
407138
407149
407150
407168
407178
407181
407196
407210
407214
407218
407228
407228
407241
407247
407289
407289
407315
407320
407330
407333
407358
407362
407373
407379
407381
407382
407384
407401
407404
407409
407411
407424
407446
407465
407472
407479
407481
407486
407487
407496
407507
407518
407533
407538
407539
407541
407547
407554
407567
407575
407584
407601
407639
407666
407686
407692
407697
407729
407731
407753
407757
407760
407761
407765
407778
407779
407795
407800
407820
407850
407852
407868
407886
407888
407897
407907
407912
407912
407920
407942
407942
407948
407954
407958
407970
407975
407987
407996
408009
408040
408047
408049
408052
408052
408069
408078
408088
408093
408103
408108
408109
408113
408116
408123
408134
408137
408141
408141
408147
408149
408153
408167
408170
408178
408185
408185
408190
408195
408202
408207
408218
408224
408236
408241
408259
408266
408278
408281
408298
408306
408319
408321
408341
408345
408363
408368
408369
408369
408372
408379
408379
408384
408393
408418
408423
408426
408436
408439
408448
408472
408491
408505
408508
408515
408517
408530
408536
408548
408548
408593
408610
408615
408617
408633
408664
408675
408683
408691
408695
408699
408721
408740
408740
408742
408751
408766
408773
408780
408797
408817
408817
408830
408834
408837
408868
408870
408871
408873
408879
408880
408880
408898
408911
408914
408968
408969
408999
409029
409039
409040
409047
409056
409057
409060
409087
409088
409099
409112
409139
409144
409148
409166
409169
409171
409173
409181
409188
409191
409194
409195
409220
409246
409257
409258
409269
409270
409282
409285
409286
409328
409342
409343
409353
409374
409377
409396
409400
409414
409424
409442
409443
409451
409457
409457
409464
409470
409490
409491
409497
409521
409527
409540
409544
409552
409563
409574
409579
409583
409585
409599
409605
409612
409618
409628
409639
409650
409656
409672
409675
409676
409677
409684
409694
409697
409700
409727
409728
409735
409736
409742
409747
409749
409762
409787
409790
409809
409847
409850
409858
409870
409871
409885
409909
409914
409951
409954
409986
410005
410009
410010
410038
410040
410052
410054
410066
410076
410078
410083
410084
410089
410106
410116
410123
410126
410149
410168
410184
410187
410189
410190
410202
410212
410213
410216
410228
410244
410249
410257
410264
410270
410274
410274
410299
410306
410314
410315
410347
410360
410383
410388
410411
410419
410435
410436
410468
410481
410498
410498
410501
410503
410508
410514
410526
410528
410557
410572
410581
410587
410594
410601
410601
410605
410639
410643
410658
410672
410674
410682
410683
410684
410689
410691
410694
410697
410708
410711
410732
410747
410758
410761
410764
410771
410772
410808
410817
410826
410828
410838
410839
410844
410847
410855
410859
410861
410863
410874
410883
410892
410958
410981
410990
410994
410998
411000
411000
411001
411021
411031
411043
411067
411067
411080
411083
411097
411114
411132
411138
411158
411162
411166
411172
411181
411183
411195
411223
411262
411264
411268
411268
411275
411282
411317
411327
411337
411339
411342
411360
411378
411388
411389
411392
411398
411402
411411
411414
411421
411427
411436
411440
411444
411467
411497
411498
411515
411527
411528
411590
411592
411602
411629
411629
411652
411666
411675
411690
411694
411701
411702
411720
411731
411737
411740
411743
411749
411751
411772
411785
411804
411814
411816
411818
411824
411825
411834
411836
411885
411914
411920
411949
411963
411977
412006
412009
412014
412033
412035
412046
412060
412070
412088
412099
412108
412110
412123
412124
412131
412131
412137
412139
412193
412206
412222
412228
412250
412252
412255
412265
412279
412308
412327
412331
412339
412340
412342
412362
412369
412388
412393
412393
412402
412406
412412
412427
412432
412436
412438
412451
412461
412499
412533
412542
412578
412618
412625
412628
412636
412637
412642
412642
412645
412646
412655
412668
412669
412676
412687
412700
412702
412724
412740
412744
412750
412753
412756
412764
412775
412776
412780
412782
412783
412805
412809
412824
412835
412844
412855
412869
412869
412878
412900
412933
412940
412954
412956
412969
412972
412988
412990
412992
413018
413019
413022
413025
413025
413050
413052
413062
413078
413079
413106
413144
413145
413160
413165
413167
413168
413172
413199
413202
413211
413213
413216
413218
413219
413224
413225
413254
413268
413314
413315
413329
413334
413335
413377
413379
413399
413418
413451
413481
413484
413493
413498
413514
413516
413541
413542
413566
413572
413577
413585
413586
413598
413600
413615
413618
413639
413651
413651
413664
413677
413689
413706
413719
413720
413723
413725
413745
413748
413755
413756
413763
413764
413771
413785
413798
413800
413811
413825
413844
413856
413868
413870
413875
413885
413900
413903
413909
413920
413925
413944
413945
413956
413958
413973
413979
413981
413996
413998
414013
414015
414030
414032
414062
414068
414092
414108
414116
414126
414130
414138
414169
414179
414196
414202
414209
414214
414221
414223
414230
414234
414241
414247
414289
414294
414314
414317
414322
414327
414335
414336
414336
414346
414347
414361
414372
414402
414407
414433
414452
414486
414503
414509
414517
414542
414564
414570
414575
414576
414600
414617
414623
414666
414673
414677
414695
414702
414713
414725
414739
414763
414767
414770
414782
414783
414784
414814
414834
414847
414855
414868
414869
414873
414880
414891
414902
414920
414928
414947
414955
414971
415011
415025
415040
415065
415065
415066
415078
415088
415091
415101
415105
415112
415120
415141
415163
415173
415177
415207
415213
415236
415237
415253
415258
415272
415291
415293
415294
415305
415312
415357
415372
415375
415375
415400
415405
415414
415423
415431
415448
415448
415458
415459
415461
415480
415481
415497
415509
415526
415538
415542
415567
415580
415591
415591
415595
415617
415630
415644
415648
415651
415675
415691
415699
415703
415719
415721
415734
415744
415765
415766
415775
415798
415805
415823
415839
415858
415876
415882
415886
415889
415897
415910
415911
415918
415924
415929
415934
415938
415943
415960
415985
415991
416002
416004
416010
416021
416039
416040
416046
416048
416061
416100
416105
416149
416150
416161
416170
416171
416175
416192
416192
416196
416208
416210
416224
416226
416235
416236
416240
416286
416291
416298
416300
416306
416312
416314
416325
416326
416332
416350
416353
416363
416373
416380
416386
416401
416403
416416
416432
416433
416436
416465
416473
416476
416507
416513
416534
416540
416545
416561
416569
416570
416580
416585
416590
416593
416601
416624
416628
416641
416653
416664
416665
416666
416667
416701
416703
416711
416712
416715
416716
416718
416722
416742
416770
416772
416773
416778
416789
416818
416847
416863
416867
416876
416891
416897
416902
416905
416918
416919
416948
416950
416958
416960
416960
416961
416981
417016
417021
417037
417049
417054
417093
417106
417113
417131
417140
417171
417175
417182
417184
417185
417239
417247
417253
417262
417282
417289
417330
417350
417364
417377
417377
417377
417406
417410
417418
417442
417447
417450
417459
417459
417460
417474
417479
417505
417510
417517
417518
417519
417526
417548
417563
417566
417592
417598
417603
417655
417656
417658
417669
417674
417675
417676
417676
417688
417690
417696
417699
417702
417705
417720
417740
417752
417756
417758
417767
417784
417805
417824
417827
417831
417834
417845
417848
417859
417869
417892
417911
417913
417920
417939
417949
417950
417958
417964
417969
417980
417985
417986
417986
417996
418002
418008
418025
418038
418041
418048
418062
418069
418104
418106
418138
418147
418152
418155
418159
418169
418191
418196
418210
418211
418223
418225
418232
418269
418278
418280
418284
418288
418314
418314
418317
418319
418319
418323
418334
418355
418366
418404
418406
418410
418418
418421
418441
418449
418452
418452
418458
418460
418460
418461
418466
418475
418477
418510
418513
418517
418520
418524
418528
418534
418538
418541
418548
418563
418565
418571
418578
418600
418606
418609
418609
418624
418645
418666
418668
418683
418685
418686
418690
418691
418698
418710
418717
418719
418736
418744
418755
418760
418761
418766
418781
418799
418800
418814
418823
418831
418865
418868
418872
418873
418886
418912
418925
418938
418940
418953
418954
418961
418970
418992
418995
419047
419060
419068
419075
419087
419094
419102
419107
419110
419118
419120
419124
419125
419157
419164
419164
419172
419178
419185
419191
419222
419226
419228
419231
419249
419271
419278
419280
419286
419286
419287
419290
419299
419310
419336
419345
419361
419367
419372
419377
419406
419418
419418
419427
419435
419438
419441
419442
419463
419464
419469
419476
419478
419498
419500
419511
419517
419525
419527
419553
419564
419567
419568
419570
419580
419581
419591
419612
419624
419632
419671
419676
419686
419696
419704
419723
419744
419747
419750
419755
419756
419770
419774
419783
419798
419806
419827
419869
419888
419895
419905
419925
419929
419969
419971
419989
419991
419993
419993
420006
420035
420042
420044
420055
420086
420087
420090
420091
420093
420101
420113
420115
420139
420153
420170
420182
420222
420233
420239
420251
420282
420284
420297
420307
420317
420330
420339
420345
420359
420366
420374
420376
420390
420395
420403
420413
420418
420422
420440
420451
420455
420487
420500
420503
420534
420536
420538
420544
420562
420571
420584
420606
420608
420632
420633
420634
420639
420673
420688
420713
420717
420723
420725
420739
420739
420743
420756
420766
420767
420784
420802
420806
420814
420828
420829
420834
420844
420854
420862
420867
420875
420877
420881
420938
420943
420945
420966
420970
420981
420985
420990
420999
421020
421053
421065
421071
421087
421097
421104
421106
421111
421120
421121
421143
421156
421173
421175
421239
421252
421255
421265
421267
421272
421278
421278
421290
421302
421302
421317
421330
421349
421359
421371
421377
421387
421396
421410
421422
421459
421460
421464
421468
421468
421493
421505
421523
421529
421566
421576
421584
421586
421607
421612
421620
421624
421630
421644
421646
421646
421647
421650
421659
421666
421669
421684
421698
421716
421720
421764
421767
421772
421791
421791
421798
421803
421823
421835
421851
421852
421854
421860
421865
421865
421869
421873
421889
421896
421942
421943
421944
421945
421955
421971
421978
421983
421989
422021
422025
422030
422038
422047
422051
422081
422118
422120
422135
422138
422145
422173
422174
422174
422190
422234
422244
422267
422272
422279
422289
422299
422320
422321
422326
422338
422355
422362
422362
422364
422402
422417
422421
422453
422467
422473
422490
422492
422502
422503
422513
422522
422526
422531
422537
422544
422552
422557
422561
422573
422578
422590
422600
422601
422608
422632
422664
422664
422668
422680
422681
422703
422711
422716
422717
422733
422734
422753
422756
422766
422766
422769
422771
422771
422795
422813
422821
422825
422825
422828
422830
422839
422862
422883
422890
422902
422902
422909
422917
422928
422930
422940
422950
422965
422974
422976
422983
422986
423002
423004
423024
423026
423029
423038
423044
423046
423053
423055
423064
423066
423087
423090
423139
423139
423140
423148
423157
423158
423164
423180
423181
423201
423232
423234
423249
423250
423263
423280
423283
423288
423302
423317
423317
423326
423328
423342
423349
423350
423369
423375
423376
423385
423385
423386
423408
423413
423415
423466
423510
423510
423544
423545
423547
423551
423558
423593
423595
423612
423630
423631
423636
423654
423658
423659
423660
423662
423668
423679
423682
423701
423702
423717
423717
423718
423722
423744
423748
423751
423765
423771
423772
423772
423783
423790
423793
423828
423829
423832
423832
423832
423842
423847
423852
423870
423912
423915
423953
423957
423960
423966
423969
423970
423986
423995
424003
424028
424035
424038
424039
424041
424060
424066
424070
424072
424076
424078
424132
424149
424166
424185
424187
424204
424218
424221
424223
424224
424233
424263
424265
424267
424273
424276
424293
424323
424335
424342
424347
424351
424351
424373
424376
424377
424383
424386
424386
424400
424410
424434
424436
424439
424461
424472
424478
424484
424490
424520
424521
424558
424580
424584
424589
424599
424619
424640
424645
424648
424654
424677
424698
424703
424735
424773
424779
424801
424804
424805
424831
424843
424845
424847
424851
424856
424859
424906
424906
424911
424923
424933
424939
424949
424952
424959
424977
425002
425011
425014
425017
425017
425030
425030
425042
425078
425126
425133
425138
425141
425146
425168
425178
425198
425200
425200
425206
425206
425212
425224
425225
425234
425245
425260
425268
425273
425275
425282
425291
425302
425302
425309
425332
425341
425370
425396
425405
425419
425430
425433
425451
425453
425454
425464
425469
425474
425498
425501
425526
425533
425536
425543
425567
425575
425600
425615
425621
425632
425638
425640
425674
425676
425685
425687
425724
425724
425727
425758
425761
425773
425806
425816
425828
425832
425851
425864
425867
425871
425872
425896
425904
425914
425928
425935
425938
425950
425958
425971
425976
425977
425977
426000
426004
426017
426019
426030
426045
426049
426050
426050
426068
426069
426080
426086
426098
426108
426159
426172
426184
426190
426195
426197
426199
426213
426235
426247
426249
426261
426301
426320
426323
426333
426337
426358
426362
426369
426370
426371
426394
426407
426420
426433
426443
426444
426447
426448
426448
426473
426489
426500
426501
426504
426519
426519
426522
426524
426545
426547
426549
426568
426599
426609
426614
426616
426639
426648
426652
426654
426657
426674
426683
426683
426693
426703
426732
426748
426755
426792
426792
426792
426803
426810
426830
426831
426834
426838
426839
426840
426844
426846
426849
426864
426866
426866
426877
426882
426892
426893
426894
426913
426936
426945
426950
426952
426975
426976
426985
426993
427008
427012
427025
427031
427040
427052
427052
427053
427057
427063
427066
427090
427092
427097
427098
427099
427139
427150
427155
427166
427177
427195
427196
427211
427216
427223
427233
427239
427249
427269
427273
427280
427291
427298
427305
427306
427311
427326
427330
427331
427331
427340
427346
427351
427355
427401
427413
427429
427432
427448
427452
427454
427455
427475
427480
427483
427483
427516
427523
427529
427532
427533
427551
427561
427568
427582
427585
427586
427589
427592
427594
427604
427623
427656
427658
427675
427682
427686
427692
427695
427695
427701
427718
427721
427736
427744
427758
427759
427768
427778
427787
427791
427800
427814
427826
427826
427835
427850
427854
427872
427875
427878
427895
427900
427911
427933
427936
427949
427953
427962
427965
427967
427972
427994
427995
428005
428013
428015
428025
428056
428076
428084
428086
428101
428106
428112
428139
428142
428145
428185
428196
428199
428203
428211
428215
428221
428227
428233
428235
428265
428273
428278
428282
428284
428292
428299
428306
428309
428310
428324
428336
428358
428375
428382
428389
428393
428394
428405
428414
428420
428457
428465
428478
428507
428533
428543
428557
428559
428564
428569
428577
428592
428594
428597
428606
428610
428612
428616
428618
428620
428632
428645
428646
428650
428654
428658
428682
428682
428687
428695
428716
428719
428719
428732
428734
428739
428741
428744
428791
428827
428827
428861
428862
428887
428927
428930
428938
428938
428953
428961
428979
428985
428996
429001
429007
429016
429019
429066
429071
429079
429087
429091
429095
429099
429139
429141
429142
429152
429161
429162
429187
429190
429191
429199
429199
429212
429217
429237
429242
429243
429245
429251
429280
429292
429308
429315
429320
429320
429321
429329
429330
429367
429368
429369
429379
429390
429409
429410
429417
429433
429443
429445
429460
429469
429476
429499
429507
429524
429553
429566
429575
429578
429579
429588
429600
429600
429614
429640
429645
429652
429665
429669
429675
429682
429701
429706
429707
429713
429716
429753
429754
429768
429772
429793
429806
429812
429813
429831
429834
429855
429868
429877
429889
429892
429916
429927
429930
429939
429953
429955
429957
429969
429971
429978
429989
430002
430006
430007
430009
430017
430017
430025
430037
430038
430040
430043
430044
430054
430058
430059
430074
430087
430114
430137
430139
430141
430168
430169
430172
430185
430199
430204
430223
430227
430243
430245
430249
430260
430262
430268
430270
430280
430305
430313
430319
430320
430346
430347
430359
430378
430396
430417
430419
430442
430443
430474
430482
430490
430490
430493
430497
430505
430508
430513
430516
430528
430541
430543
430577
430632
430651
430661
430661
430677
430682
430693
430696
430699
430700
430704
430732
430745
430750
430754
430756
430757
430774
430778
430786
430812
430814
430855
430879
430884
430887
430899
430900
430932
430945
430946
430951
430954
430958
430961
430972
430973
430976
430980
431005
431034
431045
431052
431053
431059
431059
431085
431087
431108
431111
431111
431115
431115
431116
431117
431130
431133
431133
431135
431136
431155
431164
431170
431170
431174
431177
431226
431229
431242
431280
431298
431309
431318
431330
431364
431368
431383
431408
431418
431422
431438
431443
431457
431479
431492
431499
431502
431506
431517
431519
431535
431547
431550
431583
431584
431587
431593
431595
431595
431606
431611
431640
431648
431661
431677
431684
431702
431724
431733
431734
431744
431756
431777
431778
431782
431802
431809
431811
431820
431822
431839
431849
431858
431869
431871
431873
431874
431874
431890
431918
431922
431924
431930
431950
431955
431957
431957
431958
431962
431964
431975
431990
431992
431999
432003
432006
432013
432024
432042
432051
432052
432073
432089
432140
432144
432163
432166
432171
432187
432188
432190
432193
432210
432246
432277
432283
432285
432285
432292
432301
432307
432309
432332
432335
432347
432347
432349
432401
432401
432411
432412
432412
432417
432436
432444
432446
432456
432461
432468
432471
432479
432485
432488
432490
432493
432495
432500
432505
432519
432524
432538
432546
432552
432553
432570
432573
432574
432580
432590
432602
432629
432629
432638
432650
432664
432671
432676
432682
432694
432694
432715
432722
432726
432728
432744
432764
432770
432781
432791
432801
432809
432818
432837
432849
432852
432873
432894
432904
432908
432914
432924
432925
432938
432944
432956
432962
432970
432983
432988
432988
432991
432996
433000
433002
433008
433010
433011
433020
433024
433028
433034
433068
433076
433088
433089
433127
433129
433150
433168
433171
433196
433212
433229
433235
433256
433263
433271
433291
433308
433323
433332
433358
433365
433373
433385
433402
433405
433407
433409
433417
433442
433447
433460
433488
433489
433502
433502
433503
433530
433542
433545
433563
433563
433583
433586
433598
433603
433633
433641
433647
433652
433653
433662
433668
433670
433680
433682
433689
433693
433693
433696
433702
433718
433735
433736
433765
433786
433795
433803
433809
433810
433813
433820
433838
433849
433850
433853
433874
433900
433904
433924
433943
433948
433955
433982
433982
433986
433997
433997
434012
434018
434019
434021
434022
434038
434065
434075
434092
434093
434094
434111
434113
434114
434118
434126
434131
434141
434144
434145
434194
434196
434220
434220
434227
434251
434251
434253
434268
434278
434280
434281
434283
434292
434300
434310
434324
434329
434331
434338
434352
434360
434385
434389
434394
434396
434398
434404
434416
434420
434431
434431
434437
434480
434511
434529
434536
434539
434557
434560
434592
434600
434639
434668
434673
434674
434687
434721
434723
434725
434750
434759
434773
434811
434825
434825
434829
434831
434846
434856
434919
434937
434946
434949
434949
434954
434962
434964
434978
434996
435005
435005
435060
435066
435067
435072
435082
435092
435092
435101
435127
435136
435147
435148
435158
435164
435169
435207
435212
435214
435229
435256
435283
435315
435322
435325
435326
435332
435341
435345
435363
435365
435370
435375
435386
435391
435391
435393
435399
435403
435406
435412
435429
435441
435445
435456
435459
435504
435509
435511
435564
435565
435570
435578
435583
435591
435595
435596
435598
435601
435614
435619
435625
435650
435656
435659
435662
435665
435680
435680
435687
435696
435723
435724
435728
435752
435754
435756
435759
435762
435809
435826
435830
435848
435851
435859
435865
435893
435907
435927
435930
435964
435965
435986
435988
435999
436006
436007
436011
436017
436030
436042
436061
436067
436072
436097
436104
436121
436125
436137
436137
436138
436141
436142
436155
436158
436165
436205
436220
436222
436240
436251
436251
436256
436264
436265
436266
436272
436279
436286
436299
436307
436320
436328
436330
436330
436345
436367
436368
436376
436382
436389
436403
436417
436452
436456
436459
436485
436497
436500
436507
436508
436522
436530
436545
436555
436580
436585
436586
436607
436614
436620
436622
436629
436647
436651
436662
436674
436679
436691
436699
436717
436721
436732
436737
436746
436747
436750
436766
436788
436807
436816
436821
436826
436830
436838
436839
436847
436850
436852
436860
436863
436867
436898
436908
436910
436912
436916
436949
436952
436963
436969
436980
436983
436993
437007
437025
437027
437044
437054
437059
437085
437097
437107
437117
437124
437132
437134
437144
437157
437162
437202
437210
437217
437227
437239
437256
437265
437279
437283
437290
437295
437302
437303
437304
437307
437313
437318
437318
437322
437322
437328
437333
437341
437349
437369
437376
437382
437394
437396
437403
437419
437452
437456
437466
437467
437467
437470
437471
437488
437515
437522
437530
437533
437538
437543
437544
437558
437565
437576
437590
437608
437614
437623
437666
437677
437681
437709
437722
437741
437761
437768
437789
437790
437790
437838
437840
437841
437842
437847
437852
437884
437914
437918
437943
437950
437956
437977
437979
437984
437990
437993
438009
438020
438032
438038
438038
438042
438056
438059
438066
438082
438093
438094
438105
438118
438122
438145
438172
438177
438179
438190
438205
438234
438268
438274
438278
438322
438328
438345
438358
438360
438366
438368
438370
438389
438409
438419
438422
438429
438435
438454
438468
438476
438482
438497
438500
438504
438538
438539
438552
438558
438560
438562
438608
438615
438628
438632
438649
438655
438666
438693
438693
438707
438723
438741
438761
438772
438783
438785
438800
438816
438817
438825
438831
438831
438848
438852
438861
438877
438877
438899
438904
438915
438917
438920
438927
438934
438938
438942
438974
438980
438983
438989
438993
438995
439016
439017
439032
439035
439041
439054
439080
439083
439099
439099
439106
439110
439123
439141
439150
439177
439191
439200
439209
439221
439230
439238
439251
439252
439293
439301
439310
439329
439346
439347
439354
439357
439364
439364
439365
439370
439395
439412
439421
439422
439423
439428
439431
439441
439448
439456
439461
439488
439489
439493
439494
439509
439519
439520
439523
439528
439533
439536
439541
439545
439547
439551
439610
439633
439638
439639
439647
439650
439660
439664
439677
439683
439685
439694
439708
439722
439725
439732
439750
439786
439796
439811
439815
439816
439826
439834
439835
439841
439843
439847
439847
439860
439862
439869
439877
439884
439902
439904
439907
439918
439929
439930
439937
439938
439944
439946
439947
439952
439952
439960
439975
439975
439987
439993
439998
439999
440000
440014
440015
440016
440026
440036
440038
440056
440070
440085
440098
440102
440104
440105
440107
440112
440118
440123
440124
440131
440133
440140
440145
440157
440164
440179
440186
440192
440195
440196
440222
440222
440242
440250
440253
440260
440268
440268
440276
440279
440281
440313
440324
440343
440356
440362
440365
440369
440384
440392
440397
440405
440415
440431
440432
440435
440436
440437
440463
440464
440499
440511
440526
440601
440603
440610
440615
440615
440619
440622
440628
440640
440643
440645
440647
440651
440661
440662
440675
440679
440683
440685
440689
440691
440695
440698
440702
440722
440728
440755
440755
440769
440772
440781
440796
440796
440799
440828
440833
440833
440848
440860
440865
440874
440881
440882
440883
440886
440898
440902
440910
440911
440925
440937
440940
440942
440957
440966
440974
440978
440983
440986
440990
441020
441022
441050
441055
441062
441073
441090
441097
441108
441124
441126
441127
441137
441146
441161
441166
441182
441207
441208
441222
441232
441243
441254
441262
441264
441272
441283
441287
441297
441299
441303
441329
441367
441370
441386
441391
441397
441403
441416
441426
441429
441465
441473
441478
441488
441495
441503
441505
441522
441524
441526
441528
441546
441550
441550
441567
441617
441627
441637
441651
441662
441668
441679
441690
441692
441698
441708
441729
441736
441752
441752
441753
441767
441793
441804
441813
441825
441826
441835
441842
441845
441852
441860
441880
441883
441885
441898
441912
441926
441933
441934
441943
441945
441958
441963
441979
441999
442005
442006
442024
442037
442045
442053
442058
442077
442087
442091
442109
442124
442146
442187
442189
442189
442196
442203
442206
442210
442212
442214
442220
442268
442270
442278
442281
442281
442286
442300
442318
442318
442340
442346
442351
442362
442384
442387
442391
442396
442422
442425
442436
442447
442485
442492
442514
442514
442526
442526
442534
442536
442537
442539
442557
442560
442567
442572
442572
442579
442587
442598
442600
442616
442618
442628
442659
442665
442673
442682
442685
442687
442688
442697
442700
442730
442735
442742
442752
442755
442761
442768
442785
442813
442831
442834
442853
442866
442881
442899
442900
442919
442929
442940
442942
442948
442954
442990
443016
443025
443030
443031
443049
443059
443068
443070
443080
443087
443105
443109
443115
443118
443138
443159
443164
443181
443220
443220
443250
443252
443271
443280
443282
443283
443285
443289
443297
443302
443309
443310
443325
443356
443376
443377
443386
443418
443421
443449
443451
443482
443499
443514
443516
443522
443527
443534
443549
443576
443610
443614
443625
443628
443634
443649
443653
443703
443704
443709
443710
443716
443739
443753
443766
443772
443785
443817
443821
443832
443849
443854
443854
443863
443863
443867
443869
443911
443936
443955
443971
443979
443986
444003
444006
444013
444014
444023
444083
444106
444111
444113
444135
444135
444139
444159
444181
444196
444200
444200
444221
444229
444232
444237
444242
444249
444250
444258
444258
444277
444294
444295
444329
444335
444344
444345
444348
444358
444364
444371
444375
444376
444378
444382
444388
444407
444412
444415
444422
444428
444432
444435
444440
444447
444453
444459
444460
444463
444493
444514
444521
444537
444542
444553
444576
444581
444584
444585
444624
444641
444677
444688
444689
444700
444716
444722
444743
444753
444760
444765
444768
444770
444776
444778
444791
444795
444802
444809
444816
444831
444832
444840
444852
444867
444872
444881
444886
444888
444895
444918
444924
444926
444927
444928
444940
444971
444975
444978
444982
444989
444996
445006
445011
445030
445037
445054
445056
445082
445090
445106
445129
445129
445137
445149
445162
445182
445184
445189
445192
445197
445205
445212
445219
445240
445244
445253
445262
445265
445268
445277
445284
445291
445291
445337
445338
445344
445351
445351
445363
445385
445390
445400
445401
445402
445408
445414
445415
445424
445431
445435
445439
445456
445468
445470
445475
445477
445486
445523
445527
445536
445546
445552
445563
445567
445570
445585
445590
445598
445605
445629
445643
445648
445651
445652
445674
445678
445680
445709
445717
445722
445734
445750
445756
445786
445797
445800
445818
445861
445906
445910
445926
445949
445951
445970
446001
446003
446005
446012
446013
446027
446031
446044
446054
446057
446058
446061
446071
446085
446096
446103
446103
446119
446129
446142
446145
446168
446188
446189
446194
446216
446224
446231
446249
446255
446256
446288
446305
446307
446311
446314
446314
446318
446320
446331
446357
446358
446361
446370
446373
446381
446386
446394
446416
446421
446435
446444
446456
446457
446473
446476
446479
446483
446509
446516
446537
446548
446558
446571
446576
446584
446591
446629
446630
446642
446707
446714
446720
446745
446748
446753
446761
446773
446776
446779
446785
446798
446802
446804
446827
446831
446832
446857
446860
446863
446865
446877
446906
446921
446935
446939
446949
446964
446980
446980
446984
447001
447002
447005
447013
447022
447025
447045
447072
447113
447129
447133
447140
447150
447157
447171
447197
447201
447202
447209
447247
447261
447262
447263
447266
447269
447272
447278
447284
447294
447295
447308
447308
447315
447319
447324
447336
447360
447368
447369
447384
447386
447399
447401
447414
447430
447446
447457
447467
447473
447478
447478
447490
447507
447527
447552
447592
447611
447614
447615
447619
447621
447626
447630
447637
447656
447658
447664
447679
447698
447700
447704
447722
447735
447742
447771
447785
447786
447809
447829
447830
447849
447866
447866
447877
447885
447898
447910
447913
447915
447915
447923
447942
447955
447958
447975
447976
447984
447992
447997
448015
448019
448024
448033
448039
448045
448051
448055
448059
448060
448064
448076
448076
448077
448083
448124
448145
448171
448175
448177
448178
448190
448192
448193
448202
448211
448220
448229
448235
448251
448253
448282
448286
448288
448289
448297
448299
448304
448306
448312
448322
448325
448360
448366
448389
448390
448390
448401
448401
448401
448420
448424
448428
448435
448437
448447
448450
448455
448455
448459
448480
448498
448505
448506
448519
448522
448529
448534
448535
448538
448539
448561
448564
448564
448569
448581
448581
448594
448596
448598
448613
448625
448628
448631
448640
448650
448653
448654
448661
448669
448669
448688
448693
448695
448705
448708
448720
448744
448757
448763
448789
448790
448790
448791
448796
448797
448798
448800
448808
448836
448836
448837
448867
448876
448881
448915
448928
448930
448937
448960
448995
448996
449002
449008
449018
449024
449033
449035
449039
449056
449057
449062
449082
449106
449128
449146
449147
449165
449169
449172
449200
449212
449219
449241
449246
449248
449256
449271
449272
449275
449275
449275
449298
449309
449327
449334
449349
449368
449370
449405
449414
449434
449447
449463
449463
449464
449468
449473
449479
449481
449482
449488
449488
449512
449525
449526
449528
449528
449540
449544
449547
449551
449555
449593
449595
449599
449617
449618
449620
449658
449661
449663
449678
449689
449694
449717
449730
449741
449745
449753
449754
449755
449770
449774
449790
449791
449797
449814
449820
449845
449846
449848
449855
449875
449877
449898
449906
449916
449980
449997
450000
450003
450007
450014
450015
450037
450045
450052
450058
450065
450069
450077
450090
450098
450124
450133
450166
450168
450180
450181
450185
450223
450224
450225
450234
450247
450257
450258
450259
450261
450261
450267
450274
450279
450283
450290
450330
450347
450350
450358
450365
450374
450402
450420
450423
450426
450427
450429
450430
450439
450446
450460
450472
450474
450476
450477
450480
450489
450501
450504
450506
450511
450524
450539
450561
450573
450579
450582
450585
450589
450595
450602
450603
450627
450629
450630
450633
450636
450636
450654
450681
450684
450706
450724
450780
450788
450788
450789
450797
450810
450827
450849
450884
450908
450918
450935
450959
450985
451000
451006
451014
451017
451023
451025
451029
451035
451069
451077
451089
451120
451122
451136
451139
451156
451176
451179
451189
451204
451217
451218
451223
451246
451274
451292
451297
451298
451299
451305
451305
451309
451330
451339
451342
451346
451349
451353
451380
451389
451390
451391
451401
451401
451402
451403
451414
451442
451456
451457
451464
451483
451490
451491
451506
451530
451533
451536
451544
451563
451580
451592
451612
451623
451642
451652
451671
451687
451688
451690
451704
451705
451721
451724
451728
451728
451732
451735
451738
451739
451741
451745
451759
451763
451775
451775
451778
451784
451792
451802
451816
451822
451825
451842
451855
451859
451861
451866
451896
451900
451901
451919
451922
451930
451951
451962
451985
451989
451994
452000
452008
452033
452044
452045
452054
452071
452080
452084
452100
452106
452110
452111
452116
452123
452128
452131
452145
452147
452158
452171
452173
452196
452210
452214
452237
452239
452262
452264
452265
452272
452274
452317
452317
452321
452321
452333
452361
452395
452404
452409
452416
452424
452443
452448
452456
452468
452489
452519
452519
452532
452544
452577
452586
452603
452604
452607
452613
452640
452653
452677
452680
452696
452696
452701
452727
452732
452742
452761
452779
452794
452818
452826
452832
452856
452881
452881
452887
452902
452919
452925
452927
452930
452939
452955
452981
452995
452999
453015
453015
453017
453025
453051
453062
453064
453080
453083
453096
453105
453107
453115
453121
453130
453149
453154
453154
453166
453174
453180
453209
453222
453229
453239
453250
453252
453263
453272
453273
453283
453303
453315
453326
453327
453335
453339
453343
453347
453360
453380
453396
453400
453401
453424
453431
453441
453441
453442
453445
453448
453461
453473
453475
453480
453481
453487
453490
453496
453509
453514
453538
453543
453545
453550
453556
453588
453596
453597
453600
453607
453608
453608
453611
453611
453616
453618
453623
453623
453631
453635
453644
453650
453681
453690
453705
453734
453741
453786
453790
453795
453798
453817
453857
453858
453860
453862
453866
453878
453882
453889
453893
453921
453925
453932
453959
453963
453976
453981
453991
454065
454066
454078
454080
454086
454088
454094
454107
454116
454125
454159
454175
454181
454208
454231
454241
454252
454252
454261
454263
454275
454291
454292
454295
454314
454317
454339
454359
454372
454383
454392
454397
454401
454433
454453
454462
454467
454494
454500
454500
454504
454517
454520
454524
454538
454557
454560
454562
454562
454564
454596
454609
454660
454665
454675
454688
454715
454716
454737
454738
454741
454748
454765
454767
454800
454802
454804
454815
454820
454822
454832
454842
454854
454876
454893
454910
454912
454913
454930
454936
454937
454942
454953
454957
454961
454961
454964
454975
454995
454997
454997
455009
455011
455025
455064
455068
455088
455101
455120
455139
455144
455157
455185
455198
455205
455205
455210
455214
455215
455222
455233
455257
455272
455276
455277
455281
455334
455344
455351
455364
455387
455392
455396
455403
455428
455429
455429
455434
455439
455442
455468
455506
455518
455523
455540
455577
455591
455628
455630
455632
455637
455648
455650
455657
455688
455692
455693
455700
455704
455719
455719
455721
455725
455729
455730
455760
455775
455776
455791
455805
455810
455815
455816
455819
455822
455827
455836
455837
455867
455869
455880
455884
455888
455895
455897
455898
455930
455940
455944
455960
455972
455976
455976
455980
455984
455993
455995
456023
456023
456027
456028
456030
456039
456051
456066
456085
456116
456119
456136
456147
456169
456189
456198
456208
456212
456224
456264
456282
456308
456309
456318
456325
456331
456332
456334
456348
456351
456359
456375
456383
456393
456409
456409
456415
456419
456422
456459
456462
456484
456488
456493
456497
456510
456534
456545
456551
456560
456574
456584
456592
456598
456607
456625
456633
456660
456666
456687
456694
456697
456713
456716
456718
456739
456741
456751
456787
456793
456811
456820
456821
456826
456838
456839
456842
456845
456854
456855
456855
456858
456874
456875
456880
456884
456932
456932
456935
456952
456957
456966
456968
456979
456987
457004
457004
457013
457018
457019
457044
457049
457050
457054
457058
457061
457067
457068
457092
457093
457095
457106
457116
457122
457123
457142
457144
457149
457150
457152
457166
457170
457188
457190
457192
457199
457212
457217
457234
457257
457261
457275
457286
457289
457300
457345
457350
457352
457358
457359
457384
457389
457392
457405
457432
457438
457471
457474
457476
457480
457480
457495
457531
457547
457563
457571
457592
457593
457615
457618
457623
457628
457633
457646
457664
457672
457673
457693
457700
457712
457712
457725
457746
457754
457756
457781
457795
457812
457826
457834
457834
457845
457851
457871
457892
457899
457910
457925
457929
457931
457945
457959
457962
457966
457966
457969
457977
457978
457978
458022
458034
458036
458045
458048
458052
458056
458065
458066
458067
458083
458085
458090
458096
458098
458098
458101
458108
458112
458125
458127
458147
458147
458149
458150
458162
458188
458220
458247
458258
458261
458315
458318
458326
458329
458339
458346
458347
458355
458368
458370
458378
458382
458388
458389
458392
458393
458402
458404
458415
458419
458421
458432
458449
458477
458485
458487
458501
458524
458541
458565
458573
458575
458582
458595
458597
458620
458635
458645
458648
458663
458704
458704
458736
458759
458774
458777
458810
458824
458828
458828
458839
458849
458860
458876
458885
458889
458897
458899
458902
458906
458909
458917
458940
458960
458963
458965
458976
458992
458998
459005
459008
459018
459020
459023
459030
459038
459038
459090
459095
459103
459114
459131
459148
459168
459183
459196
459198
459199
459221
459225
459235
459240
459242
459244
459246
459249
459252
459256
459261
459270
459280
459292
459296
459303
459306
459307
459321
459331
459389
459396
459405
459414
459449
459452
459459
459461
459474
459493
459494
459495
459500
459510
459513
459520
459521
459529
459543
459549
459563
459567
459570
459576
459584
459619
459636
459660
459663
459692
459695
459719
459729
459730
459732
459734
459734
459772
459780
459784
459788
459810
459813
459829
459835
459843
459849
459866
459878
459882
459883
459890
459902
459921
459924
459925
459928
459929
459943
459951
459965
459967
459977
460001
460005
460006
460024
460025
460048
460053
460097
460107
460112
460117
460130
460133
460136
460138
460142
460145
460161
460175
460176
460186
460194
460210
460226
460227
460239
460253
460256
460264
460265
460278
460284
460296
460299
460339
460347
460356
460370
460376
460377
460437
460450
460453
460471
460478
460486
460519
460527
460558
460560
460571
460573
460588
460590
460596
460601
460608
460618
460625
460639
460658
460679
460691
460702
460713
460716
460716
460719
460720
460727
460761
460773
460787
460800
460803
460806
460807
460827
460839
460856
460859
460861
460867
460869
460876
460878
460882
460883
460884
460885
460888
460895
460902
460918
460924
460925
460926
460928
460930
460935
460936
460993
460993
460997
461001
461005
461018
461028
461039
461052
461054
461070
461071
461086
461100
461104
461107
461109
461110
461129
461160
461169
461173
461177
461183
461185
461202
461213
461222
461242
461247
461248
461277
461284
461290
461297
461299
461300
461305
461306
461324
461328
461329
461344
461356
461367
461373
461377
461378
461381
461384
461430
461443
461462
461464
461478
461483
461488
461498
461501
461502
461507
461516
461523
461544
461567
461573
461586
461586
461591
461602
461605
461624
461625
461626
461663
461664
461669
461693
461700
461702
461702
461715
461726
461741
461743
461752
461755
461772
461778
461809
461829
461830
461834
461835
461838
461856
461860
461881
461894
461900
461915
461916
461928
461932
461937
461943
461945
461953
461954
461958
461967
461968
461974
461974
462000
462022
462031
462047
462050
462061
462067
462068
462071
462080
462085
462098
462110
462145
462154
462167
462170
462180
462188
462212
462214
462216
462232
462274
462310
462344
462345
462349
462366
462369
462404
462411
462425
462430
462435
462442
462447
462450
462454
462484
462501
462502
462503
462512
462513
462527
462528
462535
462540
462541
462541
462551
462564
462567
462584
462588
462592
462603
462627
462629
462653
462660
462661
462663
462665
462715
462721
462727
462728
462731
462736
462738
462741
462747
462795
462801
462821
462823
462829
462833
462837
462872
462881
462890
462894
462896
462902
462911
462919
462927
462941
462943
462960
462964
462979
462980
462996
463000
463003
463015
463019
463026
463045
463049
463062
463068
463088
463095
463108
463128
463130
463142
463148
463178
463217
463231
463252
463261
463281
463297
463297
463299
463299
463310
463315
463322
463344
463345
463356
463358
463371
463377
463379
463384
463388
463393
463397
463405
463434
463450
463460
463460
463469
463472
463476
463494
463507
463508
463522
463569
463573
463575
463577
463583
463593
463596
463609
463628
463636
463644
463653
463666
463668
463680
463681
463688
463690
463690
463701
463705
463714
463714
463745
463791
463792
463812
463823
463829
463830
463853
463884
463888
463901
463907
463912
463916
463930
463953
463958
463963
463978
463984
463992
464014
464015
464027
464030
464037
464047
464055
464061
464071
464075
464092
464105
464128
464144
464171
464173
464173
464176
464185
464186
464187
464200
464207
464209
464240
464242
464249
464262
464275
464290
464291
464293
464297
464311
464315
464347
464352
464352
464360
464361
464381
464409
464411
464428
464449
464458
464472
464472
464475
464517
464520
464524
464525
464527
464529
464531
464536
464536
464550
464564
464568
464579
464583
464595
464602
464602
464615
464619
464640
464644
464648
464656
464682
464694
464711
464715
464716
464729
464754
464765
464765
464782
464847
464851
464851
464864
464869
464880
464888
464890
464891
464896
464911
464915
464918
464920
464920
464949
464952
464962
464984
464989
464997
465002
465031
465043
465057
465063
465063
465079
465080
465083
465086
465097
465103
465108
465113
465119
465121
465123
465132
465139
465153
465161
465163
465163
465176
465184
465194
465205
465224
465243
465266
465283
465289
465290
465297
465323
465329
465333
465338
465344
465347
465349
465352
465355
465357
465360
465374
465374
465388
465400
465401
465403
465407
465408
465425
465442
465481
465488
465499
465500
465507
465524
465524
465526
465564
465566
465574
465581
465589
465601
465603
465613
465617
465618
465662
465668
465697
465712
465714
465722
465729
465757
465784
465786
465795
465799
465804
465805
465813
465825
465840
465857
465861
465868
465894
465899
465899
465906
465909
465917
465948
465952
465954
465958
465959
465966
465972
465977
465978
466000
466012
466023
466027
466033
466044
466047
466058
466100
466108
466117
466124
466124
466132
466134
466150
466160
466167
466180
466181
466186
466201
466210
466217
466220
466230
466233
466235
466242
466257
466265
466277
466286
466293
466332
466340
466363
466365
466369
466375
466402
466407
466413
466417
466418
466424
466438
466439
466448
466452
466453
466455
466490
466504
466505
466506
466508
466512
466545
466550
466555
466562
466563
466564
466579
466602
466609
466621
466633
466642
466643
466650
466658
466660
466661
466662
466667
466678
466683
466695
466699
466714
466771
466791
466798
466812
466813
466827
466843
466847
466864
466875
466878
466891
466907
466936
466953
466982
466994
467012
467013
467028
467039
467039
467044
467062
467081
467099
467110
467122
467137
467160
467166
467169
467189
467196
467196
467197
467214
467230
467238
467241
467241
467246
467253
467256
467257
467268
467269
467271
467287
467290
467306
467306
467314
467319
467326
467337
467374
467387
467395
467401
467403
467412
467420
467423
467423
467427
467432
467436
467436
467443
467446
467449
467449
467455
467460
467483
467493
467501
467502
467503
467508
467509
467530
467531
467536
467541
467545
467564
467571
467572
467606
467613
467615
467629
467632
467633
467634
467636
467642
467645
467663
467665
467670
467674
467677
467689
467693
467696
467709
467709
467713
467724
467727
467763
467765
467778
467795
467806
467817
467837
467840
467842
467846
467850
467874
467878
467888
467895
467898
467903
467910
467921
467933
467943
467953
467954
467969
467975
467992
468010
468011
468020
468037
468043
468054
468079
468084
468084
468086
468103
468115
468128
468133
468162
468185
468220
468224
468230
468234
468236
468248
468264
468266
468285
468301
468316
468316
468317
468320
468322
468333
468334
468335
468342
468343
468347
468365
468380
468429
468433
468440
468440
468441
468445
468489
468490
468497
468502
468516
468520
468526
468528
468528
468529
468536
468549
468557
468562
468564
468574
468590
468616
468620
468622
468633
468636
468640
468643
468648
468650
468683
468685
468711
468736
468738
468747
468749
468766
468772
468776
468787
468792
468797
468823
468826
468827
468832
468832
468847
468854
468862
468865
468867
468879
468881
468881
468885
468899
468904
468923
468951
468982
468999
468999
469010
469022
469029
469044
469061
469070
469085
469098
469106
469117
469134
469149
469151
469163
469173
469174
469178
469178
469204
469209
469219
469232
469233
469239
469246
469247
469272
469272
469290
469293
469303
469307
469314
469324
469333
469342
469344
469353
469357
469360
469381
469387
469403
469412
469417
469420
469426
469431
469433
469449
469450
469479
469495
469506
469518
469536
469542
469566
469579
469589
469595
469597
469597
469605
469630
469648
469656
469666
469667
469668
469673
469676
469682
469712
469716
469721
469726
469735
469741
469752
469766
469771
469775
469781
469783
469785
469813
469828
469829
469837
469854
469870
469873
469875
469879
469888
469910
469915
469925
469933
469938
469947
469953
469966
469970
469977
469978
469979
469993
469995
470004
470020
470062
470070
470070
470090
470090
470097
470106
470112
470114
470116
470122
470132
470153
470165
470182
470190
470201
470213
470217
470221
470246
470250
470257
470264
470270
470271
470287
470290
470300
470308
470316
470346
470350
470352
470355
470362
470371
470382
470390
470416
470429
470431
470446
470455
470456
470457
470462
470464
470474
470486
470488
470492
470492
470503
470505
470514
470519
470522
470523
470525
470527
470578
470578
470593
470595
470605
470607
470607
470608
470629
470632
470644
470647
470649
470667
470670
470690
470696
470699
470704
470704
470706
470710
470712
470721
470726
470729
470745
470747
470765
470767
470802
470806
470824
470830
470841
470860
470862
470869
470871
470881
470884
470888
470908
470933
470942
470942
470947
470960
470984
471006
471021
471021
471030
471032
471045
471055
471055
471056
471075
471076
471081
471098
471102
471105
471107
471134
471143
471155
471157
471173
471176
471212
471224
471232
471239
471252
471260
471288
471292
471301
471303
471310
471357
471364
471380
471388
471401
471401
471426
471432
471451
471473
471486
471500
471508
471508
471517
471519
471534
471535
471537
471561
471576
471581
471587
471588
471592
471610
471621
471622
471623
471628
471634
471670
471670
471672
471676
471687
471688
471698
471724
471772
471789
471789
471809
471811
471848
471852
471857
471866
471867
471869
471873
471896
471903
471916
471918
471919
471922
471929
471937
471955
471968
471980
471983
471985
472045
472057
472076
472085
472086
472100
472112
472117
472131
472140
472158
472165
472174
472177
472198
472201
472201
472260
472267
472275
472281
472286
472289
472292
472293
472297
472301
472302
472305
472317
472319
472323
472356
472361
472365
472370
472375
472379
472380
472385
472395
472408
472428
472435
472464
472471
472477
472490
472517
472517
472518
472539
472541
472550
472563
472581
472582
472592
472592
472593
472598
472611
472624
472636
472647
472665
472693
472700
472728
472740
472755
472758
472761
472770
472786
472807
472812
472814
472836
472848
472873
472877
472920
472945
472951
472972
472974
472987
472993
473013
473013
473040
473047
473048
473061
473066
473079
473093
473118
473128
473133
473135
473138
473159
473163
473167
473189
473197
473212
473215
473225
473226
473227
473233
473244
473247
473249
473282
473296
473300
473316
473323
473325
473330
473339
473341
473353
473381
473395
473409
473424
473437
473441
473456
473468
473488
473514
473519
473520
473523
473529
473536
473543
473556
473561
473571
473574
473611
473620
473632
473650
473657
473659
473676
473684
473688
473691
473706
473708
473715
473719
473723
473731
473733
473758
473775
473800
473819
473827
473836
473845
473855
473861
473862
473871
473892
473903
473917
473941
473952
473960
473962
473977
473987
473989
474016
474023
474029
474036
474036
474037
474046
474056
474071
474073
474074
474077
474091
474115
474121
474125
474143
474148
474157
474159
474166
474194
474212
474214
474220
474225
474241
474259
474260
474279
474308
474317
474318
474322
474322
474335
474339
474358
474371
474387
474396
474438
474468
474470
474472
474478
474488
474490
474512
474522
474533
474538
474546
474547
474548
474589
474590
474591
474605
474609
474626
474641
474657
474661
474702
474706
474720
474729
474742
474744
474755
474761
474766
474766
474787
474787
474806
474817
474819
474827
474840
474852
474871
474871
474912
474937
474950
474957
474959
474970
474983
474985
474986
475010
475016
475022
475022
475029
475030
475032
475044
475063
475065
475075
475131
475159
475163
475169
475182
475188
475188
475194
475195
475207
475211
475222
475231
475249
475250
475256
475256
475268
475272
475276
475279
475294
475312
475313
475319
475325
475328
475329
475341
475346
475351
475373
475374
475384
475388
475400
475401
475404
475421
475423
475424
475430
475433
475453
475464
475479
475498
475501
475505
475509
475540
475549
475580
475583
475584
475608
475629
475631
475631
475637
475648
475668
475670
475676
475682
475682
475684
475700
475701
475710
475716
475737
475752
475761
475762
475771
475782
475783
475795
475841
475857
475902
475916
475944
475953
475972
475988
475993
475997
476006
476010
476012
476026
476031
476035
476040
476043
476044
476059
476079
476093
476120
476131
476132
476137
476142
476144
476149
476152
476152
476152
476170
476199
476211
476215
476227
476238
476242
476285
476308
476310
476316
476318
476319
476321
476327
476336
476345
476347
476354
476356
476358
476363
476394
476410
476412
476414
476431
476433
476433
476445
476504
476505
476507
476508
476510
476512
476521
476529
476539
476542
476554
476560
476563
476592
476596
476606
476609
476611
476635
476638
476646
476649
476653
476663
476685
476688
476690
476699
476708
476735
476751
476763
476764
476775
476789
476799
476810
476822
476830
476831
476850
476854
476865
476875
476888
476888
476899
476899
476905
476908
476909
476940
476945
476951
476954
476999
477006
477010
477028
477040
477056
477061
477095
477099
477100
477103
477113
477130
477133
477143
477147
477147
477153
477170
477172
477176
477188
477223
477260
477262
477263
477269
477273
477274
477280
477310
477312
477322
477328
477344
477349
477351
477356
477362
477374
477399
477402
477403
477404
477448
477462
477472
477505
477507
477510
477513
477516
477527
477541
477548
477557
477558
477588
477592
477593
477601
477610
477616
477621
477629
477632
477646
477646
477670
477679
477709
477714
477720
477721
477721
477743
477749
477749
477757
477782
477790
477796
477800
477823
477836
477866
477872
477879
477900
477906
477906
477909
477931
477942
477958
477967
477969
477977
477990
477994
478011
478017
478020
478020
478034
478050
478052
478053
478060
478066
478073
478075
478084
478096
478100
478117
478117
478126
478127
478127
478134
478145
478147
478150
478151
478159
478161
478162
478181
478208
478212
478227
478241
478245
478249
478261
478264
478268
478280
478292
478300
478305
478317
478329
478338
478364
478393
478396
478418
478421
478424
478434
478434
478457
478484
478496
478502
478506
478509
478509
478530
478537
478542
478545
478547
478568
478573
478578
478588
478597
478597
478613
478638
478638
478646
478662
478683
478689
478699
478703
478712
478720
478731
478732
478740
478741
478743
478760
478771
478780
478784
478790
478792
478805
478822
478834
478863
478907
478918
478921
478930
478933
478945
478955
478955
478956
478986
479009
479015
479017
479031
479035
479068
479075
479088
479106
479120
479122
479133
479181
479187
479191
479203
479220
479222
479244
479244
479244
479250
479251
479287
479335
479344
479345
479354
479377
479379
479387
479394
479411
479418
479442
479461
479468
479481
479487
479487
479494
479503
479506
479515
479515
479516
479538
479554
479554
479555
479582
479595
479595
479607
479608
479621
479625
479640
479647
479657
479664
479674
479695
479696
479710
479724
479743
479780
479785
479785
479825
479836
479841
479888
479896
479925
479927
479935
479935
479935
479937
479966
479971
480021
480024
480026
480029
480050
480054
480059
480068
480074
480079
480099
480107
480130
480139
480153
480159
480161
480187
480197
480200
480201
480203
480205
480207
480220
480225
480234
480243
480265
480284
480286
480325
480330
480333
480337
480341
480371
480379
480383
480390
480411
480431
480431
480439
480454
480469
480479
480480
480482
480484
480506
480510
480541
480553
480556
480563
480569
480581
480600
480625
480630
480638
480656
480687
480692
480704
480704
480709
480726
480731
480731
480734
480743
480751
480759
480765
480793
480797
480808
480835
480836
480843
480846
480859
480870
480878
480879
480880
480881
480882
480883
480890
480892
480903
480950
480955
480967
481008
481014
481026
481035
481041
481048
481052
481078
481079
481082
481083
481085
481101
481112
481126
481134
481138
481139
481162
481163
481173
481174
481175
481180
481182
481201
481203
481227
481234
481238
481249
481255
481267
481276
481329
481336
481341
481372
481375
481397
481398
481408
481412
481454
481486
481496
481503
481512
481515
481525
481528
481533
481545
481555
481566
481592
481592
481612
481622
481631
481651
481652
481670
481692
481719
481726
481727
481746
481750
481751
481758
481762
481776
481779
481781
481784
481794
481794
481795
481808
481823
481825
481826
481832
481837
481848
481859
481863
481864
481877
481886
481894
481908
481922
481927
481941
481944
481952
481967
481995
481996
482003
482003
482003
482009
482020
482025
482025
482046
482049
482050
482063
482073
482100
482101
482118
482123
482128
482134
482135
482136
482143
482145
482146
482148
482159
482188
482191
482258
482269
482275
482302
482331
482345
482351
482353
482365
482384
482397
482406
482424
482429
482435
482468
482471
482484
482502
482515
482516
482519
482537
482558
482560
482572
482598
482601
482602
482604
482606
482615
482624
482630
482632
482633
482666
482693
482694
482707
482709
482716
482726
482758
482792
482811
482824
482832
482834
482835
482843
482847
482848
482861
482865
482871
482908
482911
482921
482930
482945
482948
482950
482964
482970
482976
482982
483002
483015
483017
483040
483042
483043
483049
483052
483058
483058
483097
483102
483108
483117
483123
483123
483148
483155
483163
483185
483205
483206
483218
483222
483228
483233
483240
483251
483254
483272
483288
483297
483315
483358
483372
483377
483381
483389
483393
483395
483402
483404
483436
483441
483457
483462
483462
483477
483481
483486
483523
483525
483532
483554
483558
483560
483567
483572
483580
483584
483589
483593
483598
483599
483610
483619
483631
483634
483637
483649
483662
483665
483686
483693
483707
483723
483728
483733
483747
483750
483758
483762
483801
483807
483809
483827
483830
483833
483854
483875
483904
483921
483932
483935
483942
483965
483967
483967
483979
483979
483992
484003
484004
484010
484012
484043
484046
484047
484053
484055
484079
484084
484152
484162
484177
484180
484180
484194
484200
484216
484226
484240
484242
484245
484280
484289
484297
484303
484310
484311
484313
484319
484334
484342
484349
484353
484361
484372
484374
484377
484388
484431
484441
484442
484449
484468
484484
484489
484493
484506
484509
484521
484523
484529
484535
484554
484556
484557
484571
484574
484593
484607
484614
484615
484632
484639
484680
484699
484713
484720
484721
484736
484737
484779
484780
484781
484789
484792
484799
484823
484838
484841
484847
484855
484864
484865
484868
484900
484927
484972
484981
485019
485048
485053
485060
485061
485062
485067
485074
485081
485082
485085
485090
485093
485097
485110
485111
485121
485127
485134
485137
485139
485152
485154
485191
485197
485217
485228
485234
485235
485235
485249
485264
485266
485277
485283
485294
485303
485312
485316
485359
485377
485383
485393
485408
485434
485444
485451
485454
485459
485481
485495
485497
485524
485525
485532
485550
485568
485580
485607
485647
485663
485667
485670
485681
485695
485711
485721
485733
485738
485741
485747
485748
485757
485757
485762
485783
485790
485808
485824
485832
485833
485837
485859
485897
485908
485927
485929
485932
485933
485937
485956
485976
485976
485995
485997
486001
486007
486008
486032
486044
486054
486056
486080
486098
486110
486112
486115
486133
486134
486150
486159
486161
486162
486165
486170
486184
486190
486210
486217
486223
486232
486243
486247
486252
486253
486255
486256
486270
486282
486283
486291
486313
486337
486339
486344
486349
486356
486358
486361
486370
486378
486393
486398
486444
486449
486469
486484
486494
486509
486512
486522
486529
486530
486531
486538
486547
486557
486571
486572
486583
486587
486587
486595
486599
486632
486646
486656
486659
486661
486661
486665
486676
486676
486681
486693
486700
486701
486724
486726
486727
486731
486742
486746
486750
486760
486762
486769
486775
486781
486787
486789
486804
486824
486837
486838
486851
486867
486882
486885
486895
486916
486917
486924
486925
486952
486954
486955
486966
486969
486973
486977
486995
487004
487004
487019
487025
487028
487032
487044
487052
487061
487069
487072
487081
487116
487126
487132
487142
487163
487188
487199
487206
487208
487215
487230
487233
487234
487254
487257
487265
487272
487277
487289
487298
487298
487312
487316
487320
487321
487327
487333
487369
487387
487394
487397
487400
487405
487411
487413
487418
487434
487436
487436
487437
487442
487453
487453
487456
487469
487470
487475
487477
487480
487482
487484
487497
487525
487534
487547
487572
487594
487594
487600
487603
487627
487630
487649
487653
487685
487687
487694
487702
487707
487709
487743
487763
487788
487794
487796
487797
487814
487816
487824
487831
487836
487837
487854
487855
487863
487865
487885
487901
487915
487931
487945
487956
487957
487963
487993
487998
488000
488007
488030
488034
488041
488045
488050
488105
488118
488133
488139
488142
488153
488163
488169
488172
488179
488189
488198
488204
488205
488211
488224
488233
488239
488251
488274
488289
488304
488322
488330
488348
488350
488358
488387
488389
488419
488437
488437
488447
488461
488463
488473
488485
488558
488560
488574
488576
488595
488603
488615
488615
488622
488625
488633
488640
488644
488662
488664
488685
488690
488690
488717
488729
488731
488734
488744
488749
488751
488752
488756
488759
488765
488795
488801
488815
488816
488820
488828
488842
488843
488848
488848
488859
488860
488866
488892
488902
488932
488940
488940
488941
488946
488970
488983
488985
489015
489028
489032
489067
489072
489079
489095
489101
489110
489113
489126
489158
489161
489163
489168
489172
489182
489197
489199
489207
489219
489237
489250
489251
489265
489270
489278
489302
489309
489313
489317
489324
489329
489340
489344
489377
489379
489383
489388
489398
489413
489416
489419
489432
489434
489506
489506
489506
489524
489529
489534
489546
489581
489599
489611
489614
489628
489632
489636
489637
489649
489652
489670
489694
489703
489706
489723
489737
489747
489762
489765
489770
489775
489777
489804
489820
489823
489824
489832
489882
489885
489909
489915
489941
489945
489957
489959
489959
489979
489984
489990
489995
490001
490003
490022
490030
490043
490054
490059
490061
490064
490072
490084
490093
490093
490097
490119
490127
490132
490135
490153
490185
490197
490198
490206
490210
490235
490239
490239
490248
490249
490261
490269
490270
490290
490291
490295
490301
490306
490308
490315
490325
490326
490340
490341
490363
490370
490387
490391
490392
490403
490405
490408
490418
490420
490424
490438
490439
490444
490448
490461
490465
490465
490486
490491
490498
490539
490541
490547
490551
490551
490585
490586
490625
490629
490643
490646
490649
490657
490658
490668
490670
490670
490699
490712
490713
490733
490733
490734
490734
490736
490760
490771
490782
490794
490817
490842
490857
490860
490861
490861
490870
490877
490888
490908
490915
490936
490940
490943
490944
490959
490965
490967
490987
491024
491026
491038
491040
491044
491045
491092
491100
491100
491110
491118
491124
491134
491141
491183
491193
491206
491212
491222
491228
491233
491236
491237
491266
491276
491278
491293
491293
491294
491296
491304
491336
491336
491355
491359
491361
491366
491371
491399
491400
491420
491425
491448
491451
491463
491481
491499
491514
491542
491545
491552
491553
491566
491603
491629
491632
491643
491647
491659
491677
491689
491691
491699
491741
491741
491749
491758
491761
491776
491779
491780
491787
491788
491790
491822
491829
491850
491860
491860
491867
491867
491867
491883
491888
491899
491907
491911
491912
491915
491942
491954
491956
491977
491979
491985
491987
491990
492005
492005
492013
492024
492028
492028
492029
492031
492039
492045
492052
492054
492056
492072
492100
492100
492103
492106
492109
492109
492130
492133
492143
492152
492167
492176
492181
492181
492200
492202
492203
492205
492214
492216
492226
492228
492231
492236
492261
492267
492273
492289
492293
492297
492302
492311
492348
492355
492365
492374
492378
492386
492393
492398
492421
492423
492424
492431
492437
492443
492445
492450
492457
492469
492508
492515
492523
492527
492541
492541
492545
492547
492556
492564
492600
492609
492616
492616
492617
492627
492631
492651
492657
492660
492665
492666
492684
492685
492711
492732
492734
492736
492743
492743
492747
492784
492803
492830
492835
492838
492844
492844
492855
492858
492858
492874
492883
492904
492906
492930
492937
492940
492941
492950
492954
492955
492971
492972
492975
492977
492995
493002
493005
493019
493023
493060
493093
493102
493107
493113
493114
493118
493127
493144
493148
493151
493154
493165
493198
493201
493208
493208
493210
493215
493215
493215
493222
493246
493254
493256
493258
493258
493262
493272
493300
493309
493315
493328
493358
493363
493370
493379
493382
493383
493388
493393
493398
493404
493438
493448
493458
493473
493488
493491
493492
493513
493526
493528
493562
493569
493584
493595
493618
493623
493628
493633
493637
493652
493658
493660
493670
493680
493686
493695
493699
493702
493704
493726
493743
493747
493769
493777
493792
493796
493801
493808
493813
493814
493850
493852
493876
493894
493924
493937
493960
493965
493968
493969
493972
494010
494013
494022
494032
494035
494039
494049
494064
494065
494079
494108
494114
494118
494126
494129
494143
494154
494159
494163
494163
494163
494174
494179
494187
494187
494191
494228
494232
494234
494249
494259
494263
494275
494276
494288
494299
494315
494326
494330
494338
494354
494356
494374
494375
494382
494390
494400
494416
494423
494425
494426
494436
494451
494482
494485
494500
494537
494538
494562
494562
494591
494596
494598
494600
494608
494613
494648
494675
494702
494719
494732
494744
494747
494753
494756
494765
494769
494770
494811
494816
494837
494838
494840
494845
494862
494863
494870
494883
494891
494892
494897
494900
494909
494918
494924
494931
494940
494941
494941
494941
494956
494990
495008
495020
495034
495036
495036
495036
495038
495075
495082
495109
495118
495155
495160
495160
495164
495165
495171
495178
495185
495200
495215
495221
495229
495235
495246
495254
495295
495310
495310
495312
495316
495349
495376
495385
495395
495434
495438
495443
495452
495462
495467
495467
495474
495476
495476
495489
495489
495501
495502
495503
495503
495522
495530
495531
495546
495556
495562
495584
495589
495598
495605
495607
495612
495617
495631
495635
495646
495648
495652
495653
495663
495675
495676
495701
495708
495713
495715
495723
495728
495733
495741
495747
495747
495751
495753
495783
495784
495801
495817
495820
495821
495821
495840
495845
495854
495865
495879
495884
495887
495892
495896
495898
495926
495930
495936
495939
495945
495950
495955
495961
495963
495967
495967
495967
495983
496010
496028
496028
496029
496038
496053
496065
496080
496081
496083
496138
496151
496163
496172
496184
496185
496188
496189
496192
496220
496226
496230
496239
496245
496245
496250
496261
496262
496267
496278
496283
496284
496297
496316
496326
496329
496340
496341
496379
496388
496461
496464
496468
496475
496480
496483
496485
496498
496501
496502
496511
496521
496522
496522
496522
496527
496530
496530
496534
496539
496560
496561
496569
496625
496637
496642
496654
496665
496668
496669
496675
496676
496685
496688
496703
496741
496743
496770
496794
496804
496805
496854
496854
496854
496877
496896
496899
496916
496918
496920
496924
496933
496958
496958
496960
496980
496982
496986
496993
496993
497011
497051
497062
497070
497084
497105
497116
497117
497118
497119
497134
497141
497143
497147
497152
497161
497169
497184
497192
497200
497210
497213
497225
497228
497241
497245
497256
497269
497275
497281
497310
497316
497357
497364
497375
497379
497403
497407
497409
497428
497432
497445
497464
497464
497467
497473
497478
497484
497500
497507
497528
497528
497541
497549
497554
497561
497571
497590
497596
497596
497601
497614
497620
497622
497628
497628
497651
497651
497662
497700
497708
497716
497736
497740
497741
497768
497782
497786
497792
497797
497803
497822
497833
497834
497840
497849
497860
497900
497902
497923
497934
497943
497948
497953
497960
497986
497989
498002
498010
498010
498023
498023
498032
498038
498040
498041
498058
498069
498083
498108
498131
498132
498134
498152
498154
498165
498171
498175
498178
498181
498182
498196
498215
498229
498230
498236
498237
498246
498286
498303
498306
498306
498312
498352
498369
498379
498385
498408
498415
498425
498442
498442
498451
498457
498464
498473
498479
498518
498555
498588
498609
498610
498629
498640
498647
498656
498657
498663
498677
498687
498688
498699
498719
498723
498732
498752
498761
498766
498767
498781
498783
498801
498819
498838
498845
498856
498864
498871
498873
498874
498880
498881
498881
498897
498914
498942
498956
498959
498969
498970
498970
498974
498997
499000
499004
499009
499009
499013
499045
499064
499068
499073
499079
499083
499091
499093
499108
499128
499132
499136
499150
499157
499202
499207
499218
499219
499221
499222
499224
499225
499233
499277
499279
499288
499290
499291
499300
499306
499315
499327
499328
499329
499347
499350
499365
499365
499369
499397
499403
499418
499421
499428
499428
499464
499467
499472
499491
499504
499528
499538
499541
499564
499564
499569
499575
499578
499582
499585
499589
499590
499592
499597
499605
499608
499609
499621
499623
499627
499658
499658
499678
499717
499743
499747
499791
499792
499820
499821
499824
499831
499840
499859
499861
499867
499868
499869
499873
499919
499941
499946
499978
500007
500025
500033
500056
500059
500077
500085
500085
500106
500107
500113
500128
500136
500146
500150
500151
500208
500218
500236
500237
500238
500255
500297
500310
500314
500321
500323
500358
500360
500365
500382
500393
500397
500399
500407
500413
500424
500427
500430
500431
500433
500436
500456
500458
500460
500465
500486
500489
500489
500497
500519
500554
500584
500584
500587
500609
500655
500658
500666
500680
500682
500682
500687
500698
500707
500710
500735
500741
500750
500753
500766
500772
500773
500777
500782
500784
500787
500797
500798
500806
500807
500815
500849
500853
500855
500879
500886
500887
500892
500895
500923
500926
500933
500936
500945
500948
500961
500961
500965
500975
500978
500980
500983
500992
500993
500993
501003
501007
501014
501027
501035
501047
501064
501089
501116
501130
501142
501155
501156
501186
501191
501216
501223
501250
501255
501256
501264
501268
501331
501349
501375
501383
501386
501389
501413
501414
501416
501429
501459
501467
501473
501474
501478
501501
501501
501513
501519
501524
501537
501564
501574
501584
501591
501597
501602
501625
501630
501647
501659
501664
501673
501677
501678
501709
501713
501713
501717
501734
501734
501740
501753
501753
501760
501775
501777
501779
501782
501785
501796
501817
501830
501849
501860
501866
501869
501872
501874
501878
501891
501891
501913
501921
501921
501922
501926
501936
501938
501962
501963
501979
501979
501987
502006
502008
502023
502023
502032
502040
502043
502046
502053
502058
502064
502071
502073
502082
502091
502092
502115
502134
502142
502164
502172
502178
502181
502186
502197
502198
502210
502245
502247
502255
502265
502277
502287
502301
502312
502323
502353
502361
502377
502393
502408
502423
502427
502439
502451
502483
502503
502505
502516
502520
502522
502529
502534
502552
502559
502573
502580
502583
502596
502596
502614
502624
502629
502640
502645
502648
502671
502675
502677
502683
502687
502694
502743
502757
502770
502773
502777
502828
502832
502838
502842
502843
502874
502882
502883
502895
502906
502925
502933
502941
502950
502958
502978
502981
503013
503025
503038
503046
503051
503065
503068
503086
503094
503100
503102
503102
503102
503110
503114
503150
503157
503163
503178
503182
503192
503195
503197
503215
503234
503238
503260
503268
503270
503279
503307
503311
503314
503332
503339
503340
503342
503356
503360
503388
503397
503405
503417
503419
503441
503456
503464
503494
503499
503502
503529
503547
503566
503578
503591
503592
503599
503603
503613
503623
503623
503641
503655
503670
503671
503672
503680
503693
503699
503729
503731
503735
503744
503747
503754
503761
503763
503768
503782
503807
503828
503847
503851
503857
503865
503865
503896
503897
503906
503909
503933
503936
503947
503948
503950
503960
503960
503979
503999
504001
504002
504005
504009
504039
504042
504074
504078
504108
504115
504148
504168
504177
504182
504187
504195
504208
504231
504245
504246
504248
504251
504275
504282
504286
504287
504292
504295
504308
504312
504322
504323
504332
504337
504342
504345
504354
504356
504373
504373
504375
504381
504395
504421
504422
504424
504429
504431
504437
504439
504451
504477
504478
504493
504495
504505
504530
504540
504542
504543
504572
504585
504600
504611
504626
504628
504638
504649
504666
504673
504678
504679
504682
504682
504691
504693
504706
504713
504715
504724
504727
504736
504742
504790
504800
504807
504813
504815
504830
504840
504844
504863
504863
504869
504878
504893
504896
504924
504929
504940
504946
504954
504960
504963
504969
504972
504984
504986
504994
505000
505009
505019
505023
505055
505070
505077
505077
505081
505087
505092
505097
505112
505123
505129
505146
505165
505170
505176
505182
505186
505202
505207
505219
505235
505241
505250
505261
505272
505283
505284
505290
505290
505294
505296
505311
505316
505323
505334
505344
505362
505367
505368
505375
505379
505407
505444
505445
505449
505456
505474
505479
505484
505487
505488
505501
505522
505531
505552
505558
505559
505574
505595
505620
505633
505644
505655
505659
505663
505664
505666
505666
505669
505678
505687
505696
505722
505736
505747
505760
505769
505778
505789
505801
505803
505806
505807
505811
505827
505835
505843
505844
505847
505851
505852
505856
505860
505869
505881
505944
505955
505959
505967
505976
505979
506011
506016
506026
506052
506065
506079
506082
506092
506121
506123
506128
506130
506134
506137
506141
506142
506151
506155
506164
506167
506180
506185
506193
506196
506197
506200
506204
506226
506227
506230
506231
506250
506269
506270
506271
506279
506292
506293
506295
506296
506296
506305
506311
506318
506322
506322
506325
506328
506336
506349
506361
506361
506365
506376
506397
506403
506406
506430
506448
506454
506455
506456
506457
506514
506523
506547
506547
506551
506552
506565
506585
506587
506598
506605
506608
506612
506616
506635
506663
506678
506683
506703
506732
506740
506743
506743
506749
506762
506781
506787
506795
506811
506816
506821
506835
506843
506850
506854
506871
506904
506910
506925
506925
506945
506948
506953
506959
506960
506975
506982
506997
507015
507022
507036
507041
507061
507091
507097
507098
507105
507106
507107
507113
507120
507148
507167
507169
507196
507201
507204
507212
507218
507221
507222
507230
507242
507243
507252
507253
507258
507260
507278
507291
507320
507325
507326
507329
507337
507342
507343
507348
507351
507381
507382
507402
507407
507410
507419
507421
507436
507446
507450
507451
507459
507466
507480
507487
507491
507501
507505
507521
507523
507537
507543
507551
507551
507574
507575
507580
507597
507626
507662
507668
507670
507677
507685
507688
507731
507740
507741
507742
507749
507752
507770
507776
507785
507797
507818
507821
507824
507836
507852
507859
507863
507887
507902
507911
507931
507935
507950
507957
507974
507978
508002
508009
508010
508020
508024
508027
508034
508035
508045
508055
508063
508085
508088
508102
508103
508114
508124
508128
508130
508143
508150
508196
508212
508220
508234
508274
508277
508278
508296
508334
508335
508336
508336
508337
508363
508366
508386
508389
508435
508441
508444
508445
508461
508467
508509
508525
508526
508533
508582
508611
508616
508619
508628
508641
508641
508650
508670
508673
508685
508686
508692
508696
508701
508712
508720
508736
508739
508746
508769
508781
508802
508817
508831
508832
508841
508848
508857
508860
508877
508881
508883
508890
508900
508927
508934
508951
508959
508967
508972
508973
508982
509009
509009
509013
509017
509023
509032
509038
509040
509042
509050
509051
509089
509098
509102
509136
509142
509144
509150
509151
509195
509199
509211
509226
509232
509251
509254
509260
509262
509264
509264
509292
509296
509297
509306
509310
509312
509325
509335
509348
509351
509369
509374
509375
509390
509394
509398
509420
509425
509438
509441
509442
509451
509475
509481
509489
509489
509498
509500
509516
509525
509533
509536
509562
509599
509614
509623
509630
509631
509634
509643
509655
509703
509704
509711
509711
509736
509737
509739
509750
509758
509760
509775
509791
509814
509818
509819
509839
509848
509848
509856
509860
509878
509907
509909
509913
509918
509940
509943
509957
509989
509994
509994
509996
509999
510004
510008
510010
510024
510032
510048
510072
510086
510092
510099
510106
510109
510110
510112
510121
510134
510186
510188
510192
510196
510201
510206
510208
510220
510228
510236
510240
510242
510248
510257
510258
510263
510269
510283
510291
510306
510316
510337
510368
510378
510386
510390
510392
510412
510420
510421
510422
510424
510428
510438
510447
510456
510459
510464
510465
510466
510469
510472
510483
510489
510495
510546
510547
510550
510568
510602
510644
510646
510654
510664
510685
510721
510731
510731
510739
510744
510746
510751
510752
510761
510769
510789
510798
510819
510840
510841
510849
510850
510868
510883
510890
510907
510907
510909
510913
510921
510943
510952
510959
510960
510964
510972
510979
510999
511001
511006
511032
511041
511046
511046
511047
511048
511057
511057
511061
511073
511080
511081
511107
511140
511141
511152
511163
511172
511175
511184
511190
511199
511216
511223
511225
511238
511265
511269
511270
511274
511276
511286
511290
511291
511292
511315
511331
511346
511354
511355
511362
511365
511379
511397
511410
511425
511439
511440
511445
511457
511464
511473
511482
511488
511491
511507
511511
511527
511540
511541
511556
511556
511559
511579
511583
511585
511592
511612
511628
511629
511635
511641
511663
511663
511675
511686
511696
511700
511715
511751
511796
511799
511801
511820
511827
511836
511840
511889
511923
511929
511935
511943
511957
511966
511998
512001
512015
512021
512051
512054
512058
512062
512065
512077
512080
512084
512117
512145
512163
512167
512173
512181
512193
512206
512212
512220
512228
512244
512264
512265
512277
512287
512319
512323
512334
512344
512362
512370
512376
512377
512379
512385
512404
512404
512410
512412
512413
512415
512415
512457
512462
512489
512494
512501
512512
512522
512538
512544
512559
512563
512576
512581
512589
512637
512670
512678
512681
512682
512723
512738
512757
512762
512775
512776
512787
512790
512796
512796
512798
512800
512807
512809
512809
512812
512823
512836
512838
512840
512846
512846
512858
512860
512863
512865
512880
512892
512904
512913
512921
512921
512924
512938
512945
512951
512962
512969
512977
512999
513025
513040
513057
513060
513064
513069
513069
513083
513085
513099
513101
513114
513121
513122
513131
513134
513143
513149
513168
513180
513207
513212
513227
513229
513235
513235
513238
513239
513245
513268
513272
513282
513291
513311
513315
513317
513328
513333
513335
513343
513353
513365
513370
513379
513392
513402
513405
513418
513426
513435
513441
513445
513449
513464
513465
513468
513468
513486
513488
513492
513500
513505
513534
513535
513535
513560
513590
513596
513611
513611
513612
513629
513629
513643
513647
513650
513651
513661
513675
513678
513727
513734
513738
513739
513746
513754
513767
513774
513789
513792
513801
513811
513822
513823
513825
513826
513831
513845
513848
513851
513859
513869
513873
513897
513907
513907
513919
513923
513930
513948
513950
513955
513955
513958
513960
513979
513989
513999
514009
514015
514017
514036
514040
514075
514081
514082
514100
514104
514107
514121
514127
514145
514167
514174
514183
514231
514243
514244
514256
514269
514270
514281
514291
514294
514301
514304
514307
514330
514332
514332
514350
514352
514355
514376
514381
514389
514392
514409
514416
514433
514457
514469
514477
514486
514496
514502
514511
514517
514528
514534
514544
514547
514549
514550
514562
514566
514569
514594
514603
514605
514609
514615
514625
514650
514663
514664
514669
514671
514675
514705
514712
514712
514731
514740
514752
514754
514755
514762
514767
514772
514775
514778
514779
514793
514808
514811
514812
514818
514846
514852
514888
514935
514952
514959
514961
514974
514977
514982
514987
515013
515015
515039
515042
515066
515071
515071
515083
515095
515102
515111
515111
515117
515146
515165
515179
515182
515205
515218
515219
515263
515271
515276
515279
515281
515296
515311
515330
515331
515338
515340
515368
515368
515378
515383
515393
515408
515416
515419
515422
515432
515440
515459
515467
515499
515502
515512
515518
515552
515552
515561
515564
515566
515577
515599
515599
515604
515605
515612
515615
515669
515674
515679
515680
515681
515696
515697
515705
515707
515715
515731
515737
515742
515751
515753
515777
515783
515812
515818
515845
515848
515857
515878
515909
515912
515919
515926
515928
515951
515967
515969
515970
515980
515986
515995
516030
516037
516049
516052
516056
516057
516065
516072
516078
516087
516095
516101
516125
516129
516136
516142
516143
516146
516162
516167
516177
516178
516183
516235
516243
516257
516271
516301
516310
516319
516319
516344
516344
516362
516421
516429
516432
516469
516481
516489
516492
516513
516515
516515
516518
516522
516550
516554
516559
516564
516573
516573
516582
516585
516586
516631
516637
516639
516640
516640
516642
516642
516648
516655
516672
516677
516678
516682
516705
516707
516709
516710
516715
516762
516762
516774
516781
516783
516787
516788
516790
516792
516793
516811
516811
516833
516835
516841
516843
516844
516851
516864
516866
516875
516928
516935
516949
516952
516957
516976
516985
516986
516994
517005
517011
517014
517019
517028
517044
517046
517054
517055
517066
517068
517083
517096
517111
517113
517115
517125
517126
517148
517150
517154
517177
517193
517196
517209
517219
517250
517262
517276
517296
517303
517308
517319
517325
517356
517362
517362
517365
517379
517381
517385
517388
517396
517402
517415
517438
517450
517494
517499
517503
517512
517518
517525
517525
517542
517562
517566
517578
517579
517582
517587
517601
517614
517625
517629
517632
517636
517636
517667
517685
517688
517693
517703
517736
517761
517780
517791
517793
517794
517810
517814
517817
517825
517842
517849
517850
517850
517851
517871
517877
517889
517892
517897
517918
517924
517945
517967
517974
517984
517985
517990
517996
518021
518051
518054
518086
518091
518111
518120
518128
518150
518152
518158
518158
518161
518179
518194
518208
518211
518218
518233
518236
518237
518238
518244
518250
518254
518264
518325
518326
518353
518356
518356
518368
518373
518374
518378
518388
518394
518399
518402
518408
518411
518426
518428
518440
518488
518499
518500
518503
518513
518517
518518
518537
518540
518556
518603
518604
518609
518623
518623
518625
518628
518636
518645
518650
518666
518668
518670
518674
518678
518684
518697
518710
518727
518735
518740
518751
518753
518767
518772
518772
518779
518779
518781
518798
518817
518826
518827
518835
518838
518846
518849
518849
518852
518852
518873
518877
518886
518887
518889
518889
518898
518905
518929
518938
518942
518970
518987
518989
518993
518999
519001
519015
519017
519023
519025
519036
519037
519038
519041
519046
519046
519053
519064
519072
519075
519075
519123
519135
519141
519142
519145
519167
519180
519186
519191
519226
519238
519242
519243
519278
519278
519280
519280
519322
519331
519346
519371
519382
519394
519404
519415
519417
519437
519470
519488
519495
519497
519514
519518
519519
519526
519542
519550
519554
519558
519559
519575
519578
519598
519598
519614
519625
519673
519676
519698
519698
519700
519703
519707
519712
519726
519776
519806
519806
519834
519884
519915
519918
519932
519938
519942
519961
519966
519978
519980
519998
520004
520019
520040
520051
520054
520054
520060
520062
520067
520073
520084
520090
520096
520101
520140
520171
520181
520202
520205
520212
520213
520213
520226
520233
520255
520291
520301
520304
520308
520323
520334
520347
520359
520368
520369
520379
520385
520389
520406
520420
520424
520429
520435
520440
520458
520461
520462
520464
520485
520488
520493
520500
520504
520511
520534
520548
520553
520566
520577
520585
520588
520599
520609
520617
520644
520652
520653
520656
520661
520689
520689
520699
520715
520718
520751
520773
520781
520809
520817
520822
520825
520827
520840
520842
520856
520880
520895
520900
520907
520914
520923
520936
520936
520975
520990
520993
521001
521009
521016
521022
521028
521034
521039
521040
521052
521058
521059
521063
521063
521072
521086
521089
521096
521101
521104
521108
521111
521112
521112
521117
521120
521121
521124
521141
521149
521173
521175
521179
521198
521203
521239
521251
521267
521270
521321
521328
521336
521340
521352
521365
521369
521369
521380
521396
521406
521434
521439
521440
521450
521451
521466
521477
521486
521498
521502
521516
521523
521525
521548
521549
521552
521557
521564
521580
521598
521625
521630
521653
521654
521677
521687
521701
521708
521722
521730
521741
521750
521763
521824
521844
521857
521891
521904
521906
521910
521914
521919
521940
521941
521951
521953
521965
521986
522002
522018
522030
522032
522043
522050
522067
522077
522078
522089
522101
522137
522144
522151
522168
522180
522193
522202
522236
522238
522277
522281
522282
522305
522317
522319
522336
522343
522350
522371
522382
522395
522403
522415
522433
522434
522445
522446
522451
522457
522459
522470
522470
522483
522502
522514
522531
522532
522542
522542
522543
522546
522557
522558
522571
522585
522594
522603
522607
522639
522641
522645
522648
522666
522675
522686
522690
522714
522716
522722
522741
522749
522751
522755
522755
522758
522765
522770
522774
522774
522806
522807
522832
522843
522852
522853
522857
522862
522881
522885
522887
522891
522903
522918
522924
522939
522952
522983
522988
522991
522991
522992
523017
523028
523029
523029
523038
523061
523069
523079
523080
523082
523086
523089
523090
523122
523133
523152
523161
523170
523187
523188
523188
523201
523206
523221
523250
523252
523254
523263
523273
523303
523305
523318
523337
523339
523343
523352
523354
523368
523371
523378
523380
523383
523384
523387
523413
523423
523436
523449
523461
523470
523475
523476
523479
523480
523494
523498
523505
523521
523522
523535
523538
523552
523576
523580
523581
523641
523651
523673
523688
523688
523704
523735
523737
523739
523742
523746
523763
523788
523804
523819
523829
523836
523838
523850
523860
523882
523897
523903
523906
523908
523909
523910
523913
523921
523931
523964
523966
523994
523996
524002
524004
524013
524015
524040
524055
524055
524070
524078
524081
524083
524098
524111
524113
524126
524127
524147
524148
524161
524173
524177
524181
524197
524208
524209
524210
524214
524220
524226
524232
524236
524238
524253
524253
524280
524285
524288
524290
524308
524309
524309
524325
524328
524334
524342
524347
524365
524365
524367
524376
524384
524401
524414
524415
524421
524424
524428
524431
524433
524444
524444
524449
524451
524451
524461
524472
524478
524499
524507
524554
524574
524595
524613
524627
524643
524643
524659
524670
524684
524687
524696
524704
524709
524709
524712
524716
524725
524747
524769
524772
524789
524802
524812
524828
524837
524843
524846
524863
524878
524897
524904
524913
524926
524939
524939
524960
524988
524995
525007
525012
525021
525029
525030
525056
525056
525057
525061
525064
525066
525066
525075
525084
525085
525096
525105
525128
525135
525139
525151
525160
525188
525203
525206
525218
525219
525220
525236
525242
525246
525292
525294
525309
525334
525340
525345
525354
525356
525389
525403
525411
525412
525473
525481
525491
525496
525510
525513
525514
525519
525538
525569
525576
525584
525584
525587
525591
525596
525596
525597
525608
525620
525624
525624
525626
525642
525650
525656
525656
525670
525673
525691
525692
525695
525695
525697
525712
525717
525722
525728
525728
525738
525746
525748
525748
525749
525755
525756
525771
525775
525805
525816
525827
525829
525830
525868
525871
525885
525933
525950
525954
525961
525961
525968
525977
526001
526005
526015
526024
526033
526062
526063
526067
526093
526098
526109
526127
526146
526165
526167
526186
526187
526194
526206
526217
526218
526220
526230
526255
526260
526267
526273
526288
526290
526290
526293
526309
526322
526348
526356
526377
526385
526388
526390
526391
526396
526399
526405
526414
526414
526417
526432
526437
526464
526475
526482
526485
526493
526496
526516
526517
526519
526520
526522
526529
526538
526547
526557
526561
526571
526571
526591
526596
526654
526662
526684
526697
526698
526701
526720
526728
526760
526775
526783
526787
526788
526789
526802
526807
526824
526824
526827
526830
526847
526852
526853
526858
526862
526864
526865
526868
526873
526875
526876
526878
526880
526886
526889
526892
526915
526932
526940
526947
526973
526975
526980
527000
527019
527021
527026
527029
527034
527037
527053
527053
527054
527059
527075
527091
527099
527103
527108
527108
527117
527126
527131
527150
527165
527175
527176
527183
527184
527185
527187
527189
527190
527198
527204
527213
527225
527243
527249
527263
527271
527274
527276
527300
527307
527308
527319
527340
527346
527350
527361
527388
527397
527399
527401
527419
527422
527435
527462
527488
527502
527511
527543
527543
527545
527560
527566
527567
527570
527576
527578
527601
527651
527652
527653
527667
527670
527675
527680
527681
527682
527705
527712
527713
527731
527740
527758
527761
527785
527791
527793
527799
527804
527805
527816
527821
527831
527840
527842
527844
527858
527871
527873
527889
527916
527921
527931
527939
527945
527951
527958
527962
527967
527980
527985
527991
527993
527999
528007
528011
528031
528034
528057
528084
528111
528145
528152
528152
528156
528160
528166
528171
528218
528218
528221
528222
528234
528239
528245
528252
528254
528257
528259
528261
528268
528273
528300
528355
528357
528374
528375
528389
528389
528401
528412
528438
528445
528450
528453
528463
528485
528495
528501
528502
528513
528513
528526
528548
528555
528558
528575
528624
528633
528637
528639
528644
528655
528656
528661
528666
528666
528667
528668
528670
528672
528689
528700
528718
528727
528731
528734
528742
528755
528778
528793
528799
528801
528808
528820
528848
528851
528852
528859
528866
528867
528895
528901
528909
528923
528928
528930
528935
528942
528965
528974
528976
528978
528983
528987
528993
528997
529005
529005
529010
529034
529037
529045
529050
529052
529055
529066
529072
529078
529081
529086
529089
529091
529103
529104
529118
529119
529120
529128
529135
529146
529151
529164
529165
529175
529186
529192
529203
529211
529212
529218
529221
529224
529228
529229
529231
529233
529238
529271
529301
529304
529313
529319
529320
529322
529333
529346
529361
529380
529390
529399
529404
529416
529418
529442
529446
529463
529463
529467
529467
529468
529468
529491
529496
529503
529521
529522
529523
529528
529533
529553
529574
529587
529596
529655
529658
529665
529681
529681
529686
529704
529710
529744
529755
529770
529779
529785
529791
529802
529828
529841
529842
529848
529858
529863
529866
529870
529874
529879
529884
529895
529898
529915
529929
529949
529961
529973
529982
529986
529992
529993
530012
530019
530053
530060
530092
530102
530114
530119
530132
530135
530137
530138
530163
530193
530199
530200
530225
530238
530244
530247
530265
530271
530286
530294
530310
530311
530330
530344
530386
530413
530436
530450
530467
530470
530481
530482
530488
530495
530495
530496
530503
530516
530524
530537
530553
530559
530560
530567
530580
530584
530586
530588
530619
530678
530696
530701
530707
530711
530713
530716
530717
530727
530747
530752
530752
530759
530767
530791
530794
530795
530823
530826
530828
530849
530857
530867
530870
530882
530885
530890
530896
530900
530901
530910
530912
530928
530930
530938
530965
530997
531039
531051
531061
531064
531069
531071
531086
531094
531097
531099
531100
531119
531136
531143
531145
531148
531157
531159
531164
531166
531167
531180
531187
531192
531194
531198
531220
531225
531234
531243
531259
531271
531291
531308
531308
531314
531315
531348
531349
531376
531402
531407
531408
531409
531412
531438
531443
531491
531511
531545
531551
531568
531583
531607
531608
531612
531621
531621
531625
531633
531657
531662
531699
531722
531731
531733
531744
531769
531778
531797
531798
531824
531833
531841
531853
531855
531866
531877
531908
531919
531920
531938
531961
531973
531974
531976
531997
532019
532025
532027
532035
532042
532070
532078
532097
532118
532158
532164
532168
532201
532209
532220
532231
532241
532246
532252
532259
532294
532295
532301
532312
532317
532319
532334
532335
532338
532348
532355
532358
532369
532372
532381
532382
532383
532410
532417
532417
532418
532425
532427
532467
532475
532480
532480
532482
532492
532496
532515
532521
532521
532537
532543
532549
532559
532567
532591
532595
532599
532600
532611
532621
532630
532637
532641
532644
532650
532656
532658
532663
532696
532709
532710
532731
532740
532751
532751
532785
532787
532788
532791
532817
532819
532825
532831
532837
532843
532859
532867
532871
532877
532899
532912
532923
532928
532929
532940
532948
532958
532964
532964
532984
533011
533019
533025
533031
533037
533041
533051
533051
533058
533071
533080
533085
533096
533101
533102
533137
533164
533189
533191
533194
533249
533257
533279
533296
533297
533299
533317
533322
533326
533329
533330
533339
533398
533401
533405
533411
533415
533422
533425
533427
533432
533439
533448
533455
533467
533470
533473
533492
533495
533505
533527
533560
533577
533589
533595
533601
533621
533622
533632
533636
533640
533649
533656
533659
533668
533689
533709
533725
533752
533755
533760
533766
533769
533770
533782
533792
533799
533799
533801
533818
533824
533829
533836
533840
533846
533849
533852
533855
533864
533896
533903
533912
533914
533927
533928
533934
533964
533979
533982
533983
533992
533996
534003
534008
534010
534012
534022
534026
534030
534055
534073
534082
534101
534130
534131
534137
534140
534144
534148
534153
534155
534160
534165
534174
534179
534188
534201
534217
534221
534224
534228
534233
534263
534272
534282
534283
534291
534305
534311
534316
534337
534355
534357
534360
534376
534389
534392
534405
534409
534422
534428
534444
534484
534485
534495
534497
534518
534532
534532
534535
534535
534549
534552
534554
534554
534555
534571
534582
534602
534609
534633
534634
534644
534652
534652
534665
534666
534670
534679
534690
534695
534713
534719
534720
534737
534742
534760
534766
534777
534786
534790
534807
534814
534819
534823
534825
534841
534852
534866
534870
534898
534926
534929
534932
534941
534992
534997
535017
535019
535043
535050
535052
535059
535064
535067
535069
535078
535082
535098
535100
535105
535109
535123
535126
535126
535126
535156
535169
535173
535174
535182
535187
535187
535201
535205
535210
535218
535240
535245
535251
535258
535265
535281
535289
535290
535290
535292
535302
535305
535308
535310
535331
535353
535363
535372
535396
535400
535401
535414
535434
535453
535454
535455
535459
535462
535468
535480
535500
535514
535536
535561
535572
535588
535593
535605
535618
535622
535637
535639
535640
535656
535656
535662
535685
535691
535692
535711
535735
535758
535762
535772
535783
535816
535832
535852
535857
535874
535874
535881
535883
535907
535914
535921
535921
535961
535973
535985
535986
536044
536047
536052
536058
536070
536081
536082
536085
536087
536109
536111
536119
536128
536129
536129
536138
536142
536144
536144
536147
536149
536157
536163
536169
536175
536176
536179
536181
536190
536201
536208
536253
536255
536278
536283
536286
536288
536301
536307
536310
536310
536316
536346
536382
536398
536404
536427
536435
536457
536465
536485
536498
536501
536504
536533
536540
536550
536555
536571
536591
536593
536617
536619
536635
536636
536651
536674
536684
536699
536717
536721
536723
536723
536727
536731
536740
536758
536761
536762
536770
536783
536784
536791
536817
536824
536832
536832
536836
536846
536875
536907
536907
536914
536947
536953
536962
536971
536975
536979
536985
537019
537071
537072
537074
537077
537087
537111
537120
537151
537163
537187
537193
537194
537197
537198
537204
537209
537216
537216
537219
537220
537220
537232
537248
537277
537336
537341
537351
537354
537376
537382
537397
537408
537411
537413
537434
537436
537437
537445
537450
537454
537455
537456
537466
537487
537488
537492
537495
537507
537510
537532
537536
537562
537572
537586
537594
537597
537620
537622
537639
537643
537651
537664
537670
537682
537683
537699
537700
537705
537710
537711
537715
537716
537724
537729
537735
537793
537793
537794
537831
537839
537850
537852
537856
537877
537892
537893
537933
537943
537946
537951
537954
537962
537973
537981
537987
537990
537991
538017
538017
538024
538029
538032
538054
538059
538061
538064
538069
538077
538079
538097
538101
538102
538112
538115
538120
538133
538138
538146
538169
538179
538201
538203
538206
538207
538222
538232
538240
538246
538254
538271
538287
538310
538312
538314
538317
538334
538360
538368
538381
538396
538405
538406
538427
538429
538435
538448
538459
538462
538473
538507
538518
538557
538583
538591
538609
538609
538612
538621
538647
538648
538649
538652
538661
538707
538734
538746
538751
538790
538807
538810
538811
538817
538821
538827
538831
538841
538841
538845
538846
538857
538858
538871
538873
538882
538900
538901
538915
538923
538941
538943
538948
538961
538975
538977
538989
539009
539038
539047
539049
539054
539056
539089
539104
539147
539147
539161
539168
539179
539205
539207
539212
539230
539236
539237
539244
539248
539248
539252
539259
539266
539287
539320
539331
539332
539341
539356
539359
539363
539371
539382
539401
539415
539428
539434
539434
539453
539462
539463
539481
539482
539494
539518
539538
539548
539574
539577
539586
539589
539591
539630
539631
539653
539672
539688
539689
539698
539699
539704
539763
539785
539820
539825
539837
539839
539846
539852
539862
539863
539872
539875
539896
539903
539905
539906
539912
539922
539922
539925
539925
539930
539934
539953
539954
539989
539993
540003
540040
540044
540052
540072
540084
540109
540129
540138
540139
540141
540143
540158
540173
540182
540192
540202
540236
540238
540239
540250
540254
540258
540266
540267
540270
540275
540287
540299
540301
540309
540310
540315
540351
540379
540410
540417
540419
540423
540434
540434
540447
540454
540482
540489
540492
540495
540516
540542
540547
540555
540590
540606
540614
540617
540626
540633
540648
540669
540686
540697
540717
540735
540742
540758
540761
540783
540788
540791
540793
540801
540812
540839
540864
540872
540893
540920
540930
540930
540939
540941
540943
540950
540960
540983
540984
540999
541000
541018
541043
541068
541073
541095
541108
541123
541132
541133
541135
541147
541151
541159
541162
541165
541166
541189
541203
541204
541210
541219
541253
541274
541286
541289
541291
541292
541300
541304
541315
541316
541325
541350
541351
541353
541375
541379
541403
541408
541411
541418
541425
541431
541437
541441
541454
541466
541490
541490
541496
541503
541513
541514
541516
541519
541529
541549
541556
541593
541607
541607
541611
541624
541630
541637
541638
541639
541660
541671
541673
541676
541686
541691
541696
541703
541731
541745
541749
541754
541760
541762
541764
541764
541788
541813
541820
541823
541843
541847
541853
541882
541899
541912
541936
541938
541945
541964
541975
542056
542067
542084
542085
542099
542136
542143
542164
542173
542176
542184
542189
542195
542210
542216
542227
542228
542231
542233
542258
542271
542283
542297
542299
542302
542303
542310
542344
542356
542370
542381
542389
542408
542442
542442
542452
542465
542477
542479
542490
542494
542513
542514
542544
542553
542570
542582
542594
542597
542604
542627
542630
542631
542642
542652
542655
542655
542660
542670
542691
542692
542704
542705
542711
542725
542743
542746
542753
542833
542837
542854
542874
542875
542876
542881
542890
542902
542905
542906
542933
542981
542996
543022
543039
543049
543051
543052
543062
543062
543093
543098
543107
543131
543132
543135
543151
543169
543189
543204
543209
543216
543230
543237
543240
543241
543241
543250
543260
543267
543276
543276
543316
543318
543332
543338
543350
543351
543352
543354
543389
543411
543439
543441
543447
543448
543448
543453
543462
543474
543485
543491
543503
543514
543515
543519
543548
543548
543550
543551
543576
543581
543582
543602
543603
543605
543622
543624
543624
543647
543650
543656
543665
543668
543689
543703
543723
543729
543747
543749
543766
543776
543776
543781
543784
543795
543797
543799
543820
543842
543851
543868
543874
543876
543878
543882
543887
543893
543900
543915
543922
543948
543955
543961
543970
543978
543986
543998
544001
544029
544033
544040
544041
544056
544058
544060
544066
544110
544125
544135
544144
544170
544176
544178
544201
544204
544213
544234
544286
544287
544288
544299
544321
544331
544334
544352
544374
544377
544397
544398
544406
544422
544426
544427
544433
544442
544469
544483
544483
544489
544518
544519
544527
544530
544535
544536
544561
544574
544579
544588
544595
544596
544600
544620
544628
544674
544684
544685
544692
544722
544724
544740
544746
544748
544753
544764
544777
544779
544791
544799
544821
544836
544837
544839
544868
544881
544894
544895
544903
544906
544910
544936
544942
544943
544953
544966
544977
544980
544998
545012
545030
545082
545085
545091
545095
545096
545098
545109
545118
545127
545128
545139
545150
545156
545176
545179
545183
545195
545202
545205
545208
545222
545231
545236
545249
545283
545297
545298
545320
545371
545380
545390
545394
545432
545442
545456
545457
545466
545477
545492
545500
545501
545536
545552
545552
545553
545561
545564
545591
545632
545671
545675
545677
545678
545687
545689
545689
545694
545696
545696
545706
545722
545731
545733
545746
545748
545751
545760
545764
545766
545785
545804
545809
545809
545810
545815
545825
545830
545836
545836
545865
545876
545880
545896
545911
545918
545939
545942
545943
545954
545957
545958
545959
545978
545978
545992
545996
546000
546004
546007
546018
546022
546022
546062
546071
546072
546078
546083
546083
546087
546095
546101
546108
546110
546125
546134
546135
546140
546146
546148
546185
546200
546212
546214
546222
546232
546233
546249
546253
546254
546263
546263
546268
546270
546301
546310
546321
546341
546351
546355
546367
546370
546373
546388
546403
546408
546433
546442
546452
546454
546472
546474
546478
546479
546479
546490
546493
546494
546511
546516
546527
546535
546542
546562
546565
546584
546587
546595
546603
546618
546619
546625
546644
546653
546673
546679
546688
546700
546711
546720
546733
546748
546774
546775
546802
546810
546816
546826
546836
546852
546861
546889
546914
546931
546942
546951
546953
546954
546970
546987
546989
546994
547002
547005
547007
547014
547032
547054
547058
547102
547103
547104
547107
547143
547149
547150
547161
547162
547169
547170
547176
547191
547225
547233
547238
547238
547242
547243
547246
547258
547263
547265
547290
547302
547302
547307
547327
547347
547367
547384
547394
547401
547403
547423
547425
547425
547449
547456
547477
547483
547505
547507
547513
547540
547552
547565
547568
547569
547575
547579
547587
547595
547607
547634
547645
547645
547647
547655
547664
547701
547702
547717
547719
547729
547777
547778
547805
547806
547811
547849
547851
547858
547881
547886
547888
547902
547913
547922
547929
547956
547974
547999
548003
548007
548014
548024
548026
548035
548048
548049
548078
548081
548081
548083
548086
548089
548090
548093
548101
548108
548122
548137
548138
548147
548148
548154
548171
548173
548176
548183
548196
548203
548203
548208
548218
548233
548252
548290
548292
548303
548324
548324
548343
548364
548380
548382
548382
548388
548403
548407
548417
548420
548442
548469
548479
548495
548509
548516
548527
548543
548551
548568
548570
548576
548589
548593
548596
548596
548597
548608
548627
548632
548647
548658
548671
548675
548678
548687
548712
548725
548726
548748
548760
548767
548778
548798
548807
548814
548823
548841
548844
548848
548866
548874
548888
548892
548897
548916
548919
548927
548934
548936
548939
548957
548970
548975
548977
548977
548981
548986
549004
549010
549017
549033
549036
549053
549055
549059
549065
549073
549076
549087
549092
549103
549104
549123
549157
549168
549180
549181
549183
549183
549192
549231
549237
549242
549255
549270
549274
549279
549304
549324
549327
549335
549336
549350
549352
549354
549368
549369
549376
549377
549391
549416
549425
549428
549440
549457
549463
549516
549520
549522
549522
549534
549545
549546
549547
549577
549596
549601
549622
549626
549627
549636
549636
549639
549642
549648
549667
549675
549699
549710
549713
549714
549715
549743
549757
549765
549773
549775
549815
549820
549827
549839
549840
549844
549845
549854
549854
549855
549860
549861
549865
549875
549885
549899
549911
549915
549919
549928
549955
549959
549964
549966
549977
549991
549991
550006
550011
550018
550019
550022
550024
550025
550038
550038
550040
550043
550054
550055
550073
550074
550081
550083
550089
550089
550092
550117
550131
550166
550177
550187
550202
550212
550228
550238
550244
550247
550247
550251
550253
550273
550281
550282
550284
550325
550335
550340
550345
550358
550386
550410
550412
550413
550423
550434
550438
550457
550473
550483
550511
550513
550515
550520
550521
550538
550548
550558
550574
550578
550584
550589
550602
550622
550648
550655
550663
550678
550684
550689
550738
550739
550745
550747
550762
550767
550776
550800
550803
550823
550830
550841
550843
550851
550859
550865
550872
550899
550899
550900
550902
550912
550912
550923
550945
550946
550972
550990
550991
550995
550997
551021
551036
551039
551047
551053
551073
551108
551112
551129
551140
551147
551178
551181
551191
551226
551234
551263
551265
551269
551270
551277
551278
551285
551285
551291
551298
551327
551329
551344
551354
551370
551394
551412
551413
551433
551433
551434
551442
551444
551447
551479
551483
551496
551508
551518
551529
551541
551547
551552
551561
551615
551628
551636
551666
551679
551685
551694
551724
551742
551747
551762
551766
551766
551773
551781
551786
551787
551788
551788
551806
551855
551868
551869
551885
551885
551887
551894
551895
551906
551948
551948
551976
551980
551984
552017
552025
552028
552029
552037
552037
552038
552044
552052
552090
552095
552096
552099
552131
552141
552160
552215
552218
552228
552242
552245
552258
552262
552275
552277
552282
552292
552295
552299
552300
552322
552324
552327
552333
552339
552345
552348
552350
552352
552366
552367
552368
552372
552398
552412
552439
552448
552456
552458
552460
552477
552534
552547
552552
552557
552581
552589
552592
552597
552606
552607
552612
552618
552626
552635
552645
552647
552663
552675
552680
552683
552691
552695
552699
552703
552716
552718
552735
552741
552751
552769
552798
552829
552837
552842
552849
552860
552861
552861
552879
552888
552889
552902
552910
552913
552938
552954
552987
552990
553017
553028
553038
553049
553051
553065
553086
553089
553089
553094
553095
553111
553119
553121
553126
553130
553131
553133
553142
553149
553151
553154
553167
553170
553195
553197
553197
553200
553233
553235
553236
553249
553255
553260
553266
553288
553293
553299
553303
553304
553305
553307
553311
553313
553320
553323
553326
553339
553349
553354
553361
553372
553390
553390
553395
553406
553411
553419
553421
553433
553439
553441
553442
553443
553445
553455
553456
553464
553471
553486
553491
553504
553512
553520
553525
553526
553527
553530
553539
553550
553556
553562
553569
553570
553576
553588
553610
553614
553618
553625
553628
553630
553634
553645
553667
553675
553679
553679
553689
553691
553694
553698
553707
553710
553730
553732
553733
553741
553777
553793
553796
553800
553810
553814
553819
553828
553834
553844
553855
553859
553867
553868
553868
553878
553892
553912
553932
553945
553951
553971
553989
553990
553995
554015
554024
554033
554052
554059
554061
554118
554131
554132
554145
554167
554202
554212
554236
554241
554249
554268
554272
554296
554326
554329
554331
554340
554349
554350
554363
554364
554389
554401
554410
554415
554436
554445
554460
554465
554477
554484
554506
554510
554530
554557
554561
554569
554575
554578
554588
554589
554616
554616
554633
554639
554647
554653
554670
554676
554689
554695
554722
554727
554732
554740
554744
554745
554753
554774
554777
554778
554786
554787
554789
554795
554801
554808
554817
554824
554825
554832
554832
554833
554839
554888
554891
554892
554899
554910
554911
554917
554918
554920
554927
554930
554935
554948
554964
554969
554976
554977
554978
554987
555024
555029
555032
555035
555041
555045
555053
555058
555059
555060
555063
555071
555087
555087
555090
555091
555092
555104
555108
555110
555124
555138
555144
555145
555158
555164
555166
555168
555168
555195
555199
555206
555230
555243
555269
555270
555277
555288
555288
555326
555328
555334
555365
555369
555403
555403
555411
555420
555421
555422
555433
555485
555508
555522
555536
555582
555585
555590
555615
555633
555667
555682
555695
555696
555704
555712
555744
555762
555773
555775
555781
555787
555805
555805
555806
555812
555830
555859
555861
555865
555889
555890
555907
555939
555955
555973
555980
555984
555985
555986
555988
556016
556024
556032
556079
556084
556105
556142
556147
556151
556168
556171
556173
556176
556183
556202
556219
556222
556224
556232
556247
556247
556249
556261
556262
556284
556296
556300
556308
556341
556348
556355
556356
556358
556385
556397
556407
556419
556421
556429
556432
556438
556467
556467
556469
556478
556482
556483
556485
556503
556504
556504
556506
556506
556518
556557
556562
556567
556575
556584
556587
556592
556593
556620
556621
556623
556636
556651
556653
556673
556688
556690
556693
556694
556698
556703
556733
556748
556752
556778
556796
556806
556825
556826
556832
556836
556869
556887
556893
556897
556914
556918
556958
556980
556981
556991
556996
557011
557013
557013
557019
557033
557038
557039
557041
557042
557046
557048
557053
557072
557079
557079
557086
557090
557114
557142
557146
557165
557171
557192
557203
557210
557219
557224
557267
557269
557269
557282
557292
557317
557319
557338
557357
557372
557377
557379
557395
557397
557403
557416
557421
557428
557462
557464
557467
557488
557489
557490
557490
557497
557528
557554
557557
557563
557569
557589
557608
557612
557614
557637
557683
557689
557691
557696
557704
557708
557727
557741
557754
557754
557765
557774
557774
557776
557788
557789
557798
557815
557821
557831
557835
557838
557838
557839
557840
557847
557888
557896
557916
557917
557925
557929
557943
557947
557951
557959
557959
557966
557972
557983
557993
558004
558008
558016
558033
558062
558093
558111
558120
558153
558164
558179
558180
558182
558214
558244
558248
558252
558254
558260
558264
558265
558267
558277
558278
558280
558309
558331
558346
558392
558393
558435
558439
558452
558475
558476
558511
558516
558518
558528
558531
558555
558566
558581
558583
558587
558595
558596
558613
558643
558653
558663
558669
558677
558686
558688
558713
558716
558749
558753
558759
558761
558768
558787
558788
558792
558810
558812
558835
558848
558855
558866
558870
558872
558880
558881
558888
558892
558898
558899
558939
558944
558946
558962
558964
558972
558973
558975
558982
558996
559045
559055
559059
559059
559064
559068
559073
559092
559093
559103
559127
559129
559131
559133
559139
559143
559144
559150
559152
559153
559169
559174
559179
559188
559193
559195
559231
559233
559241
559259
559262
559278
559359
559359
559363
559371
559373
559397
559402
559404
559421
559425
559432
559437
559437
559446
559451
559464
559475
559477
559531
559535
559574
559576
559579
559590
559608
559611
559612
559618
559640
559647
559650
559663
559664
559667
559678
559698
559701
559732
559732
559760
559764
559801
559805
559821
559823
559825
559832
559853
559856
559876
559877
559877
559898
559899
559914
559918
559938
559943
559947
559950
559967
559973
559977
559977
559979
559994
559994
559999
560009
560010
560013
560018
560020
560024
560030
560040
560084
560086
560089
560107
560116
560124
560144
560163
560183
560185
560189
560228
560232
560238
560265
560283
560347
560364
560393
560396
560396
560416
560438
560439
560445
560447
560458
560472
560473
560485
560490
560497
560518
560520
560522
560547
560554
560554
560571
560574
560584
560603
560605
560620
560625
560625
560638
560646
560658
560666
560674
560678
560690
560705
560707
560733
560739
560747
560748
560750
560762
560774
560779
560781
560797
560801
560822
560852
560858
560858
560864
560875
560892
560908
560912
560920
560930
560931
560946
560947
560972
560992
560997
561004
561009
561011
561012
561014
561018
561022
561026
561026
561029
561063
561065
561066
561073
561081
561081
561086
561104
561107
561108
561115
561123
561123
561145
561161
561179
561189
561205
561215
561216
561228
561233
561246
561248
561283
561286
561291
561298
561303
561335
561341
561342
561350
561354
561357
561380
561395
561425
561430
561434
561439
561447
561459
561465
561473
561515
561521
561533
561543
561562
561564
561577
561582
561587
561590
561594
561602
561612
561625
561649
561684
561693
561701
561703
561706
561716
561724
561738
561738
561740
561746
561767
561776
561785
561799
561806
561817
561817
561835
561846
561848
561862
561862
561866
561892
561913
561916
561942
561956
561961
561984
561992
562001
562003
562015
562016
562028
562030
562053
562057
562083
562104
562107
562109
562123
562124
562130
562144
562154
562158
562161
562167
562201
562203
562212
562220
562232
562235
562243
562250
562258
562263
562283
562292
562311
562315
562336
562337
562340
562341
562344
562348
562355
562356
562357
562366
562395
562397
562400
562407
562413
562420
562427
562438
562450
562451
562469
562471
562505
562506
562520
562520
562536
562559
562574
562582
562603
562609
562621
562636
562660
562668
562680
562693
562696
562697
562707
562709
562710
562743
562745
562751
562755
562803
562819
562822
562832
562838
562841
562849
562853
562874
562874
562878
562882
562887
562888
562890
562890
562921
562935
562938
562939
562940
562941
562972
562984
562985
562989
562992
563018
563032
563043
563045
563045
563049
563052
563071
563078
563081
563117
563133
563148
563163
563168
563173
563190
563197
563198
563219
563235
563238
563240
563248
563252
563273
563294
563299
563307
563328
563341
563344
563365
563366
563392
563403
563418
563418
563423
563426
563428
563451
563458
563464
563484
563484
563491
563498
563506
563511
563517
563517
563517
563525
563545
563566
563566
563574
563594
563600
563607
563611
563619
563624
563663
563663
563670
563671
563672
563675
563675
563680
563693
563709
563722
563748
563749
563777
563777
563779
563784
563790
563793
563801
563811
563819
563824
563831
563839
563841
563853
563871
563896
563897
563900
563904
563913
563914
563918
563920
563930
563933
563935
563944
563948
563951
563957
563958
563983
563996
564000
564016
564016
564028
564028
564030
564041
564056
564063
564091
564092
564137
564148
564155
564170
564175
564203
564204
564205
564213
564218
564221
564226
564246
564258
564264
564265
564266
564267
564269
564276
564308
564331
564331
564360
564364
564367
564377
564384
564393
564397
564398
564400
564401
564421
564426
564446
564471
564484
564491
564510
564513
564518
564521
564526
564531
564538
564540
564548
564549
564550
564553
564557
564571
564572
564573
564595
564606
564619
564620
564622
564642
564644
564649
564665
564677
564680
564688
564690
564691
564695
564713
564725
564754
564788
564824
564853
564856
564858
564878
564891
564935
564953
564955
564967
565011
565018
565058
565073
565088
565099
565110
565118
565120
565150
565160
565178
565178
565185
565189
565197
565230
565235
565243
565252
565253
565254
565257
565260
565266
565274
565277
565305
565314
565316
565330
565343
565355
565367
565374
565375
565402
565434
565434
565437
565460
565490
565510
565533
565554
565558
565578
565612
565620
565652
565677
565695
565697
565697
565714
565729
565730
565732
565745
565752
565763
565772
565780
565804
565829
565837
565838
565848
565849
565874
565882
565899
565900
565910
565940
565961
565963
565968
565978
565993
565998
566020
566021
566050
566072
566083
566087
566088
566090
566109
566118
566135
566149
566150
566155
566183
566183
566185
566196
566237
566255
566256
566261
566262
566267
566270
566273
566300
566311
566324
566333
566338
566382
566383
566395
566408
566430
566438
566443
566446
566450
566456
566457
566457
566457
566462
566465
566466
566467
566488
566495
566497
566516
566530
566532
566541
566552
566568
566600
566613
566622
566630
566641
566647
566656
566659
566681
566696
566710
566732
566735
566739
566758
566761
566761
566765
566789
566816
566823
566824
566828
566843
566868
566869
566886
566895
566906
566910
566914
566931
566934
566944
566946
566957
566960
566960
566965
566978
566979
566980
566981
566988
566993
566996
566998
567005
567006
567011
567023
567030
567031
567032
567040
567048
567050
567057
567080
567083
567136
567139
567140
567145
567149
567164
567172
567192
567195
567197
567197
567200
567204
567205
567217
567222
567238
567238
567244
567250
567272
567275
567275
567278
567284
567286
567312
567316
567348
567354
567368
567381
567382
567385
567392
567395
567402
567430
567439
567464
567475
567482
567496
567511
567518
567520
567533
567534
567538
567550
567552
567561
567562
567582
567608
567610
567611
567628
567632
567672
567674
567679
567681
567690
567696
567701
567705
567721
567732
567743
567748
567757
567766
567768
567774
567795
567807
567824
567841
567843
567846
567847
567849
567871
567879
567879
567890
567901
567905
567921
567922
567925
567929
567956
567962
567963
567969
567972
567974
567987
568000
568009
568011
568018
568022
568031
568042
568069
568079
568103
568104
568108
568111
568112
568132
568141
568142
568152
568159
568159
568172
568197
568211
568214
568237
568241
568245
568258
568259
568268
568277
568280
568294
568296
568306
568314
568314
568323
568323
568327
568330
568349
568367
568375
568382
568383
568384
568392
568398
568406
568406
568412
568419
568434
568461
568464
568486
568494
568514
568517
568521
568523
568535
568539
568546
568547
568547
568576
568587
568605
568610
568618
568633
568640
568654
568670
568681
568684
568685
568695
568725
568750
568757
568792
568811
568831
568836
568842
568857
568865
568874
568887
568893
568895
568899
568907
568925
568961
568965
568967
569001
569004
569011
569012
569031
569032
569033
569039
569046
569049
569050
569064
569097
569103
569118
569123
569144
569146
569148
569152
569154
569161
569195
569211
569215
569235
569251
569284
569296
569303
569321
569346
569375
569375
569380
569382
569389
569392
569393
569401
569417
569424
569434
569454
569465
569471
569478
569482
569493
569510
569516
569523
569529
569533
569558
569574
569584
569586
569621
569644
569649
569668
569670
569677
569687
569723
569725
569726
569734
569736
569738
569762
569769
569781
569788
569788
569788
569793
569798
569805
569813
569829
569837
569843
569864
569868
569868
569888
569891
569905
569917
569932
569944
569959
569965
569971
569981
569985
570000
570005
570020
570021
570022
570031
570059
570061
570064
570065
570067
570067
570071
570079
570091
570120
570134
570156
570158
570159
570163
570168
570169
570182
570186
570194
570195
570254
570259
570260
570266
570320
570325
570326
570333
570336
570338
570362
570388
570419
570429
570447
570460
570470
570475
570476
570481
570489
570519
570540
570550
570555
570556
570571
570606
570608
570612
570625
570626
570652
570654
570661
570675
570694
570698
570699
570700
570715
570716
570727
570728
570740
570747
570754
570783
570792
570792
570797
570800
570804
570817
570829
570835
570838
570859
570867
570880
570884
570903
570904
570936
570949
570949
570961
570979
570986
571009
571013
571015
571016
571026
571027
571036
571038
571039
571041
571047
571081
571099
571100
571101
571148
571150
571162
571168
571174
571188
571196
571205
571208
571220
571231
571241
571243
571251
571251
571276
571279
571319
571320
571326
571342
571360
571361
571384
571392
571402
571405
571409
571426
571428
571433
571440
571467
571467
571502
571505
571508
571522
571536
571542
571550
571567
571579
571592
571604
571638
571649
571667
571673
571675
571682
571693
571704
571715
571725
571745
571750
571750
571754
571755
571764
571767
571771
571772
571783
571785
571799
571814
571817
571827
571829
571837
571847
571853
571885
571907
571916
571919
571919
571935
571938
571945
571950
571959
571965
571968
571973
571979
571992
572008
572008
572017
572041
572042
572051
572067
572069
572070
572078
572125
572133
572140
572142
572146
572153
572153
572157
572161
572161
572163
572166
572201
572204
572205
572209
572212
572215
572228
572244
572258
572264
572280
572284
572297
572311
572319
572332
572334
572386
572392
572394
572409
572411
572425
572427
572427
572437
572439
572451
572474
572475
572475
572484
572497
572520
572524
572571
572593
572607
572643
572665
572673
572674
572677
572696
572702
572712
572713
572737
572745
572745
572750
572763
572773
572777
572779
572792
572801
572817
572820
572820
572835
572842
572843
572858
572860
572868
572875
572875
572876
572894
572904
572905
572905
572915
572919
572923
572930
572933
572946
572952
573021
573031
573031
573037
573039
573042
573044
573053
573074
573087
573094
573105
573120
573139
573140
573150
573161
573169
573178
573184
573187
573187
573197
573213
573230
573252
573253
573255
573260
573260
573284
573307
573311
573319
573320
573320
573330
573333
573334
573338
573339
573340
573344
573353
573354
573357
573372
573378
573396
573407
573411
573412
573414
573442
573446
573449
573450
573476
573530
573535
573541
573556
573575
573579
573579
573606
573625
573629
573652
573661
573661
573662
573676
573680
573695
573710
573722
573734
573738
573741
573743
573762
573773
573775
573780
573788
573793
573795
573817
573822
573822
573856
573860
573864
573872
573875
573890
573895
573904
573907
573913
573923
573923
573983
573995
574004
574014
574014
574016
574024
574026
574026
574032
574037
574042
574056
574057
574059
574078
574090
574091
574091
574122
574144
574152
574163
574165
574171
574183
574190
574197
574205
574214
574231
574232
574244
574275
574284
574285
574290
574313
574332
574337
574358
574360
574364
574375
574385
574419
574430
574432
574447
574457
574464
574464
574507
574523
574530
574535
574538
574560
574561
574568
574579
574582
574596
574598
574606
574607
574608
574610
574611
574639
574650
574658
574661
574669
574674
574681
574690
574692
574695
574701
574719
574722
574732
574738
574741
574782
574790
574803
574813
574823
574831
574832
574845
574851
574861
574869
574871
574893
574896
574956
574957
574969
574979
574995
574996
574999
575003
575007
575032
575034
575038
575041
575053
575066
575082
575109
575118
575131
575143
575145
575147
575167
575169
575169
575174
575178
575186
575188
575192
575194
575200
575206
575215
575225
575228
575255
575263
575269
575291
575291
575308
575309
575309
575309
575334
575339
575343
575345
575363
575374
575383
575406
575417
575422
575428
575438
575440
575445
575453
575460
575465
575470
575483
575486
575489
575497
575499
575505
575554
575583
575588
575597
575606
575607
575612
575617
575637
575644
575649
575664
575672
575674
575678
575683
575694
575698
575704
575704
575710
575718
575742
575749
575749
575776
575781
575792
575799
575805
575816
575830
575831
575833
575857
575899
575903
575909
575920
575924
575956
575964
576000
576014
576015
576021
576034
576035
576040
576082
576107
576109
576110
576124
576125
576138
576140
576151
576170
576172
576201
576224
576228
576239
576239
576245
576245
576253
576266
576267
576295
576296
576322
576366
576382
576401
576403
576407
576416
576433
576446
576450
576468
576484
576502
576509
576511
576515
576518
576519
576559
576575
576587
576602
576604
576615
576617
576628
576634
576644
576678
576697
576699
576719
576730
576738
576754
576762
576767
576779
576781
576816
576831
576847
576849
576857
576880
576883
576886
576889
576895
576908
576921
576929
576935
576936
576940
576954
576956
576972
576979
576990
576991
576994
576998
577017
577021
577027
577032
577038
577056
577064
577076
577081
577092
577094
577096
577097
577102
577104
577111
577124
577129
577137
577168
577172
577177
577186
577192
577206
577220
577242
577258
577260
577274
577275
577275
577280
577291
577292
577294
577297
577297
577303
577311
577317
577321
577328
577354
577356
577360
577364
577378
577382
577383
577416
577423
577429
577436
577438
577440
577452
577459
577481
577532
577532
577533
577568
577588
577589
577605
577608
577615
577620
577636
577658
577673
577678
577690
577693
577694
577700
577711
577717
577717
577719
577721
577731
577746
577765
577766
577769
577779
577780
577781
577811
577813
577819
577822
577829
577837
577840
577858
577916
577928
577930
577947
577950
577969
577980
577983
577986
577990
578007
578008
578009
578042
578045
578059
578101
578102
578111
578112
578117
578122
578145
578146
578160
578163
578175
578178
578188
578189
578195
578199
578213
578215
578228
578234
578247
578258
578264
578266
578273
578292
578296
578304
578310
578330
578331
578344
578351
578355
578358
578361
578381
578383
578403
578418
578419
578446
578470
578483
578492
578522
578526
578528
578529
578538
578568
578568
578607
578622
578647
578654
578659
578666
578670
578689
578693
578694
578718
578735
578751
578771
578822
578825
578839
578843
578845
578847
578854
578858
578934
578948
578952
578978
578991
579006
579015
579027
579027
579035
579038
579092
579093
579121
579139
579148
579154
579170
579170
579172
579180
579187
579187
579188
579190
579191
579198
579209
579209
579214
579220
579229
579232
579235
579255
579256
579296
579298
579308
579312
579330
579338
579339
579339
579344
579356
579363
579363
579398
579402
579408
579435
579435
579452
579454
579461
579478
579479
579482
579487
579497
579502
579505
579505
579535
579541
579549
579557
579571
579578
579581
579594
579609
579615
579617
579647
579648
579658
579671
579696
579707
579708
579714
579716
579718
579720
579724
579737
579754
579776
579778
579792
579797
579845
579848
579850
579853
579880
579892
579894
579901
579911
579911
579944
579947
579969
579996
579997
580011
580018
580027
580029
580043
580053
580055
580068
580103
580109
580112
580125
580134
580139
580139
580156
580164
580169
580171
580188
580190
580205
580206
580220
580224
580228
580233
580237
580251
580261
580262
580272
580298
580303
580304
580314
580325
580329
580363
580388
580399
580401
580402
580405
580405
580409
580415
580423
580424
580425
580436
580437
580438
580497
580516
580516
580519
580526
580530
580530
580531
580542
580546
580550
580571
580571
580577
580590
580597
580598
580622
580632
580636
580641
580652
580656
580671
580679
580687
580697
580702
580714
580742
580743
580754
580756
580787
580811
580820
580827
580828
580829
580832
580833
580853
580871
580872
580876
580876
580878
580881
580900
580915
580935
580936
580938
580945
580952
580955
580993
580997
581011
581012
581025
581049
581049
581052
581072
581076
581087
581090
581094
581100
581104
581108
581109
581117
581119
581121
581125
581152
581155
581173
581185
581226
581226
581233
581238
581238
581257
581265
581273
581282
581293
581303
581310
581327
581330
581346
581356
581370
581382
581389
581390
581404
581415
581430
581438
581454
581487
581510
581520
581522
581528
581536
581537
581540
581540
581587
581587
581588
581592
581605
581606
581613
581620
581620
581637
581641
581644
581646
581662
581663
581685
581697
581701
581703
581708
581737
581740
581754
581758
581762
581778
581783
581809
581813
581817
581818
581818
581826
581831
581841
581841
581849
581865
581881
581892
581894
581906
581923
581933
581955
581964
581968
581974
581978
582007
582026
582048
582053
582056
582069
582082
582127
582127
582129
582140
582149
582172
582183
582187
582199
582206
582215
582228
582234
582237
582243
582244
582250
582251
582263
582270
582272
582276
582277
582284
582289
582310
582312
582315
582320
582330
582331
582337
582387
582400
582400
582420
582428
582431
582440
582443
582465
582494
582496
582496
582499
582504
582512
582536
582540
582551
582551
582557
582559
582565
582569
582603
582611
582618
582623
582628
582629
582630
582630
582644
582650
582679
582691
582696
582699
582703
582703
582706
582715
582734
582749
582755
582768
582785
582798
582800
582816
582829
582883
582893
582901
582902
582905
582912
582914
582916
582948
582951
582952
582972
582982
582998
583005
583027
583076
583085
583086
583099
583106
583124
583134
583173
583191
583193
583206
583211
583218
583220
583232
583233
583243
583257
583261
583292
583298
583300
583304
583311
583318
583332
583359
583361
583390
583390
583414
583454
583454
583461
583468
583505
583506
583506
583509
583540
583544
583551
583586
583587
583596
583596
583600
583603
583608
583631
583647
583651
583685
583698
583698
583699
583736
583741
583759
583760
583770
583772
583776
583781
583802
583803
583803
583804
583820
583824
583844
583870
583874
583875
583886
583899
583902
583905
583906
583913
583921
583926
583931
583935
583935
583939
583980
583994
584001
584004
584006
584043
584065
584067
584085
584092
584098
584102
584116
584128
584144
584151
584159
584170
584211
584255
584268
584269
584275
584291
584294
584299
584302
584348
584351
584351
584370
584375
584389
584392
584405
584409
584436
584448
584448
584450
584466
584475
584475
584497
584504
584507
584512
584519
584559
584562
584578
584600
584606
584607
584637
584645
584666
584703
584716
584716
584724
584762
584770
584777
584782
584787
584798
584810
584811
584820
584837
584850
584858
584865
584869
584875
584877
584879
584893
584896
584896
584898
584898
584914
584917
584918
584919
584921
584925
584940
584953
584975
584977
584980
584994
585023
585028
585033
585049
585049
585052
585060
585065
585092
585094
585106
585106
585118
585125
585129
585136
585137
585156
585161
585163
585171
585172
585189
585202
585206
585212
585219
585224
585249
585250
585272
585277
585279
585289
585291
585295
585298
585327
585352
585384
585408
585411
585416
585420
585427
585431
585436
585437
585443
585459
585469
585484
585487
585493
585517
585521
585528
585531
585536
585544
585550
585561
585567
585579
585584
585586
585588
585658
585661
585677
585679
585692
585701
585702
585711
585711
585736
585757
585771
585782
585789
585798
585800
585812
585824
585826
585828
585828
585838
585848
585854
585856
585860
585863
585868
585893
585908
585909
585948
585952
585961
585966
585976
585994
585995
586010
586016
586022
586024
586025
586086
586093
586099
586101
586140
586162
586164
586172
586173
586187
586188
586191
586197
586229
586234
586243
586273
586275
586281
586283
586295
586297
586313
586317
586337
586339
586341
586356
586366
586368
586378
586381
586384
586399
586401
586413
586426
586428
586442
586448
586461
586467
586470
586476
586477
586483
586487
586494
586499
586504
586526
586534
586535
586544
586547
586558
586562
586563
586582
586590
586607
586616
586625
586637
586641
586663
586675
586681
586689
586734
586745
586747
586795
586798
586800
586824
586834
586848
586848
586877
586885
586896
586903
586904
586907
586907
586908
586914
586917
586917
586924
586934
586945
586959
586959
586969
586970
586980
587015
587033
587039
587045
587063
587074
587114
587140
587146
587151
587152
587161
587161
587177
587178
587189
587191
587193
587212
587242
587242
587244
587245
587246
587285
587288
587293
587298
587305
587307
587314
587320
587331
587344
587352
587353
587363
587370
587384
587384
587407
587413
587414
587419
587428
587440
587444
587451
587453
587456
587457
587511
587524
587525
587533
587535
587542
587565
587586
587593
587595
587604
587619
587629
587634
587649
587672
587683
587704
587731
587747
587758
587772
587800
587836
587847
587848
587861
587866
587883
587892
587893
587894
587898
587934
587935
587936
587950
587965
587974
587977
587984
588013
588015
588021
588044
588065
588071
588076
588097
588103
588113
588115
588119
588143
588149
588170
588171
588172
588174
588178
588180
588182
588191
588193
588217
588219
588249
588260
588270
588271
588278
588285
588292
588296
588312
588315
588320
588327
588337
588343
588346
588362
588373
588381
588383
588389
588399
588400
588421
588422
588432
588456
588464
588478
588485
588501
588507
588510
588522
588535
588542
588546
588578
588579
588592
588597
588600
588608
588615
588625
588672
588685
588695
588696
588698
588706
588724
588728
588731
588732
588735
588740
588754
588756
588761
588766
588772
588774
588817
588840
588848
588871
588873
588887
588889
588893
588909
588911
588915
588959
588959
588985
589008
589015
589016
589028
589030
589035
589037
589045
589049
589052
589065
589067
589075
589086
589101
589102
589106
589107
589153
589159
589180
589184
589195
589199
589202
589202
589203
589219
589227
589241
589248
589253
589258
589272
589293
589315
589320
589332
589350
589364
589371
589372
589373
589389
589394
589395
589404
589413
589441
589470
589479
589483
589484
589491
589499
589507
589531
589547
589548
589571
589572
589589
589592
589609
589623
589625
589643
589644
589650
589657
589659
589671
589674
589677
589679
589684
589697
589702
589708
589748
589780
589790
589812
589812
589812
589816
589830
589839
589844
589852
589865
589877
589892
589899
589902
589959
589982
589988
589990
590000
590002
590007
590013
590031
590063
590078
590084
590106
590109
590114
590119
590163
590185
590215
590278
590282
590284
590285
590290
590293
590297
590299
590312
590340
590354
590371
590386
590394
590408
590419
590422
590432
590435
590440
590441
590447
590451
590451
590510
590511
590517
590530
590532
590537
590546
590551
590557
590578
590597
590650
590656
590664
590685
590686
590691
590694
590697
590718
590725
590737
590738
590747
590753
590765
590769
590781
590787
590793
590813
590818
590828
590835
590844
590853
590857
590885
590898
590917
590934
590953
590953
590957
590988
591031
591070
591078
591083
591083
591086
591086
591099
591114
591133
591134
591162
591166
591181
591184
591191
591202
591204
591208
591216
591223
591224
591225
591233
591234
591244
591280
591301
591305
591315
591324
591343
591347
591361
591363
591375
591380
591383
591384
591386
591393
591400
591404
591433
591454
591455
591464
591467
591476
591478
591497
591511
591515
591515
591519
591521
591523
591524
591531
591554
591559
591561
591584
591586
591594
591601
591632
591632
591644
591648
591656
591659
591672
591688
591706
591726
591727
591741
591771
591784
591792
591800
591809
591820
591828
591833
591836
591848
591873
591875
591889
591900
591901
591903
591909
591923
591924
591930
591944
591955
591962
591963
591978
592005
592005
592012
592020
592020
592030
592032
592032
592037
592044
592045
592047
592062
592094
592098
592109
592111
592115
592127
592131
592142
592159
592167
592168
592177
592192
592192
592208
592212
592225
592228
592230
592234
592259
592264
592265
592272
592286
592315
592336
592336
592338
592376
592378
592390
592399
592429
592440
592451
592459
592472
592474
592477
592487
592507
592512
592518
592526
592528
592530
592533
592544
592546
592554
592558
592561
592578
592598
592639
592641
592642
592642
592668
592669
592674
592686
592709
592720
592721
592722
592723
592730
592749
592753
592765
592796
592802
592804
592804
592828
592843
592859
592860
592861
592874
592876
592887
592905
592906
592913
592923
592937
592941
592944
592949
592954
592956
592957
592965
592968
592988
592994
593014
593015
593025
593032
593066
593070
593122
593159
593168
593173
593186
593186
593231
593235
593269
593283
593285
593286
593297
593303
593310
593325
593329
593331
593352
593361
593369
593373
593382
593411
593411
593417
593432
593435
593454
593467
593469
593483
593498
593516
593527
593529
593533
593535
593537
593538
593555
593560
593609
593611
593618
593619
593630
593646
593647
593649
593668
593678
593680
593692
593706
593712
593718
593722
593765
593784
593786
593800
593828
593833
593837
593852
593871
593899
593938
593949
593960
593972
593991
594002
594018
594028
594045
594051
594059
594062
594063
594073
594092
594112
594114
594124
594140
594144
594149
594149
594152
594156
594162
594200
594202
594204
594211
594218
594243
594265
594271
594283
594302
594324
594327
594330
594331
594332
594343
594347
594348
594360
594365
594369
594385
594393
594416
594418
594435
594448
594454
594464
594468
594469
594496
594510
594512
594514
594529
594535
594539
594552
594553
594567
594569
594584
594590
594599
594612
594632
594665
594667
594693
594706
594708
594710
594714
594731
594741
594762
594763
594763
594779
594783
594802
594818
594820
594823
594831
594832
594853
594884
594885
594894
594898
594905
594907
594913
594926
594938
594943
594965
594970
594988
594997
595024
595024
595043
595054
595057
595057
595064
595069
595076
595079
595080
595082
595083
595084
595090
595104
595142
595149
595164
595172
595187
595198
595204
595206
595207
595208
595213
595214
595219
595220
595225
595235
595242
595246
595254
595258
595260
595264
595270
595272
595277
595303
595328
595339
595341
595350
595369
595373
595375
595378
595462
595463
595463
595465
595467
595482
595490
595532
595542
595555
595558
595561
595565
595580
595628
595647
595668
595672
595673
595695
595711
595718
595720
595726
595746
595750
595763
595763
595782
595786
595794
595801
595802
595821
595834
595852
595852
595860
595870
595873
595891
595898
595907
595913
595924
595926
595938
595944
595953
595967
595969
595971
595972
596005
596013
596019
596026
596029
596033
596038
596048
596055
596081
596086
596089
596089
596096
596105
596111
596141
596152
596159
596164
596174
596178
596193
596211
596217
596219
596222
596237
596240
596250
596254
596264
596271
596273
596275
596287
596289
596293
596299
596315
596316
596320
596331
596350
596358
596367
596398
596407
596426
596427
596431
596459
596468
596471
596482
596507
596510
596526
596528
596535
596543
596550
596556
596566
596570
596580
596592
596599
596600
596610
596611
596612
596637
596651
596661
596667
596680
596681
596682
596685
596690
596700
596729
596752
596752
596756
596760
596763
596790
596801
596817
596820
596823
596826
596838
596839
596839
596847
596849
596872
596877
596911
596915
596922
596928
596972
596979
596989
596991
597009
597039
597046
597079
597081
597088
597094
597103
597106
597108
597112
597116
597120
597136
597140
597142
597153
597154
597159
597163
597168
597173
597181
597193
597204
597211
597253
597257
597279
597288
597337
597354
597355
597357
597361
597368
597376
597386
597388
597391
597401
597403
597423
597474
597482
597483
597485
597486
597487
597492
597497
597502
597507
597519
597532
597534
597537
597555
597567
597576
597588
597590
597591
597598
597607
597615
597635
597662
597664
597675
597677
597691
597699
597702
597706
597708
597708
597724
597729
597745
597747
597756
597758
597770
597771
597773
597810
597823
597824
597835
597844
597865
597874
597874
597880
597930
597941
597943
597957
597957
597958
597963
597968
597978
597983
597991
597994
598024
598027
598038
598042
598043
598058
598076
598094
598103
598141
598143
598156
598161
598181
598182
598184
598195
598196
598205
598216
598232
598243
598249
598249
598253
598258
598266
598268
598301
598321
598335
598339
598353
598356
598357
598358
598372
598386
598401
598408
598408
598410
598413
598429
598431
598435
598445
598450
598476
598478
598488
598510
598521
598529
598548
598566
598567
598624
598631
598634
598637
598646
598647
598659
598672
598674
598691
598721
598743
598751
598775
598782
598783
598810
598820
598826
598833
598841
598860
598879
598886
598887
598889
598891
598899
598902
598907
598914
598927
598927
598957
598957
598980
599018
599026
599034
599058
599063
599070
599084
599098
599101
599103
599109
599126
599141
599149
599167
599176
599192
599194
599203
599240
599273
599277
599288
599330
599332
599347
599348
599365
599371
599381
599381
599403
599416
599420
599420
599421
599428
599463
599487
599507
599515
599526
599532
599533
599543
599545
599559
599578
599578
599585
599605
599608
599634
599635
599644
599645
599646
599649
599660
599664
599665
599672
599704
599704
599710
599724
599726
599728
599734
599736
599778
599791
599798
599812
599813
599821
599834
599840
599861
599867
599883
599899
599903
599915
599927
599936
599937
599938
599945
599959
599959
599973
599978
600009
600019
600025
600030
600040
600055
600093
600117
600124
600130
600139
600142
600152
600174
600179
600179
600180
600181
600184
600191
600217
600218
600225
600225
600254
600267
600270
600278
600296
600307
600322
600324
600326
600329
600331
600332
600338
600340
600346
600347
600347
600351
600352
600367
600367
600380
600382
600383
600391
600395
600397
600401
600403
600407
600418
600419
600428
600432
600443
600447
600454
600455
600470
600482
600486
600509
600516
600520
600523
600530
600532
600533
600534
600545
600560
600567
600577
600594
600607
600619
600623
600627
600640
600648
600660
600664
600675
600698
600713
600714
600734
600742
600743
600746
600747
600749
600770
600776
600780
600801
600807
600818
600831
600850
600874
600886
600897
600902
600909
600917
600919
600919
600926
600944
600948
600949
600950
600990
600992
601015
601022
601033
601043
601049
601054
601065
601087
601087
601092
601101
601123
601130
601132
601133
601136
601146
601151
601158
601166
601169
601173
601181
601188
601205
601251
601253
601262
601265
601267
601275
601286
601288
601289
601301
601303
601312
601324
601326
601329
601329
601337
601361
601367
601412
601412
601412
601439
601440
601446
601457
601465
601473
601480
601482
601487
601491
601493
601514
601517
601521
601526
601534
601538
601541
601544
601548
601557
601566
601572
601631
601640
601678
601685
601687
601691
601702
601708
601709
601710
601711
601715
601718
601718
601727
601735
601738
601745
601748
601774
601791
601843
601845
601849
601864
601873
601884
601888
601900
601944
601971
601974
602000
602011
602027
602030
602065
602069
602075
602103
602125
602144
602159
602164
602169
602208
602208
602220
602222
602225
602235
602255
602257
602264
602274
602283
602300
602316
602317
602317
602317
602333
602339
602341
602342
602353
602363
602364
602380
602398
602424
602424
602425
602450
602463
602474
602481
602488
602492
602501
602501
602507
602508
602534
602535
602551
602559
602596
602604
602681
602692
602694
602697
602714
602737
602789
602789
602804
602818
602826
602830
602831
602834
602835
602837
602856
602866
602893
602902
602960
602968
602974
602983
602984
602995
603007
603008
603014
603027
603049
603063
603063
603076
603109
603130
603141
603144
603160
603163
603167
603167
603170
603182
603188
603193
603198
603202
603202
603203
603207
603210
603224
603240
603242
603248
603257
603259
603268
603271
603272
603277
603301
603308
603316
603333
603346
603348
603359
603361
603369
603373
603383
603394
603412
603422
603439
603445
603465
603471
603471
603475
603476
603476
603483
603504
603505
603507
603515
603524
603536
603551
603553
603554
603568
603569
603573
603575
603581
603588
603591
603601
603621
603624
603639
603646
603655
603664
603665
603677
603682
603695
603696
603704
603713
603714
603727
603728
603733
603734
603766
603779
603814
603821
603823
603837
603840
603859
603862
603875
603900
603921
603925
603936
603937
603959
603963
603967
603980
604010
604020
604020
604055
604057
604088
604093
604098
604102
604114
604136
604148
604151
604152
604155
604158
604182
604199
604219
604222
604225
604227
604245
604247
604276
604298
604312
604320
604327
604327
604348
604356
604363
604364
604365
604370
604373
604376
604392
604396
604399
604401
604401
604434
604442
604447
604464
604476
604482
604483
604499
604502
604523
604533
604539
604541
604545
604562
604568
604569
604591
604605
604608
604640
604651
604655
604655
604657
604658
604661
604667
604669
604670
604671
604709
604716
604720
604725
604752
604754
604757
604788
604843
604853
604854
604858
604876
604880
604889
604900
604929
604941
604944
604968
604983
604986
605000
605010
605012
605013
605016
605044
605062
605064
605084
605099
605105
605113
605151
605152
605166
605174
605214
605216
605218
605227
605228
605242
605266
605267
605283
605285
605288
605289
605307
605328
605334
605349
605360
605363
605369
605388
605400
605413
605414
605432
605441
605449
605449
605452
605458
605463
605464
605465
605472
605472
605481
605490
605493
605494
605495
605513
605513
605526
605534
605544
605547
605555
605566
605568
605575
605575
605576
605597
605597
605607
605621
605645
605651
605673
605675
605727
605746
605746
605747
605769
605770
605792
605815
605815
605822
605826
605850
605856
605861
605870
605889
605917
605935
605936
605940
605941
605957
605959
605965
605994
605994
606003
606011
606013
606014
606018
606045
606050
606065
606071
606086
606093
606101
606119
606132
606134
606135
606139
606164
606195
606214
606214
606217
606219
606227
606262
606276
606288
606290
606299
606303
606304
606313
606317
606332
606337
606339
606364
606368
606374
606384
606385
606395
606401
606410
606418
606429
606463
606466
606468
606479
606492
606502
606509
606513
606522
606525
606530
606533
606536
606548
606556
606569
606575
606584
606585
606587
606593
606598
606599
606602
606620
606628
606640
606678
606685
606689
606691
606694
606712
606713
606732
606749
606749
606749
606752
606778
606778
606780
606784
606785
606821
606828
606830
606834
606839
606844
606851
606851
606861
606878
606911
606916
606916
606929
606990
606991
607002
607003
607009
607014
607035
607042
607045
607066
607070
607090
607093
607094
607099
607124
607128
607151
607153
607167
607169
607173
607194
607198
607231
607237
607243
607247
607253
607266
607276
607319
607326
607334
607334
607335
607337
607346
607348
607349
607401
607406
607409
607423
607431
607435
607435
607453
607463
607463
607468
607492
607495
607502
607503
607507
607527
607535
607545
607545
607563
607563
607574
607577
607594
607612
607614
607617
607628
607638
607655
607658
607673
607715
607715
607716
607716
607766
607772
607796
607813
607815
607851
607853
607862
607873
607874
607921
607931
607948
607952
607952
607969
607972
607978
607980
607983
607989
607990
607991
608011
608016
608021
608057
608092
608107
608124
608173
608174
608176
608198
608220
608230
608242
608242
608257
608263
608270
608272
608276
608292
608300
608302
608319
608338
608341
608345
608358
608380
608394
608395
608400
608429
608453
608521
608543
608553
608561
608567
608588
608614
608616
608617
608617
608619
608631
608632
608634
608638
608648
608653
608654
608657
608663
608667
608668
608669
608687
608699
608704
608706
608706
608726
608730
608735
608739
608740
608754
608759
608772
608784
608794
608798
608805
608809
608809
608826
608829
608841
608841
608843
608874
608898
608906
608910
608913
608924
608958
608960
608966
608974
608976
608992
609001
609003
609007
609031
609064
609068
609075
609075
609078
609093
609114
609126
609129
609131
609136
609143
609193
609193
609204
609205
609209
609214
609227
609239
609248
609255
609269
609272
609272
609276
609284
609290
609292
609304
609305
609321
609332
609335
609353
609360
609364
609370
609378
609386
609392
609406
609412
609415
609420
609426
609431
609462
609463
609478
609483
609488
609494
609508
609520
609547
609570
609575
609599
609611
609618
609630
609648
609673
609683
609729
609729
609733
609753
609773
609778
609786
609819
609851
609851
609857
609858
609873
609882
609892
609906
609922
609923
609932
609935
609939
609948
609951
609998
610027
610032
610048
610058
610063
610085
610115
610120
610145
610162
610193
610204
610211
610214
610228
610230
610231
610237
610239
610250
610253
610261
610265
610268
610278
610305
610314
610317
610318
610324
610350
610351
610362
610400
610402
610422
610423
610433
610437
610438
610443
610475
610478
610509
610516
610520
610524
610527
610555
610564
610583
610584
610588
610601
610601
610607
610639
610652
610655
610658
610668
610690
610699
610708
610719
610722
610734
610746
610750
610752
610755
610761
610764
610778
610787
610787
610789
610790
610834
610862
610863
610869
610883
610927
610929
610929
610944
610945
610955
610961
610987
610997
610999
611000
611020
611022
611027
611040
611044
611048
611050
611052
611078
611079
611105
611111
611114
611116
611127
611153
611155
611163
611186
611187
611187
611188
611194
611223
611265
611280
611299
611320
611323
611349
611356
611399
611400
611408
611416
611429
611436
611441
611458
611475
611493
611499
611512
611526
611531
611531
611532
611534
611556
611560
611565
611570
611571
611619
611650
611651
611661
611663
611667
611677
611682
611694
611694
611699
611712
611723
611725
611737
611751
611799
611804
611806
611810
611814
611820
611834
611859
611866
611871
611875
611898
611904
611909
611914
611930
612002
612007
612010
612028
612028
612041
612086
612091
612096
612106
612113
612121
612122
612143
612166
612167
612168
612182
612195
612199
612204
612222
612223
612225
612228
612229
612239
612253
612253
612256
612263
612282
612316
612334
612338
612338
612339
612346
612347
612348
612356
612360
612380
612391
612405
612407
612418
612420
612447
612471
612478
612496
612496
612510
612522
612530
612531
612533
612548
612559
612560
612570
612571
612572
612576
612584
612590
612593
612604
612620
612632
612634
612640
612641
612653
612657
612661
612662
612672
612675
612680
612685
612691
612706
612724
612770
612779
612782
612804
612814
612817
612819
612819
612820
612830
612837
612843
612859
612863
612870
612873
612879
612888
612898
612916
612928
612931
612941
612949
612954
612956
612959
612980
612988
612993
613061
613069
613072
613083
613100
613101
613110
613111
613111
613116
613118
613122
613145
613169
613171
613179
613192
613198
613205
613218
613229
613230
613241
613245
613256
613260
613266
613292
613294
613298
613303
613309
613310
613314
613315
613347
613354
613372
613377
613378
613384
613387
613415
613424
613430
613440
613467
613486
613490
613496
613502
613516
613519
613529
613536
613538
613551
613551
613594
613610
613613
613614
613620
613644
613645
613656
613657
613668
613677
613684
613685
613685
613688
613692
613700
613712
613741
613745
613758
613765
613788
613792
613796
613806
613809
613810
613828
613848
613881
613887
613893
613909
613919
613923
613934
613940
613981
614000
614001
614013
614018
614029
614060
614061
614061
614106
614107
614108
614112
614123
614126
614139
614143
614173
614182
614189
614201
614214
614226
614226
614234
614237
614242
614245
614251
614260
614263
614274
614274
614280
614294
614299
614302
614307
614309
614324
614343
614346
614347
614350
614351
614352
614371
614403
614406
614421
614423
614449
614455
614458
614463
614463
614535
614536
614560
614564
614585
614586
614594
614598
614600
614603
614613
614615
614626
614627
614637
614653
614657
614664
614665
614675
614679
614687
614689
614696
614724
614730
614741
614747
614750
614757
614760
614774
614801
614811
614815
614819
614826
614834
614837
614842
614852
614859
614861
614899
614915
614919
614922
614925
614927
614944
614951
614956
614978
614980
614985
614985
614987
614988
615007
615012
615021
615024
615042
615053
615057
615063
615072
615074
615076
615086
615088
615090
615101
615118
615132
615133
615142
615143
615144
615168
615197
615206
615210
615223
615224
615225
615227
615256
615261
615272
615343
615350
615381
615399
615412
615443
615451
615457
615478
615529
615548
615553
615555
615562
615562
615563
615578
615610
615629
615634
615638
615662
615667
615668
615689
615712
615741
615750
615751
615754
615764
615769
615807
615810
615811
615843
615848
615861
615864
615867
615875
615876
615911
615924
615928
615932
615941
615946
615949
615953
615955
615969
615974
615988
616004
616011
616029
616030
616034
616045
616049
616056
616060
616069
616073
616074
616093
616108
616119
616131
616138
616154
616172
616187
616188
616193
616200
616204
616209
616249
616254
616259
616264
616264
616267
616273
616275
616289
616292
616297
616304
616324
616340
616340
616345
616358
616361
616372
616378
616418
616436
616462
616472
616478
616478
616483
616504
616506
616514
616519
616563
616588
616620
616627
616635
616646
616662
616673
616689
616690
616694
616696
616699
616722
616724
616724
616736
616755
616767
616784
616784
616797
616809
616823
616825
616828
616829
616831
616832
616834
616834
616841
616841
616859
616863
616877
616895
616896
616901
616907
616930
616945
616946
616947
616949
616951
616952
616959
616961
616968
616999
617000
617010
617015
617047
617053
617060
617061
617083
617143
617144
617147
617161
617172
617176
617178
617206
617227
617229
617237
617242
617274
617281
617287
617301
617307
617330
617335
617350
617350
617351
617357
617362
617366
617367
617375
617389
617407
617419
617420
617439
617457
617466
617473
617479
617491
617495
617499
617500
617503
617506
617508
617511
617538
617539
617540
617541
617548
617550
617562
617571
617592
617599
617615
617624
617628
617634
617653
617657
617663
617665
617669
617696
617718
617728
617754
617755
617763
617763
617766
617791
617806
617807
617814
617816
617825
617833
617859
617872
617883
617887
617890
617901
617903
617941
617942
617945
617961
617980
617985
617988
617992
617993
618028
618036
618049
618062
618076
618083
618091
618120
618130
618131
618134
618135
618140
618152
618152
618161
618162
618165
618184
618186
618208
618210
618215
618227
618234
618256
618280
618283
618298
618303
618312
618312
618341
618347
618347
618362
618406
618407
618410
618417
618432
618447
618456
618463
618473
618489
618505
618511
618515
618525
618534
618535
618545
618547
618555
618558
618560
618562
618588
618601
618603
618617
618628
618644
618667
618688
618692
618725
618730
618730
618733
618735
618770
618777
618778
618780
618803
618811
618813
618822
618828
618839
618842
618844
618870
618881
618889
618893
618908
618911
618929
618938
618947
618990
619015
619024
619036
619036
619041
619048
619053
619068
619076
619091
619099
619101
619126
619127
619129
619136
619154
619159
619162
619179
619202
619203
619204
619206
619210
619221
619224
619225
619244
619246
619261
619275
619278
619294
619296
619298
619304
619324
619324
619335
619335
619351
619359
619360
619366
619372
619372
619372
619375
619386
619387
619426
619459
619479
619480
619508
619527
619529
619546
619550
619550
619560
619562
619563
619563
619571
619584
619589
619593
619594
619598
619607
619610
619620
619629
619632
619650
619661
619689
619703
619708
619720
619726
619727
619728
619739
619746
619757
619775
619793
619800
619810
619819
619822
619836
619841
619849
619866
619879
619884
619904
619911
619915
619916
619917
619925
619925
619977
619980
619995
620002
620009
620012
620014
620020
620046
620049
620052
620091
620098
620106
620117
620121
620122
620142
620144
620166
620169
620177
620178
620180
620186
620189
620193
620200
620200
620204
620212
620241
620242
620243
620248
620248
620267
620280
620293
620296
620314
620324
620333
620352
620354
620359
620364
620366
620380
620381
620384
620393
620414
620423
620424
620474
620484
620497
620498
620502
620502
620512
620522
620540
620557
620574
620574
620574
620591
620612
620614
620619
620622
620624
620638
620660
620665
620673
620682
620694
620712
620725
620740
620752
620759
620773
620774
620785
620790
620791
620792
620793
620804
620814
620815
620821
620826
620847
620847
620849
620888
620889
620890
620915
620945
620955
620957
620961
620964
620966
620970
620970
620978
620986
620993
620995
620999
621005
621033
621047
621054
621069
621084
621088
621091
621105
621110
621112
621119
621121
621131
621135
621139
621140
621165
621178
621187
621201
621208
621217
621219
621229
621250
621273
621275
621281
621282
621285
621308
621312
621331
621332
621343
621346
621371
621376
621392
621395
621395
621409
621415
621417
621417
621431
621432
621437
621443
621443
621446
621450
621451
621461
621466
621469
621473
621498
621499
621508
621516
621521
621528
621543
621555
621558
621563
621566
621584
621592
621597
621600
621602
621606
621612
621621
621665
621688
621699
621702
621717
621728
621730
621749
621755
621763
621789
621804
621807
621816
621834
621848
621851
621870
621872
621873
621878
621882
621921
621925
621927
621934
621939
621946
621993
622001
622010
622018
622033
622035
622049
622051
622056
622056
622084
622107
622120
622129
622146
622159
622167
622169
622172
622182
622194
622199
622201
622205
622208
622222
622224
622232
622236
622249
622252
622262
622284
622292
622302
622309
622310
622312
622321
622322
622322
622326
622335
622346
622346
622354
622365
622384
622406
622413
622413
622424
622434
622445
622469
622473
622488
622500
622501
622507
622517
622538
622538
622541
622550
622565
622565
622584
622601
622634
622637
622640
622653
622653
622654
622655
622663
622677
622686
622688
622690
622711
622715
622718
622718
622784
622784
622785
622788
622794
622796
622804
622815
622823
622830
622840
622854
622873
622876
622891
622909
622911
622932
622958
622959
622961
622964
622982
622985
622991
623008
623033
623056
623064
623073
623079
623084
623092
623113
623115
623118
623119
623159
623162
623172
623175
623204
623206
623221
623229
623230
623231
623236
623243
623252
623266
623281
623285
623294
623302
623316
623320
623327
623345
623361
623364
623375
623405
623405
623412
623413
623422
623422
623423
623431
623435
623444
623449
623454
623454
623484
623495
623502
623522
623528
623533
623537
623539
623557
623557
623588
623622
623626
623645
623652
623666
623667
623673
623683
623689
623693
623714
623729
623736
623737
623739
623751
623765
623769
623770
623780
623783
623786
623787
623814
623826
623849
623860
623872
623877
623883
623885
623909
623923
623935
623983
623990
623992
624000
624066
624077
624098
624102
624141
624143
624182
624202
624207
624213
624254
624256
624257
624258
624261
624275
624295
624299
624303
624316
624325
624338
624356
624364
624371
624388
624390
624426
624434
624464
624479
624480
624482
624505
624514
624522
624523
624530
624531
624546
624553
624569
624570
624572
624603
624642
624644
624651
624677
624706
624721
624731
624733
624736
624747
624763
624765
624766
624774
624776
624781
624792
624799
624811
624834
624845
624847
624853
624861
624864
624888
624907
624918
624931
624972
624974
624991
625007
625030
625043
625045
625051
625108
625128
625134
625167
625182
625218
625265
625266
625274
625297
625300
625308
625315
625318
625322
625334
625352
625356
625366
625366
625411
625419
625440
625449
625471
625474
625500
625506
625507
625533
625547
625556
625567
625579
625584
625588
625594
625605
625613
625615
625620
625630
625631
625642
625643
625676
625699
625720
625720
625730
625742
625750
625763
625764
625764
625766
625768
625768
625775
625789
625799
625806
625821
625837
625851
625852
625857
625857
625858
625866
625867
625876
625878
625885
625893
625897
625904
625915
625918
625921
625939
625955
625970
625976
625986
625995
625999
626006
626010
626018
626026
626033
626045
626052
626056
626062
626070
626070
626075
626082
626087
626088
626093
626111
626115
626127
626141
626154
626163
626163
626165
626189
626212
626216
626221
626225
626233
626235
626236
626254
626260
626263
626287
626319
626324
626335
626336
626359
626371
626374
626377
626381
626388
626392
626398
626400
626405
626414
626415
626419
626422
626424
626432
626433
626444
626444
626458
626461
626477
626500
626503
626524
626540
626545
626552
626553
626565
626579
626582
626599
626602
626608
626608
626627
626630
626634
626640
626656
626666
626673
626676
626701
626704
626713
626724
626737
626768
626770
626776
626800
626801
626806
626826
626826
626837
626845
626849
626850
626851
626857
626872
626910
626916
626938
626949
626951
626972
626990
627002
627018
627031
627041
627050
627061
627066
627082
627087
627088
627090
627105
627120
627133
627145
627149
627164
627166
627167
627168
627171
627172
627178
627181
627187
627196
627229
627231
627232
627234
627236
627242
627257
627264
627265
627265
627276
627282
627285
627293
627306
627332
627335
627356
627371
627374
627407
627414
627417
627436
627451
627457
627474
627476
627496
627498
627503
627554
627562
627563
627569
627587
627590
627620
627637
627649
627661
627666
627668
627672
627679
627689
627698
627722
627743
627765
627773
627774
627783
627785
627814
627820
627842
627846
627851
627863
627880
627884
627884
627908
627915
627916
627920
627941
627962
627991
628004
628008
628013
628032
628046
628051
628054
628059
628070
628073
628090
628112
628116
628126
628127
628131
628133
628143
628150
628179
628186
628193
628201
628202
628213
628234
628241
628258
628263
628264
628282
628283
628285
628292
628293
628299
628301
628302
628315
628317
628334
628348
628372
628377
628392
628400
628412
628420
628424
628430
628438
628442
628445
628455
628466
628468
628487
628487
628494
628514
628525
628526
628526
628534
628535
628537
628537
628558
628561
628566
628572
628581
628597
628618
628641
628657
628662
628668
628679
628685
628691
628703
628732
628733
628747
628758
628759
628762
628764
628764
628770
628781
628805
628809
628818
628820
628829
628838
628838
628846
628848
628848
628848
628849
628868
628870
628881
628882
628889
628891
628893
628906
628914
628915
628928
628948
628950
628951
628951
628968
628977
628977
628981
628993
629007
629008
629008
629010
629014
629024
629077
629101
629108
629132
629138
629149
629177
629184
629193
629205
629230
629230
629241
629248
629252
629264
629284
629291
629296
629299
629303
629306
629312
629324
629329
629339
629357
629362
629370
629377
629380
629381
629393
629404
629412
629432
629435
629441
629443
629462
629469
629473
629474
629487
629488
629489
629492
629496
629519
629520
629522
629527
629540
629553
629560
629577
629593
629599
629601
629620
629620
629620
629632
629636
629685
629725
629729
629731
629735
629770
629784
629797
629803
629805
629818
629836
629845
629846
629848
629858
629858
629867
629868
629869
629880
629883
629884
629890
629898
629902
629905
629918
629927
629941
629946
629949
629953
629957
629995
629999
630000
630001
630001
630002
630008
630016
630031
630040
630051
630062
630080
630084
630092
630094
630101
630104
630106
630113
630144
630148
630160
630163
630171
630182
630206
630222
630251
630252
630252
630258
630268
630272
630274
630287
630304
630307
630317
630335
630378
630382
630383
630384
630389
630391
630399
630401
630412
630417
630438
630448
630482
630495
630531
630539
630539
630554
630558
630568
630574
630587
630596
630598
630611
630620
630633
630634
630653
630655
630691
630715
630734
630736
630746
630746
630753
630756
630777
630794
630812
630819
630821
630833
630840
630844
630846
630848
630848
630853
630860
630878
630888
630894
630908
630911
630912
630917
630926
630928
630948
630952
630956
630982
630990
630993
630999
631001
631003
631009
631020
631054
631062
631063
631070
631077
631078
631081
631111
631116
631124
631142
631147
631158
631159
631161
631164
631175
631176
631186
631192
631193
631193
631196
631208
631211
631233
631234
631235
631244
631275
631282
631293
631294
631304
631316
631319
631322
631326
631344
631350
631352
631372
631387
631388
631412
631412
631426
631433
631435
631445
631449
631449
631469
631479
631489
631514
631515
631525
631537
631540
631543
631556
631568
631579
631583
631595
631604
631607
631618
631622
631622
631643
631657
631661
631663
631668
631678
631678
631678
631680
631688
631727
631727
631734
631783
631783
631785
631803
631807
631807
631814
631824
631833
631837
631837
631849
631850
631858
631863
631864
631871
631876
631881
631894
631913
631914
631941
631954
631970
631973
631974
631980
631991
631993
632003
632008
632009
632017
632020
632027
632030
632034
632034
632041
632044
632049
632052
632063
632070
632075
632076
632080
632094
632097
632099
632099
632102
632105
632129
632136
632156
632175
632193
632198
632200
632215
632216
632228
632232
632233
632234
632234
632249
632263
632266
632278
632281
632284
632290
632300
632309
632311
632320
632331
632339
632349
632351
632352
632356
632374
632386
632396
632405
632412
632429
632430
632433
632467
632482
632491
632506
632509
632510
632529
632536
632549
632552
632568
632570
632573
632583
632607
632612
632628
632637
632637
632642
632659
632665
632668
632675
632700
632712
632717
632721
632730
632731
632736
632757
632772
632827
632845
632847
632853
632855
632865
632888
632891
632895
632922
632945
632963
632968
632969
632971
632974
632978
632979
632990
633007
633014
633014
633055
633057
633073
633084
633097
633098
633107
633108
633110
633114
633126
633140
633147
633174
633177
633183
633188
633190
633197
633209
633222
633226
633236
633237
633244
633247
633279
633297
633306
633311
633317
633331
633338
633346
633348
633348
633352
633362
633369
633370
633387
633403
633408
633412
633422
633445
633448
633459
633486
633486
633491
633495
633503
633514
633515
633521
633525
633552
633553
633555
633562
633568
633576
633580
633585
633594
633605
633615
633619
633645
633675
633688
633698
633709
633726
633733
633743
633743
633748
633752
633798
633799
633802
633811
633817
633819
633835
633839
633847
633877
633877
633883
633885
633886
633889
633889
633902
633920
633928
633961
633976
633987
633989
633999
634006
634044
634069
634071
634086
634087
634099
634100
634106
634112
634169
634172
634190
634193
634205
634211
634218
634222
634233
634237
634241
634248
634296
634302
634310
634310
634316
634324
634336
634347
634350
634369
634374
634379
634380
634416
634427
634448
634450
634452
634457
634464
634473
634474
634476
634479
634504
634528
634534
634554
634562
634573
634580
634602
634602
634607
634624
634628
634664
634682
634687
634703
634742
634766
634775
634781
634801
634801
634805
634816
634835
634873
634874
634875
634879
634891
634904
634906
634908
634912
634913
634922
634927
634946
634994
635029
635031
635043
635056
635061
635065
635090
635092
635094
635114
635125
635128
635136
635140
635158
635188
635188
635189
635195
635195
635209
635214
635224
635227
635249
635250
635262
635274
635277
635285
635302
635302
635310
635310
635310
635320
635333
635338
635353
635362
635380
635382
635417
635424
635425
635435
635454
635456
635466
635472
635479
635497
635502
635518
635533
635537
635537
635540
635546
635556
635562
635584
635598
635600
635610
635621
635628
635652
635657
635674
635702
635707
635711
635715
635719
635720
635730
635743
635774
635780
635803
635803
635816
635823
635850
635855
635865
635868
635883
635931
635944
635962
635975
635993
635996
636005
636014
636043
636044
636051
636060
636078
636089
636107
636111
636127
636128
636139
636150
636155
636170
636179
636193
636194
636199
636212
636230
636241
636246
636249
636284
636285
636288
636290
636311
636332
636355
636374
636379
636417
636428
636434
636440
636454
636457
636461
636468
636476
636493
636501
636502
636506
636512
636522
636529
636551
636557
636570
636578
636592
636596
636626
636627
636632
636634
636644
636653
636669
636670
636687
636691
636691
636701
636724
636741
636772
636772
636773
636776
636780
636784
636802
636803
636813
636826
636853
636855
636863
636870
636876
636886
636886
636891
636900
636921
636922
636931
636944
636946
636957
636962
636993
637018
637024
637027
637031
637038
637061
637063
637063
637072
637075
637109
637112
637114
637116
637123
637127
637129
637130
637135
637150
637174
637187
637190
637213
637221
637228
637230
637238
637257
637270
637274
637297
637312
637317
637322
637326
637327
637330
637381
637405
637431
637444
637448
637453
637458
637465
637467
637472
637478
637483
637488
637496
637502
637527
637532
637536
637539
637543
637545
637545
637589
637591
637592
637598
637637
637653
637661
637687
637704
637712
637734
637742
637747
637754
637766
637768
637777
637779
637780
637790
637791
637799
637801
637823
637832
637839
637842
637844
637845
637853
637870
637883
637884
637899
637920
637921
637937
637941
637956
637958
637962
637966
637974
637985
638004
638007
638013
638022
638027
638034
638038
638048
638053
638091
638097
638098
638102
638103
638109
638117
638138
638145
638148
638155
638170
638182
638185
638192
638194
638199
638205
638213
638215
638242
638243
638252
638276
638294
638306
638314
638322
638328
638332
638358
638395
638405
638417
638419
638427
638432
638432
638439
638450
638454
638458
638511
638513
638519
638523
638524
638535
638539
638539
638567
638571
638573
638576
638577
638578
638579
638582
638585
638602
638605
638617
638651
638656
638656
638672
638681
638697
638703
638704
638710
638725
638726
638735
638738
638742
638760
638762
638764
638794
638818
638822
638834
638854
638860
638861
638873
638893
638897
638897
638902
638917
638927
638939
638939
638944
638987
639004
639012
639022
639024
639028
639028
639043
639048
639075
639082
639089
639097
639101
639103
639125
639142
639148
639180
639185
639193
639193
639198
639213
639221
639228
639228
639240
639243
639245
639248
639249
639266
639282
639297
639305
639306
639319
639333
639351
639393
639395
639401
639403
639404
639413
639418
639447
639462
639492
639496
639533
639534
639543
639546
639548
639555
639555
639556
639560
639570
639587
639588
639601
639631
639644
639650
639656
639663
639664
639664
639676
639693
639719
639725
639735
639749
639765
639791
639800
639803
639804
639805
639810
639818
639820
639824
639827
639864
639889
639913
639920
639921
639932
639936
639940
639940
639960
639972
639977
639986
640000
640003
640008
640010
640014
640023
640025
640045
640049
640055
640065
640068
640076
640085
640094
640097
640130
640136
640137
640142
640155
640161
640168
640186
640189
640198
640199
640204
640226
640234
640264
640279
640290
640351
640364
640370
640378
640397
640399
640413
640420
640430
640440
640444
640447
640460
640470
640489
640508
640509
640542
640567
640582
640584
640606
640613
640615
640623
640631
640641
640650
640652
640667
640685
640692
640708
640708
640722
640723
640730
640743
640758
640770
640776
640835
640849
640894
640895
640908
640912
640917
640919
640923
640927
640929
640933
640952
640953
640965
640988
640991
640992
641009
641010
641014
641020
641064
641065
641067
641077
641131
641143
641149
641154
641154
641162
641162
641168
641178
641182
641205
641210
641218
641233
641244
641249
641252
641257
641258
641264
641270
641273
641273
641276
641288
641311
641332
641335
641383
641384
641387
641393
641394
641395
641397
641401
641410
641418
641462
641467
641470
641480
641493
641493
641508
641511
641520
641532
641541
641546
641552
641594
641599
641602
641648
641658
641671
641683
641685
641703
641708
641715
641717
641722
641725
641731
641732
641733
641741
641751
641755
641756
641761
641765
641782
641790
641796
641807
641815
641849
641851
641855
641874
641876
641882
641895
641900
641908
641911
641913
641915
641920
641939
641943
641946
641966
641966
641968
641971
641982
641988
642008
642022
642027
642049
642050
642073
642093
642108
642110
642113
642120
642128
642135
642159
642178
642183
642185
642191
642194
642195
642196
642220
642224
642238
642257
642258
642290
642299
642312
642334
642336
642373
642374
642399
642440
642441
642446
642448
642457
642463
642472
642473
642480
642491
642506
642531
642570
642574
642575
642624
642640
642658
642665
642672
642679
642703
642718
642718
642722
642724
642759
642771
642780
642787
642788
642792
642812
642835
642866
642895
642917
642932
642939
642950
642952
642971
642973
642974
642980
642994
643000
643002
643005
643011
643015
643021
643029
643058
643059
643068
643077
643106
643107
643112
643112
643118
643140
643140
643147
643152
643157
643172
643200
643204
643205
643209
643209
643221
643227
643230
643233
643235
643258
643268
643268
643278
643278
643314
643320
643325
643359
643363
643369
643383
643391
643392
643394
643399
643423
643452
643454
643481
643493
643496
643502
643506
643517
643533
643557
643558
643559
643561
643569
643577
643578
643585
643590
643610
643621
643641
643657
643657
643658
643668
643675
643678
643703
643710
643710
643722
643722
643726
643726
643729
643739
643743
643772
643776
643808
643822
643826
643830
643836
643843
643881
643892
643896
643899
643905
643907
643911
643924
643925
643926
643935
643944
643961
643969
643973
644002
644014
644023
644023
644027
644076
644082
644086
644094
644124
644131
644137
644143
644143
644144
644145
644149
644151
644154
644166
644185
644203
644210
644212
644220
644223
644228
644243
644248
644256
644262
644269
644289
644300
644300
644303
644320
644331
644346
644359
644359
644369
644382
644385
644429
644437
644440
644471
644471
644473
644477
644478
644480
644488
644491
644517
644536
644541
644552
644553
644556
644567
644577
644589
644593
644602
644605
644615
644632
644652
644667
644681
644697
644717
644718
644730
644738
644753
644765
644770
644772
644780
644790
644791
644795
644802
644820
644824
644855
644865
644867
644868
644869
644889
644892
644892
644898
644913
644923
644943
644958
644969
644977
644981
644985
644991
644991
644991
645012
645034
645045
645056
645060
645070
645074
645079
645094
645096
645099
645102
645119
645134
645136
645139
645177
645180
645203
645261
645263
645276
645281
645282
645294
645315
645321
645333
645347
645353
645376
645393
645393
645394
645396
645416
645479
645483
645494
645495
645510
645516
645523
645528
645529
645563
645634
645641
645648
645650
645659
645659
645685
645691
645710
645743
645761
645764
645786
645793
645847
645898
645906
645925
645936
645946
645952
645957
645966
645973
645978
645994
645996
645997
646010
646020
646036
646038
646040
646047
646075
646077
646081
646093
646111
646119
646134
646138
646148
646169
646170
646181
646187
646192
646196
646199
646200
646200
646211
646226
646228
646258
646266
646268
646274
646308
646311
646314
646318
646323
646328
646329
646330
646330
646339
646344
646351
646352
646355
646372
646400
646407
646413
646416
646417
646425
646435
646438
646443
646444
646472
646486
646501
646515
646516
646520
646532
646544
646553
646559
646561
646565
646577
646581
646582
646585
646589
646606
646630
646633
646639
646648
646660
646664
646665
646668
646676
646681
646693
646696
646744
646747
646761
646763
646764
646807
646808
646808
646816
646818
646818
646841
646845
646849
646852
646856
646863
646887
646891
646900
646924
646950
646952
646957
646973
646976
647008
647017
647022
647032
647042
647051
647055
647083
647085
647113
647114
647139
647163
647167
647176
647185
647192
647194
647202
647205
647211
647221
647222
647226
647258
647273
647277
647287
647307
647309
647317
647339
647339
647350
647352
647355
647368
647376
647389
647396
647410
647428
647433
647436
647452
647454
647476
647482
647487
647504
647508
647539
647578
647578
647578
647610
647622
647622
647623
647647
647659
647666
647668
647668
647671
647685
647694
647697
647708
647717
647719
647751
647751
647753
647758
647760
647781
647799
647808
647816
647828
647864
647878
647907
647921
647932
647936
647952
647966
647972
647974
647975
647984
647986
647992
648003
648019
648023
648036
648037
648042
648058
648061
648062
648062
648075
648079
648082
648086
648087
648090
648092
648106
648115
648120
648122
648130
648134
648136
648150
648157
648169
648169
648183
648196
648203
648207
648239
648248
648257
648270
648301
648329
648334
648348
648361
648361
648375
648379
648410
648412
648413
648425
648436
648461
648463
648478
648490
648491
648491
648505
648507
648510
648513
648516
648518
648525
648526
648527
648532
648533
648546
648558
648570
648581
648597
648614
648643
648644
648644
648649
648655
648672
648688
648697
648706
648708
648710
648717
648744
648746
648751
648756
648756
648757
648760
648762
648779
648801
648801
648828
648829
648845
648848
648857
648867
648902
648913
648918
648920
648921
648981
648981
648990
648990
648993
648993
648996
649006
649011
649069
649079
649131
649177
649186
649189
649199
649200
649225
649260
649282
649283
649298
649315
649315
649322
649326
649345
649359
649362
649368
649370
649381
649381
649388
649402
649417
649441
649444
649462
649469
649479
649498
649509
649509
649509
649547
649551
649556
649578
649589
649630
649643
649646
649668
649680
649681
649684
649705
649720
649751
649753
649761
649782
649782
649785
649787
649789
649795
649796
649797
649800
649826
649834
649838
649840
649841
649846
649851
649860
649863
649864
649874
649884
649898
649929
649938
649951
649952
649968
649978
650005
650005
650008
650011
650019
650032
650039
650041
650045
650069
650073
650073
650089
650092
650096
650103
650105
650119
650151
650172
650175
650175
650191
650193
650193
650224
650226
650232
650260
650265
650306
650316
650316
650318
650323
650325
650352
650355
650357
650362
650381
650389
650394
650397
650433
650435
650451
650455
650457
650461
650461
650469
650486
650489
650493
650510
650520
650521
650522
650526
650527
650533
650550
650553
650557
650559
650562
650577
650603
650610
650619
650622
650630
650640
650644
650660
650663
650678
650693
650697
650720
650732
650733
650738
650746
650750
650752
650760
650766
650818
650825
650827
650844
650848
650870
650877
650892
650919
650934
650937
650938
650939
650946
650965
650968
650970
650970
650987
650991
651006
651008
651034
651037
651040
651052
651066
651085
651093
651110
651115
651134
651138
651147
651156
651186
651188
651189
651215
651216
651225
651238
651258
651273
651299
651300
651349
651352
651378
651407
651409
651411
651413
651417
651418
651423
651431
651444
651446
651447
651447
651460
651492
651494
651504
651505
651517
651522
651535
651536
651549
651575
651576
651593
651593
651596
651606
651614
651619
651622
651649
651656
651665
651679
651681
651682
651687
651697
651705
651711
651713
651735
651737
651737
651743
651771
651780
651785
651786
651792
651819
651829
651843
651848
651856
651866
651867
651886
651895
651902
651903
651923
651924
651949
651961
651964
651977
651978
651980
651994
652014
652018
652019
652024
652028
652030
652036
652041
652060
652065
652066
652072
652075
652083
652093
652095
652096
652113
652126
652140
652147
652148
652157
652164
652167
652205
652206
652262
652296
652304
652321
652337
652342
652344
652354
652373
652377
652388
652392
652401
652408
652416
652416
652423
652437
652458
652470
652472
652473
652489
652491
652508
652514
652525
652527
652528
652530
652540
652550
652552
652559
652600
652605
652605
652607
652619
652620
652632
652665
652698
652699
652702
652703
652703
652718
652726
652727
652731
652732
652749
652756
652762
652763
652823
652842
652867
652869
652872
652886
652890
652890
652892
652903
652904
652906
652914
652917
652951
652951
652953
652956
652963
652968
652977
652979
652981
652985
653039
653039
653045
653056
653073
653079
653091
653100
653104
653110
653126
653133
653134
653156
653157
653172
653176
653177
653192
653199
653238
653255
653257
653261
653262
653278
653291
653292
653302
653311
653317
653319
653325
653332
653338
653342
653346
653356
653360
653369
653392
653400
653423
653428
653443
653447
653454
653466
653490
653515
653517
653528
653544
653545
653545
653552
653552
653556
653557
653569
653570
653590
653603
653623
653625
653658
653662
653671
653678
653684
653712
653712
653722
653730
653734
653738
653795
653805
653806
653809
653811
653818
653824
653824
653835
653867
653872
653904
653905
653911
653917
653928
653948
653954
653966
653971
653980
653981
653991
654000
654029
654034
654035
654038
654050
654072
654074
654100
654147
654171
654185
654192
654206
654209
654220
654222
654256
654265
654271
654325
654355
654359
654360
654376
654390
654397
654407
654410
654414
654419
654429
654442
654444
654446
654450
654450
654469
654471
654481
654504
654506
654508
654508
654535
654536
654542
654606
654608
654613
654628
654637
654685
654692
654693
654717
654735
654746
654761
654780
654799
654806
654810
654814
654815
654819
654834
654836
654840
654847
654847
654853
654886
654888
654917
654937
654944
654949
654965
654973
654973
654980
654988
654992
655000
655017
655029
655033
655081
655111
655118
655119
655121
655133
655140
655144
655155
655163
655171
655190
655191
655194
655202
655218
655226
655235
655236
655248
655254
655279
655313
655327
655367
655381
655390
655414
655414
655417
655421
655428
655433
655445
655448
655451
655458
655468
655497
655500
655506
655508
655525
655525
655547
655551
655555
655562
655564
655565
655585
655591
655593
655599
655622
655622
655639
655641
655651
655662
655663
655679
655709
655712
655717
655721
655738
655753
655771
655784
655789
655799
655812
655821
655840
655846
655850
655857
655863
655871
655874
655891
655893
655902
655908
655913
655922
655924
655927
655931
655940
655944
655982
656010
656023
656047
656054
656079
656081
656081
656082
656096
656103
656122
656125
656138
656141
656152
656156
656176
656182
656196
656197
656202
656212
656224
656224
656229
656230
656242
656243
656262
656277
656292
656297
656299
656309
656323
656338
656342
656376
656384
656385
656390
656397
656398
656416
656447
656452
656463
656467
656468
656475
656479
656480
656490
656493
656494
656498
656503
656511
656518
656533
656536
656555
656560
656560
656565
656580
656588
656588
656607
656653
656654
656671
656696
656712
656745
656757
656765
656766
656768
656770
656772
656784
656784
656796
656797
656825
656842
656850
656857
656866
656876
656879
656880
656886
656901
656912
656917
656929
656935
656944
656961
656967
656971
656983
656989
657001
657003
657014
657039
657052
657057
657069
657082
657113
657117
657117
657130
657145
657153
657166
657167
657171
657186
657189
657189
657190
657194
657197
657220
657224
657226
657240
657248
657249
657251
657261
657294
657295
657298
657315
657316
657321
657323
657347
657351
657356
657359
657368
657377
657400
657438
657447
657452
657452
657468
657468
657479
657518
657519
657533
657537
657557
657560
657562
657606
657620
657629
657630
657632
657665
657667
657701
657710
657716
657729
657749
657750
657754
657756
657762
657769
657785
657804
657817
657826
657839
657846
657852
657857
657874
657877
657890
657907
657919
657925
657929
657942
657964
658005
658020
658025
658048
658053
658061
658063
658065
658076
658105
658117
658125
658133
658136
658149
658156
658174
658179
658184
658185
658197
658201
658218
658219
658228
658239
658243
658253
658256
658270
658282
658283
658310
658319
658324
658353
658355
658357
658369
658392
658403
658412
658424
658430
658439
658440
658450
658466
658499
658505
658538
658558
658561
658580
658589
658590
658596
658601
658608
658608
658638
658638
658645
658651
658653
658662
658685
658687
658701
658714
658726
658727
658730
658746
658764
658770
658772
658779
658784
658786
658793
658802
658813
658830
658847
658853
658870
658871
658882
658892
658893
658905
658917
658928
658928
658943
658956
658969
659009
659015
659021
659022
659025
659036
659039
659041
659053
659059
659068
659077
659079
659086
659094
659107
659114
659115
659119
659135
659146
659150
659175
659185
659211
659254
659258
659276
659293
659296
659328
659349
659358
659364
659372
659373
659378
659381
659394
659406
659408
659422
659423
659433
659438
659439
659439
659444
659452
659453
659481
659497
659500
659504
659508
659522
659549
659559
659577
659587
659600
659628
659632
659648
659673
659697
659705
659712
659717
659724
659728
659734
659737
659740
659747
659752
659755
659760
659821
659824
659839
659851
659851
659864
659869
659880
659881
659885
659892
659906
659928
659929
659941
659946
659952
659970
660002
660003
660070
660080
660090
660113
660117
660118
660122
660139
660139
660140
660148
660170
660176
660177
660185
660188
660194
660195
660213
660222
660231
660236
660237
660276
660291
660297
660301
660320
660327
660333
660341
660347
660373
660375
660379
660382
660383
660399
660409
660411
660411
660418
660422
660423
660427
660432
660436
660442
660464
660492
660519
660547
660553
660557
660569
660587
660588
660606
660606
660632
660633
660657
660678
660686
660690
660694
660701
660711
660720
660722
660741
660742
660754
660759
660760
660764
660780
660782
660799
660800
660808
660825
660831
660842
660851
660853
660858
660865
660865
660870
660876
660879
660893
660894
660895
660896
660897
660901
660928
660945
660974
660987
660991
660995
660998
661002
661017
661066
661079
661081
661109
661110
661112
661113
661114
661124
661126
661130
661147
661154
661196
661204
661208
661217
661218
661218
661228
661233
661243
661296
661298
661300
661310
661311
661315
661325
661325
661329
661329
661341
661356
661359
661371
661375
661383
661387
661396
661407
661413
661420
661453
661455
661485
661501
661508
661509
661519
661524
661526
661531
661535
661536
661547
661555
661564
661585
661598
661614
661614
661615
661628
661635
661660
661660
661673
661702
661707
661709
661717
661718
661724
661737
661742
661767
661780
661817
661846
661854
661855
661861
661876
661881
661893
661902
661921
661924
661933
661937
661942
661957
661963
661979
661982
661983
661985
661991
661993
662016
662022
662028
662038
662048
662051
662053
662080
662080
662085
662096
662105
662106
662120
662141
662173
662174
662184
662186
662188
662201
662210
662212
662215
662216
662224
662225
662232
662233
662233
662255
662285
662286
662295
662328
662330
662332
662335
662335
662347
662355
662355
662382
662414
662432
662433
662433
662436
662445
662446
662448
662451
662455
662458
662473
662479
662503
662505
662507
662509
662512
662514
662533
662534
662538
662541
662547
662558
662567
662576
662608
662629
662629
662640
662646
662649
662685
662705
662710
662711
662723
662752
662753
662768
662775
662803
662808
662818
662824
662831
662838
662841
662882
662890
662892
662904
662922
662955
662955
662961
662970
662971
662987
662994
662996
662998
663021
663061
663064
663067
663096
663097
663117
663120
663140
663147
663172
663208
663239
663247
663251
663265
663265
663274
663278
663278
663293
663300
663301
663303
663312
663315
663317
663317
663320
663320
663340
663340
663351
663377
663397
663399
663415
663423
663438
663440
663445
663446
663447
663454
663474
663490
663491
663499
663520
663529
663542
663550
663559
663562
663569
663644
663645
663662
663674
663678
663681
663690
663698
663725
663732
663740
663762
663773
663779
663792
663818
663824
663850
663853
663861
663861
663862
663909
663920
663926
663929
663948
663952
663961
663969
663980
663981
663997
664002
664013
664019
664025
664033
664033
664038
664061
664075
664081
664094
664110
664123
664125
664131
664135
664143
664145
664146
664158
664162
664168
664168
664174
664179
664214
664216
664221
664240
664248
664268
664300
664314
664315
664322
664325
664343
664369
664372
664383
664399
664401
664410
664417
664421
664450
664456
664459
664494
664502
664517
664520
664527
664546
664554
664577
664602
664611
664614
664639
664648
664652
664654
664654
664654
664667
664686
664687
664705
664706
664707
664710
664715
664735
664745
664758
664760
664760
664769
664780
664813
664816
664818
664822
664853
664865
664877
664907
664925
664934
664950
664951
664959
664961
664964
664974
664981
664993
665003
665015
665018
665023
665038
665042
665047
665048
665063
665066
665109
665111
665126
665127
665142
665142
665150
665171
665185
665190
665192
665238
665240
665244
665244
665252
665260
665266
665268
665277
665282
665283
665287
665295
665315
665325
665337
665349
665356
665364
665367
665377
665377
665378
665402
665414
665420
665420
665432
665472
665492
665497
665498
665521
665538
665546
665554
665555
665556
665559
665567
665573
665576
665578
665588
665614
665621
665630
665635
665638
665645
665648
665656
665686
665695
665719
665726
665757
665757
665774
665792
665797
665802
665809
665815
665820
665832
665876
665887
665895
665896
665896
665913
665914
665969
665976
665989
665989
665991
665997
666005
666005
666049
666067
666079
666086
666098
666130
666155
666160
666166
666190
666193
666214
666221
666223
666244
666259
666259
666263
666279
666295
666307
666314
666328
666331
666332
666343
666350
666350
666355
666357
666363
666374
666379
666420
666429
666431
666436
666444
666461
666467
666468
666474
666475
666475
666475
666519
666543
666560
666561
666577
666614
666620
666630
666632
666632
666633
666634
666642
666676
666682
666699
666709
666748
666764
666781
666785
666790
666830
666835
666835
666857
666858
666858
666865
666903
666910
666910
666917
666927
666939
666946
666949
666983
666986
666987
666987
666988
666991
666991
667001
667006
667014
667020
667021
667023
667023
667026
667043
667050
667084
667097
667098
667103
667106
667125
667135
667136
667140
667177
667180
667186
667196
667202
667211
667234
667243
667251
667274
667297
667300
667312
667312
667322
667345
667363
667366
667367
667372
667388
667395
667408
667415
667434
667454
667455
667457
667458
667481
667507
667514
667515
667521
667526
667527
667533
667537
667551
667560
667562
667565
667565
667583
667583
667589
667595
667597
667604
667607
667620
667635
667636
667636
667642
667643
667645
667653
667661
667665
667700
667710
667725
667730
667731
667738
667743
667753
667774
667777
667779
667788
667791
667797
667817
667848
667863
667867
667873
667876
667879
667895
667903
667904
667918
667926
667942
667947
667974
667978
667982
667983
667990
668006
668007
668010
668017
668042
668047
668053
668061
668070
668070
668086
668095
668111
668118
668125
668127
668129
668148
668170
668176
668184
668200
668200
668200
668206
668217
668221
668222
668226
668229
668230
668231
668236
668244
668246
668247
668252
668265
668272
668273
668281
668282
668285
668308
668316
668324
668348
668349
668355
668364
668364
668373
668373
668374
668378
668379
668392
668410
668415
668416
668430
668441
668442
668443
668462
668470
668506
668508
668515
668536
668544
668572
668588
668605
668613
668624
668628
668629
668631
668642
668646
668658
668677
668683
668693
668693
668712
668729
668748
668758
668763
668791
668795
668804
668824
668826
668842
668843
668859
668863
668866
668889
668907
668908
668911
668931
668936
668953
668975
668983
669000
669002
669012
669014
669022
669029
669048
669058
669075
669076
669088
669089
669092
669123
669155
669165
669182
669191
669196
669199
669203
669227
669239
669243
669244
669246
669261
669284
669313
669313
669324
669325
669331
669348
669357
669360
669375
669380
669391
669393
669396
669427
669428
669429
669431
669469
669490
669508
669517
669529
669529
669538
669556
669564
669598
669611
669631
669633
669634
669634
669641
669646
669652
669654
669666
669686
669688
669701
669722
669726
669743
669749
669753
669757
669762
669762
669774
669778
669787
669791
669799
669807
669807
669808
669825
669825
669831
669836
669858
669862
669871
669876
669884
669887
669896
669904
669925
669968
669999
670012
670033
670039
670049
670064
670066
670072
670092
670113
670114
670127
670129
670130
670139
670141
670156
670166
670175
670179
670192
670196
670196
670201
670205
670206
670238
670240
670243
670248
670254
670258
670258
670261
670270
670279
670279
670280
670282
670287
670305
670325
670341
670345
670347
670348
670348
670357
670359
670364
670367
670380
670386
670388
670389
670390
670392
670398
670400
670405
670423
670427
670432
670433
670444
670454
670476
670487
670489
670496
670504
670513
670515
670517
670522
670524
670533
670545
670589
670593
670607
670632
670636
670638
670654
670658
670669
670669
670670
670671
670673
670677
670678
670680
670684
670688
670703
670713
670726
670737
670749
670752
670759
670766
670776
670780
670783
670785
670787
670798
670805
670820
670824
670824
670825
670831
670850
670850
670851
670855
670881
670883
670890
670900
670904
670913
670920
670929
670936
670946
670954
670956
670979
671000
671006
671015
671022
671036
671040
671076
671079
671085
671118
671119
671143
671148
671148
671170
671175
671183
671214
671217
671218
671221
671233
671238
671240
671245
671248
671252
671255
671274
671285
671290
671293
671301
671314
671329
671331
671336
671338
671355
671358
671374
671387
671387
671389
671390
671419
671428
671436
671436
671437
671444
671452
671456
671462
671465
671483
671487
671489
671490
671491
671521
671527
671528
671528
671530
671534
671538
671539
671559
671563
671567
671594
671613
671616
671623
671649
671656
671668
671676
671684
671686
671695
671715
671716
671729
671739
671746
671752
671773
671778
671779
671784
671790
671811
671821
671836
671836
671857
671857
671861
671864
671878
671882
671889
671891
671897
671903
671906
671951
671979
671979
671985
671986
672043
672079
672102
672105
672115
672116
672129
672146
672152
672153
672175
672178
672191
672219
672221
672229
672254
672269
672270
672270
672279
672283
672303
672313
672318
672340
672345
672347
672368
672378
672379
672390
672392
672408
672408
672431
672460
672471
672493
672501
672501
672519
672527
672535
672541
672541
672544
672548
672562
672571
672571
672573
672610
672626
672642
672658
672692
672715
672718
672737
672755
672763
672773
672789
672792
672796
672821
672821
672831
672848
672858
672864
672877
672879
672906
672933
672960
672977
672979
672997
673020
673020
673027
673047
673048
673052
673075
673080
673086
673092
673118
673119
673127
673136
673167
673171
673173
673182
673186
673190
673194
673197
673212
673222
673235
673255
673259
673261
673261
673275
673296
673307
673308
673311
673328
673333
673336
673344
673348
673355
673355
673366
673393
673408
673419
673445
673450
673475
673483
673486
673493
673496
673497
673512
673519
673522
673523
673531
673537
673539
673586
673592
673624
673640
673658
673669
673677
673678
673701
673710
673711
673711
673721
673733
673776
673776
673780
673842
673846
673849
673851
673852
673856
673857
673859
673862
673873
673880
673917
673933
673937
673949
673963
673987
673991
674031
674044
674045
674068
674069
674071
674073
674085
674092
674093
674093
674101
674103
674117
674130
674137
674144
674146
674169
674180
674181
674182
674194
674227
674248
674284
674288
674289
674297
674299
674321
674326
674331
674334
674348
674348
674352
674364
674374
674379
674387
674388
674408
674409
674424
674426
674442
674445
674458
674473
674473
674485
674491
674497
674499
674542
674543
674546
674559
674566
674574
674591
674602
674626
674635
674659
674660
674671
674675
674676
674679
674684
674686
674692
674703
674727
674728
674728
674751
674754
674757
674775
674778
674778
674784
674803
674813
674815
674820
674825
674832
674845
674847
674871
674876
674877
674893
674894
674901
674906
674924
674949
674978
674987
674991
674997
674998
675005
675007
675009
675010
675013
675023
675030
675039
675052
675053
675066
675068
675070
675072
675092
675092
675106
675115
675118
675124
675130
675139
675178
675216
675228
675229
675239
675264
675265
675272
675273
675274
675281
675287
675310
675320
675347
675349
675349
675359
675368
675374
675412
675435
675441
675447
675458
675461
675476
675479
675485
675493
675514
675516
675527
675531
675547
675564
675565
675573
675575
675583
675584
675635
675656
675660
675661
675682
675703
675704
675704
675704
675723
675728
675728
675737
675742
675749
675758
675767
675776
675819
675827
675831
675838
675842
675844
675846
675849
675865
675870
675891
675934
675955
675968
675975
675990
675994
676005
676034
676038
676042
676043
676044
676051
676063
676064
676073
676081
676089
676103
676108
676128
676142
676145
676160
676199
676208
676209
676221
676231
676235
676245
676257
676262
676283
676305
676312
676312
676315
676318
676318
676323
676327
676328
676333
676340
676342
676348
676367
676392
676405
676411
676427
676429
676441
676458
676463
676466
676469
676501
676503
676506
676511
676512
676521
676523
676524
676560
676565
676565
676570
676572
676573
676581
676599
676613
676613
676616
676629
676637
676651
676657
676659
676663
676669
676680
676682
676698
676702
676709
676717
676741
676742
676747
676748
676758
676767
676775
676795
676796
676803
676808
676812
676812
676813
676826
676827
676830
676838
676845
676866
676879
676879
676901
676910
676924
676929
676929
676963
676963
676992
677015
677023
677054
677079
677079
677132
677146
677147
677151
677157
677162
677169
677193
677195
677199
677231
677240
677243
677265
677282
677283
677285
677285
677289
677297
677298
677301
677305
677317
677330
677331
677334
677348
677357
677358
677400
677404
677471
677472
677491
677495
677495
677500
677517
677538
677540
677540
677551
677552
677554
677559
677579
677590
677608
677617
677621
677634
677653
677655
677673
677675
677676
677677
677692
677696
677736
677756
677766
677794
677796
677798
677799
677800
677802
677815
677821
677827
677839
677845
677867
677874
677876
677877
677878
677878
677882
677894
677895
677900
677904
677908
677909
677911
677917
677927
677929
677946
677957
677965
677996
677999
678001
678021
678051
678076
678078
678085
678106
678109
678114
678136
678138
678140
678142
678155
678166
678168
678173
678196
678202
678215
678218
678223
678238
678249
678254
678255
678258
678265
678275
678283
678285
678287
678293
678301
678311
678313
678319
678334
678342
678348
678389
678403
678417
678435
678450
678456
678486
678494
678494
678500
678501
678505
678506
678552
678558
678562
678581
678587
678590
678592
678594
678605
678630
678631
678646
678651
678652
678685
678691
678709
678713
678723
678724
678747
678747
678751
678760
678760
678780
678806
678808
678810
678818
678821
678823
678837
678849
678850
678853
678859
678863
678873
678892
678902
678909
678915
678921
678938
678940
678956
678979
678986
678988
678989
679003
679042
679043
679050
679055
679065
679079
679094
679096
679117
679117
679128
679129
679130
679135
679139
679160
679169
679181
679200
679200
679200
679203
679213
679215
679252
679253
679272
679293
679297
679303
679316
679317
679325
679359
679390
679398
679405
679421
679427
679439
679442
679454
679459
679461
679462
679462
679470
679497
679508
679509
679522
679533
679538
679541
679557
679561
679561
679565
679577
679585
679593
679594
679595
679599
679656
679657
679697
679703
679709
679710
679711
679714
679718
679725
679732
679740
679760
679763
679768
679768
679780
679783
679792
679797
679808
679813
679837
679845
679861
679861
679862
679864
679872
679885
679885
679888
679907
679910
679911
679945
679949
679963
679972
679993
679997
680010
680039
680064
680071
680078
680086
680091
680098
680128
680146
680161
680164
680166
680168
680183
680185
680218
680227
680258
680259
680263
680271
680278
680285
680310
680326
680327
680335
680342
680344
680347
680364
680373
680375
680378
680397
680414
680429
680434
680450
680456
680464
680476
680481
680481
680490
680497
680500
680523
680528
680543
680547
680553
680569
680573
680591
680605
680620
680629
680634
680636
680641
680643
680649
680651
680655
680668
680669
680674
680679
680682
680699
680701
680725
680725
680734
680746
680767
680777
680783
680803
680819
680820
680830
680837
680845
680850
680856
680868
680894
680897
680910
680920
680949
680965
680979
680980
680994
680996
681005
681005
681024
681032
681038
681069
681084
681138
681148
681165
681170
681196
681199
681202
681209
681229
681230
681231
681236
681256
681259
681273
681279
681303
681307
681309
681333
681346
681362
681381
681389
681399
681446
681464
681464
681491
681493
681494
681530
681537
681546
681553
681568
681575
681593
681593
681597
681633
681647
681667
681682
681701
681708
681714
681724
681726
681745
681776
681778
681786
681801
681805
681808
681808
681822
681830
681830
681845
681852
681856
681871
681877
681888
681894
681901
681914
681924
681925
681942
681946
681965
681968
681971
681991
682004
682017
682043
682052
682070
682081
682088
682088
682134
682141
682141
682144
682159
682174
682188
682189
682194
682195
682201
682215
682217
682219
682231
682232
682234
682239
682242
682266
682272
682272
682285
682299
682302
682303
682325
682348
682356
682358
682360
682377
682391
682392
682402
682425
682425
682428
682448
682450
682459
682471
682472
682475
682507
682509
682526
682527
682545
682581
682587
682588
682598
682604
682624
682633
682637
682655
682656
682661
682676
682695
682696
682705
682718
682719
682733
682736
682755
682760
682760
682760
682767
682786
682791
682800
682802
682803
682822
682837
682850
682857
682866
682880
682895
682899
682904
682905
682919
682933
682949
682954
682967
682970
682970
682972
682984
682985
682996
682998
683003
683016
683017
683039
683040
683049
683049
683067
683078
683080
683080
683087
683087
683089
683106
683106
683111
683112
683115
683127
683144
683144
683165
683166
683169
683188
683202
683226
683226
683227
683245
683257
683259
683271
683274
683292
683306
683355
683355
683360
683364
683366
683369
683377
683380
683384
683395
683396
683404
683420
683420
683423
683430
683434
683438
683450
683456
683459
683486
683491
683502
683521
683523
683529
683534
683547
683561
683563
683565
683568
683576
683587
683596
683597
683602
683626
683627
683628
683632
683658
683662
683666
683668
683671
683677
683690
683706
683710
683732
683755
683781
683800
683820
683832
683841
683845
683848
683860
683868
683881
683897
683907
683910
683921
683949
683974
683992
684009
684013
684060
684073
684086
684096
684113
684122
684129
684130
684137
684141
684144
684146
684151
684154
684160
684162
684170
684178
684183
684191
684199
684206
684208
684211
684215
684217
684219
684240
684253
684274
684278
684281
684284
684285
684291
684297
684301
684311
684325
684333
684345
684359
684377
684394
684410
684425
684428
684450
684456
684461
684518
684565
684575
684579
684586
684593
684594
684603
684604
684605
684608
684619
684621
684639
684639
684665
684669
684678
684680
684686
684686
684686
684751
684752
684767
684782
684787
684802
684812
684824
684830
684832
684836
684838
684844
684849
684860
684868
684901
684922
684925
684929
684930
684954
684979
684979
684985
684990
685022
685024
685030
685031
685044
685049
685053
685064
685066
685074
685077
685088
685089
685091
685110
685114
685122
685131
685140
685158
685161
685169
685182
685182
685187
685191
685211
685216
685272
685274
685288
685295
685298
685304
685309
685323
685335
685341
685342
685342
685349
685351
685383
685391
685405
685430
685435
685466
685478
685482
685498
685503
685513
685528
685529
685556
685568
685573
685573
685583
685593
685608
685609
685612
685612
685620
685631
685638
685642
685645
685660
685684
685693
685718
685719
685725
685763
685773
685778
685782
685795
685797
685813
685813
685818
685825
685829
685846
685854
685862
685864
685871
685889
685899
685909
685915
685916
685918
685925
685962
685965
685966
685968
685972
685988
685999
686009
686010
686015
686036
686043
686050
686101
686113
686123
686129
686139
686167
686171
686200
686206
686229
686231
686238
686253
686253
686295
686297
686299
686346
686360
686366
686374
686392
686393
686412
686416
686437
686443
686446
686458
686461
686463
686468
686470
686474
686513
686516
686527
686529
686531
686532
686538
686561
686565
686568
686593
686614
686616
686621
686623
686626
686629
686633
686637
686639
686642
686669
686673
686680
686681
686683
686697
686709
686715
686715
686721
686723
686741
686757
686767
686769
686779
686815
686819
686828
686830
686845
686848
686872
686892
686894
686906
686909
686916
686924
686933
686956
686961
686977
686979
686982
686983
686987
686988
686992
686992
686996
687022
687035
687057
687083
687093
687102
687107
687115
687123
687136
687156
687174
687179
687180
687181
687193
687195
687201
687221
687223
687224
687225
687233
687252
687280
687298
687318
687338
687345
687347
687347
687347
687367
687377
687397
687407
687414
687421
687427
687434
687454
687466
687469
687474
687478
687507
687511
687511
687522
687550
687601
687634
687639
687642
687658
687659
687660
687667
687667
687674
687679
687701
687719
687737
687740
687744
687753
687790
687797
687798
687806
687811
687812
687838
687839
687839
687854
687864
687873
687884
687889
687918
687928
687967
687983
687984
687984
687986
688026
688032
688075
688078
688084
688101
688107
688109
688113
688115
688120
688128
688130
688131
688152
688183
688201
688201
688213
688217
688218
688250
688274
688280
688280
688307
688322
688323
688327
688342
688350
688358
688360
688386
688392
688397
688401
688403
688408
688417
688420
688427
688454
688455
688478
688484
688490
688496
688503
688530
688533
688543
688550
688570
688585
688587
688588
688597
688603
688632
688647
688678
688693
688702
688708
688709
688740
688768
688786
688796
688798
688805
688832
688859
688876
688884
688887
688904
688931
688967
688976
688985
689018
689020
689045
689065
689066
689107
689115
689138
689156
689167
689169
689172
689181
689187
689191
689194
689197
689205
689210
689219
689241
689243
689253
689253
689256
689264
689275
689284
689289
689303
689315
689338
689339
689385
689409
689410
689426
689431
689457
689466
689466
689474
689477
689513
689521
689526
689530
689532
689534
689534
689542
689566
689568
689604
689611
689635
689642
689648
689656
689656
689668
689683
689692
689692
689706
689715
689716
689722
689728
689738
689755
689757
689758
689779
689782
689795
689810
689815
689849
689894
689898
689915
689927
689957
689973
690006
690011
690037
690067
690078
690089
690101
690124
690133
690134
690156
690176
690184
690189
690231
690237
690237
690241
690250
690278
690281
690289
690291
690303
690304
690304
690304
690340
690369
690378
690400
690402
690404
690419
690426
690433
690441
690452
690467
690473
690475
690482
690492
690495
690533
690551
690573
690576
690592
690607
690607
690612
690613
690619
690621
690627
690633
690639
690652
690653
690656
690682
690696
690701
690728
690741
690743
690759
690760
690790
690808
690814
690827
690829
690832
690837
690843
690852
690853
690862
690885
690889
690892
690893
690906
690911
690925
690928
690935
690935
690939
690962
690978
691002
691006
691008
691012
691027
691030
691034
691038
691041
691051
691061
691062
691093
691107
691128
691134
691155
691156
691166
691176
691196
691204
691204
691216
691221
691229
691232
691237
691249
691250
691258
691264
691272
691274
691277
691280
691283
691293
691294
691322
691329
691331
691338
691340
691343
691371
691395
691398
691425
691426
691428
691461
691470
691473
691478
691526
691528
691532
691536
691541
691555
691558
691564
691565
691574
691606
691608
691614
691615
691621
691626
691631
691678
691696
691701
691716
691722
691729
691742
691745
691764
691787
691791
691791
691803
691818
691821
691823
691823
691860
691864
691875
691875
691893
691897
691898
691911
691921
691954
691969
691986
691989
691994
691999
692020
692033
692037
692058
692064
692071
692083
692108
692130
692141
692141
692147
692148
692187
692202
692207
692215
692227
692239
692297
692307
692320
692333
692346
692385
692388
692388
692393
692403
692407
692412
692412
692418
692433
692438
692443
692445
692450
692452
692457
692457
692489
692513
692514
692528
692529
692548
692550
692556
692560
692568
692575
692585
692587
692599
692603
692617
692650
692657
692672
692679
692692
692696
692702
692702
692705
692712
692715
692716
692721
692731
692733
692734
692744
692745
692748
692750
692752
692755
692762
692771
692776
692779
692837
692847
692882
692895
692915
692925
692928
692944
692950
692951
692957
692959
692974
692979
692984
692990
693002
693007
693020
693023
693024
693025
693032
693042
693069
693083
693093
693094
693103
693109
693113
693115
693117
693122
693145
693153
693158
693165
693168
693181
693196
693212
693224
693225
693235
693240
693246
693248
693261
693284
693309
693312
693319
693331
693337
693342
693360
693363
693373
693418
693424
693430
693432
693433
693440
693445
693472
693483
693486
693488
693492
693497
693511
693513
693548
693567
693576
693584
693608
693621
693622
693646
693652
693661
693669
693703
693708
693715
693740
693742
693743
693750
693759
693772
693788
693790
693791
693796
693799
693807
693812
693825
693842
693849
693853
693854
693860
693862
693882
693912
693916
693916
693918
693940
693941
693955
693963
693973
693977
693993
694007
694016
694017
694019
694046
694071
694074
694082
694121
694153
694158
694168
694202
694209
694229
694232
694238
694244
694293
694305
694308
694312
694319
694327
694332
694356
694359
694359
694366
694393
694429
694444
694448
694453
694464
694496
694526
694528
694544
694548
694549
694562
694567
694569
694581
694618
694623
694672
694686
694702
694711
694717
694725
694736
694737
694741
694746
694751
694754
694755
694755
694759
694764
694783
694789
694789
694794
694796
694798
694806
694821
694826
694835
694836
694853
694855
694868
694868
694874
694876
694877
694879
694880
694882
694884
694899
694908
694917
694925
694929
694934
694952
694955
694967
694976
694980
694980
694992
694995
695000
695001
695014
695042
695044
695056
695057
695062
695078
695090
695111
695156
695167
695174
695210
695214
695220
695242
695251
695253
695262
695267
695293
695296
695302
695311
695323
695330
695332
695336
695398
695403
695408
695416
695424
695427
695427
695447
695461
695464
695472
695479
695510
695510
695511
695511
695525
695546
695586
695586
695588
695613
695623
695645
695647
695648
695687
695702
695719
695736
695736
695781
695783
695803
695804
695805
695812
695840
695840
695844
695858
695860
695866
695867
695871
695885
695887
695893
695909
695918
695926
695932
695935
695960
695960
695980
695984
695992
696000
696011
696012
696016
696026
696028
696037
696052
696052
696062
696065
696067
696075
696102
696149
696153
696167
696174
696181
696189
696197
696198
696220
696234
696252
696261
696261
696266
696273
696281
696321
696338
696349
696350
696359
696361
696361
696371
696394
696403
696408
696430
696435
696444
696451
696453
696475
696503
696515
696516
696522
696531
696549
696552
696556
696557
696558
696567
696574
696588
696590
696602
696604
696624
696631
696649
696657
696663
696667
696677
696679
696680
696694
696696
696705
696710
696712
696736
696749
696758
696782
696784
696817
696878
696893
696895
696896
696906
696918
696930
696932
696936
696938
696940
696941
696941
696952
696961
696969
696979
696983
696987
696994
697002
697021
697028
697049
697049
697064
697073
697074
697092
697094
697105
697111
697112
697134
697148
697164
697173
697179
697186
697200
697200
697224
697239
697275
697277
697320
697327
697358
697363
697371
697381
697381
697388
697403
697407
697410
697426
697442
697447
697456
697498
697498
697499
697546
697553
697560
697591
697600
697609
697611
697656
697659
697667
697675
697678
697682
697698
697714
697718
697746
697752
697759
697773
697782
697783
697809
697810
697833
697837
697842
697842
697847
697849
697853
697856
697875
697886
697907
697911
697935
697977
697988
697991
698021
698022
698025
698027
698049
698049
698055
698064
698068
698070
698089
698092
698098
698103
698112
698137
698137
698139
698150
698169
698185
698186
698187
698187
698201
698202
698207
698216
698222
698225
698227
698248
698251
698263
698276
698281
698298
698301
698317
698338
698346
698352
698363
698365
698366
698366
698370
698376
698381
698404
698416
698430
698460
698462
698468
698473
698484
698496
698496
698513
698518
698519
698530
698532
698546
698552
698578
698621
698623
698632
698640
698658
698658
698659
698666
698666
698674
698678
698679
698694
698707
698720
698770
698771
698786
698796
698803
698804
698820
698848
698860
698862
698880
698896
698901
698906
698923
698967
698970
698981
698982
699011
699014
699026
699029
699049
699073
699087
699111
699112
699128
699130
699144
699147
699148
699173
699184
699184
699194
699224
699244
699250
699264
699266
699277
699280
699281
699283
699283
699285
699286
699289
699294
699325
699325
699349
699350
699353
699368
699386
699398
699431
699441
699454
699458
699459
699460
699468
699469
699474
699475
699491
699504
699510
699542
699549
699556
699577
699583
699595
699602
699622
699634
699637
699639
699655
699661
699668
699671
699671
699689
699689
699693
699695
699701
699711
699722
699729
699733
699738
699740
699743
699744
699752
699788
699792
699804
699812
699813
699853
699872
699873
699889
699907
699909
699910
699938
699966
699972
699988
699998
700001
700007
700028
700044
700045
700046
700065
700065
700071
700081
700086
700091
700102
700108
700109
700115
700121
700121
700123
700128
700141
700146
700148
700154
700164
700172
700173
700173
700173
700177
700182
700206
700209
700215
700238
700238
700242
700256
700257
700265
700266
700266
700279
700281
700313
700313
700318
700320
700329
700332
700334
700339
700339
700347
700366
700377
700382
700390
700392
700399
700420
700432
700440
700440
700463
700469
700473
700476
700479
700479
700485
700500
700523
700526
700529
700546
700553
700560
700564
700577
700582
700597
700599
700611
700622
700629
700634
700639
700675
700680
700680
700690
700694
700694
700702
700718
700722
700723
700742
700743
700745
700778
700808
700809
700825
700836
700847
700868
700871
700902
700936
700940
700959
700966
700971
700974
700977
700998
701007
701015
701016
701044
701053
701072
701078
701080
701085
701104
701110
701123
701130
701135
701152
701174
701179
701180
701184
701188
701194
701223
701228
701235
701243
701251
701257
701264
701268
701284
701288
701289
701290
701301
701304
701310
701312
701333
701366
701381
701387
701399
701402
701403
701414
701446
701453
701463
701469
701473
701486
701495
701500
701523
701525
701531
701553
701591
701625
701629
701641
701642
701645
701684
701692
701693
701701
701730
701735
701743
701747
701755
701758
701770
701781
701784
701787
701787
701792
701793
701796
701807
701840
701849
701852
701867
701883
701905
701929
701947
701989
702009
702023
702026
702031
702032
702042
702047
702064
702081
702082
702098
702100
702112
702127
702145
702158
702174
702185
702189
702190
702206
702218
702224
702227
702266
702267
702268
702284
702315
702318
702319
702323
702334
702338
702340
702341
702343
702349
702356
702362
702368
702389
702394
702411
702413
702424
702426
702429
702441
702463
702463
702464
702494
702504
702507
702516
702534
702544
702545
702546
702557
702579
702580
702582
702600
702610
702615
702640
702641
702644
702669
702672
702703
702707
702708
702710
702716
702719
702727
702730
702743
702750
702760
702765
702790
702796
702809
702822
702823
702834
702840
702894
702908
702912
702915
702920
702929
702931
702941
702947
702967
702969
702970
702972
702973
702974
702989
702992
703005
703040
703078
703086
703095
703127
703128
703148
703162
703186
703189
703204
703227
703247
703256
703257
703267
703270
703284
703310
703311
703331
703336
703344
703352
703356
703357
703358
703378
703382
703384
703399
703402
703415
703423
703426
703443
703444
703445
703456
703464
703470
703473
703478
703485
703491
703492
703498
703500
703507
703511
703530
703533
703539
703540
703545
703565
703573
703581
703581
703589
703591
703601
703621
703622
703633
703638
703658
703673
703675
703706
703710
703744
703767
703769
703835
703836
703837
703846
703853
703858
703871
703902
703904
703911
703912
703913
703937
703938
703953
703954
703954
703971
703971
703999
704005
704027
704037
704042
704042
704046
704058
704061
704098
704117
704119
704122
704133
704137
704137
704170
704197
704211
704211
704224
704251
704270
704276
704287
704298
704307
704310
704320
704322
704326
704343
704365
704375
704379
704382
704394
704400
704407
704419
704431
704436
704443
704456
704458
704473
704486
704492
704493
704506
704507
704511
704532
704555
704563
704564
704578
704580
704585
704590
704600
704617
704636
704638
704646
704662
704665
704667
704684
704686
704693
704704
704706
704721
704755
704796
704804
704806
704825
704829
704842
704850
704859
704886
704902
704906
705008
705025
705038
705045
705057
705063
705074
705088
705091
705102
705114
705119
705141
705145
705149
705158
705167
705173
705183
705218
705246
705266
705279
705280
705297
705321
705323
705325
705333
705334
705338
705351
705377
705383
705386
705426
705427
705432
705433
705436
705447
705453
705453
705466
705504
705508
705509
705511
705514
705520
705535
705560
705561
705567
705575
705580
705585
705587
705589
705590
705592
705592
705592
705619
705626
705637
705639
705642
705645
705647
705663
705672
705677
705709
705723
705737
705739
705748
705751
705752
705753
705768
705769
705780
705785
705812
705829
705832
705838
705840
705853
705855
705862
705875
705918
705919
705922
705925
705935
705948
705949
705956
705984
705986
705986
706005
706020
706021
706028
706055
706066
706091
706093
706101
706113
706113
706125
706127
706129
706131
706136
706173
706177
706188
706193
706222
706227
706229
706229
706237
706244
706253
706265
706268
706272
706286
706295
706298
706319
706324
706333
706346
706348
706348
706365
706376
706378
706380
706389
706400
706406
706415
706418
706428
706430
706435
706442
706443
706456
706456
706472
706489
706518
706525
706530
706533
706533
706539
706547
706554
706562
706563
706563
706568
706583
706602
706610
706612
706620
706635
706636
706644
706657
706664
706666
706670
706672
706677
706677
706695
706696
706711
706714
706715
706720
706724
706734
706735
706745
706755
706766
706766
706767
706787
706787
706790
706800
706811
706865
706865
706868
706875
706877
706886
706890
706893
706908
706909
706950
706953
706962
706972
706995
707005
707010
707038
707040
707070
707089
707099
707109
707111
707119
707119
707129
707177
707199
707202
707216
707227
707235
707239
707258
707259
707262
707278
707282
707287
707287
707292
707300
707336
707348
707350
707353
707366
707370
707378
707381
707388
707390
707391
707393
707394
707394
707398
707417
707423
707452
707463
707483
707494
707496
707513
707519
707520
707541
707546
707552
707571
707580
707581
707591
707602
707620
707627
707629
707641
707644
707650
707652
707658
707682
707682
707687
707691
707697
707699
707705
707718
707728
707752
707771
707782
707800
707819
707823
707847
707851
707854
707881
707890
707894
707914
707918
707923
707924
707947
707956
707961
707963
707980
707983
707988
708002
708060
708060
708062
708077
708088
708108
708119
708145
708147
708166
708170
708176
708184
708187
708190
708203
708210
708221
708234
708242
708242
708244
708252
708259
708261
708261
708275
708293
708304
708305
708305
708329
708332
708339
708344
708345
708348
708355
708365
708387
708400
708409
708419
708432
708459
708461
708485
708504
708507
708509
708536
708545
708546
708550
708567
708568
708571
708582
708583
708585
708599
708602
708604
708640
708643
708652
708658
708673
708678
708685
708697
708719
708742
708744
708756
708757
708760
708776
708777
708777
708788
708791
708804
708805
708817
708838
708855
708861
708889
708896
708932
708945
708946
708953
708956
708960
708971
708971
708989
708992
708997
709021
709027
709046
709059
709066
709077
709079
709080
709081
709093
709097
709098
709119
709120
709121
709138
709154
709155
709160
709165
709184
709185
709192
709195
709199
709203
709217
709223
709231
709235
709263
709308
709322
709330
709332
709355
709357
709366
709367
709372
709373
709376
709377
709394
709401
709402
709407
709410
709422
709441
709460
709471
709476
709477
709485
709509
709518
709531
709534
709541
709544
709558
709562
709570
709570
709598
709601
709627
709634
709642
709661
709665
709666
709667
709676
709678
709690
709696
709696
709705
709705
709709
709715
709717
709731
709743
709744
709763
709764
709767
709777
709795
709796
709808
709811
709813
709815
709884
709889
709894
709894
709902
709937
709951
709961
709964
709990
710014
710029
710031
710058
710069
710098
710102
710108
710110
710119
710121
710144
710162
710169
710170
710235
710260
710287
710295
710299
710301
710303
710304
710325
710326
710327
710333
710340
710356
710389
710418
710428
710445
710452
710458
710468
710475
710480
710491
710493
710495
710502
710506
710507
710507
710509
710516
710518
710518
710535
710548
710549
710579
710583
710593
710601
710601
710618
710622
710622
710623
710629
710632
710633
710651
710660
710662
710678
710690
710699
710702
710709
710713
710721
710725
710729
710732
710735
710759
710766
710782
710804
710812
710823
710824
710848
710849
710853
710878
710886
710895
710896
710905
710917
710972
710992
711026
711030
711030
711046
711059
711075
711077
711114
711119
711124
711127
711132
711134
711134
711138
711158
711195
711195
711214
711226
711238
711241
711243
711248
711265
711272
711277
711281
711291
711312
711313
711343
711348
711350
711374
711374
711375
711390
711402
711414
711417
711423
711436
711442
711447
711448
711463
711465
711478
711482
711487
711491
711492
711495
711498
711498
711513
711525
711539
711544
711548
711552
711556
711575
711579
711587
711591
711593
711608
711614
711623
711632
711636
711658
711663
711669
711682
711686
711732
711736
711739
711755
711769
711804
711805
711812
711817
711837
711837
711850
711870
711874
711909
711915
711934
711935
711946
711959
711962
711968
711974
711974
711982
711988
711997
712002
712042
712049
712050
712075
712095
712128
712156
712157
712177
712186
712194
712200
712200
712203
712216
712225
712229
712243
712259
712271
712275
712288
712290
712291
712304
712316
712326
712339
712354
712373
712382
712386
712393
712409
712410
712418
712419
712431
712450
712452
712459
712472
712486
712522
712540
712553
712566
712572
712612
712614
712631
712640
712670
712673
712691
712693
712711
712730
712743
712750
712767
712770
712778
712785
712810
712818
712818
712818
712822
712847
712849
712852
712855
712856
712864
712869
712869
712878
712896
712905
712920
712921
712922
712943
712964
712968
712982
712984
712988
713029
713030
713033
713035
713039
713039
713041
713043
713056
713056
713075
713087
713089
713091
713092
713098
713129
713155
713156
713157
713159
713180
713185
713190
713198
713200
713200
713206
713211
713216
713216
713224
713228
713279
713290
713295
713296
713298
713302
713316
713319
713329
713330
713363
713400
713410
713418
713443
713449
713460
713467
713468
713469
713490
713494
713506
713514
713515
713516
713546
713550
713552
713557
713581
713587
713589
713591
713593
713599
713611
713643
713655
713671
713676
713684
713702
713728
713738
713740
713747
713751
713756
713758
713765
713790
713792
713794
713794
713797
713798
713811
713813
713815
713818
713820
713843
713846
713852
713863
713865
713886
713887
713888
713888
713895
713905
713924
713928
713946
713948
713970
713975
714002
714009
714020
714032
714034
714041
714046
714048
714072
714078
714086
714105
714114
714132
714153
714159
714164
714171
714176
714187
714190
714190
714195
714201
714206
714207
714216
714217
714228
714232
714240
714246
714257
714275
714276
714298
714303
714304
714316
714319
714326
714340
714346
714349
714352
714361
714366
714385
714398
714403
714413
714426
714450
714502
714519
714523
714534
714537
714549
714550
714554
714566
714568
714573
714574
714576
714597
714624
714625
714636
714638
714641
714647
714652
714661
714663
714663
714674
714681
714690
714718
714719
714732
714737
714746
714750
714750
714753
714770
714783
714785
714796
714799
714834
714836
714865
714868
714870
714870
714870
714876
714878
714885
714892
714902
714908
714926
714941
714953
714977
714977
714978
714979
714993
715003
715015
715015
715019
715037
715043
715043
715055
715061
715068
715105
715106
715108
715128
715132
715143
715151
715161
715164
715169
715172
715176
715179
715185
715187
715188
715191
715211
715216
715240
715247
715267
715286
715293
715324
715325
715328
715332
715357
715357
715359
715381
715392
715415
715417
715418
715429
715434
715448
715461
715466
715480
715494
715509
715521
715543
715554
715588
715591
715592
715605
715617
715625
715636
715644
715646
715656
715669
715676
715685
715692
715706
715718
715719
715722
715730
715735
715749
715774
715774
715783
715785
715796
715829
715837
715838
715852
715852
715865
715870
715874
715895
715895
715904
715909
715916
715926
715930
715947
715968
715972
715977
715978
715993
716001
716002
716003
716021
716036
716046
716052
716056
716083
716095
716095
716096
716097
716101
716105
716113
716124
716126
716147
716174
716177
716197
716202
716251
716252
716254
716254
716258
716270
716285
716290
716294
716313
716315
716334
716334
716353
716370
716374
716394
716432
716433
716449
716463
716482
716484
716515
716521
716523
716526
716531
716531
716535
716535
716552
716554
716570
716589
716601
716603
716610
716623
716631
716632
716641
716642
716650
716669
716680
716681
716685
716697
716698
716703
716710
716723
716740
716746
716750
716756
716763
716767
716772
716784
716788
716801
716802
716804
716806
716828
716832
716832
716844
716845
716851
716870
716890
716898
716913
716917
716934
716940
716949
716953
716964
716967
716969
716976
716989
717003
717005
717008
717010
717052
717069
717074
717087
717088
717100
717109
717109
717144
717149
717152
717167
717189
717192
717210
717214
717223
717233
717259
717262
717264
717267
717268
717269
717272
717275
717295
717332
717338
717353
717354
717357
717358
717367
717372
717374
717382
717387
717425
717440
717453
717455
717455
717467
717467
717533
717547
717547
717550
717557
717557
717560
717615
717618
717620
717650
717654
717656
717670
717671
717700
717719
717722
717726
717747
717768
717801
717807
717808
717815
717817
717832
717833
717855
717865
717893
717903
717907
717911
717917
717921
717933
717942
717947
717962
718002
718006
718010
718030
718035
718037
718058
718070
718108
718120
718140
718142
718144
718152
718169
718172
718172
718175
718186
718190
718195
718211
718212
718215
718218
718220
718222
718232
718233
718238
718244
718256
718260
718264
718267
718279
718293
718295
718296
718303
718321
718329
718336
718339
718340
718341
718361
718401
718405
718406
718413
718415
718423
718436
718444
718451
718466
718485
718486
718496
718501
718516
718522
718551
718568
718581
718584
718592
718593
718599
718612
718614
718615
718626
718646
718646
718663
718676
718680
718681
718688
718688
718700
718705
718711
718715
718727
718734
718737
718738
718739
718750
718754
718767
718772
718802
718808
718809
718826
718841
718842
718845
718860
718869
718869
718876
718880
718887
718888
718888
718889
718906
718932
718936
718963
718970
718983
718996
719030
719033
719068
719070
719077
719082
719098
719101
719102
719107
719143
719145
719146
719185
719193
719203
719224
719230
719231
719244
719248
719256
719279
719285
719289
719358
719367
719398
719400
719405
719424
719432
719445
719477
719504
719505
719514
719546
719551
719557
719560
719582
719585
719586
719611
719620
719629
719632
719635
719643
719651
719661
719663
719690
719690
719690
719729
719735
719746
719756
719760
719760
719763
719782
719786
719787
719795
719802
719803
719807
719825
719832
719873
719873
719880
719881
719884
719903
719910
719910
719911
719915
719916
719934
719945
719949
719952
719962
719972
720021
720034
720048
720051
720072
720082
720088
720130
720133
720134
720174
720185
720187
720189
720191
720195
720201
720217
720221
720234
720240
720252
720255
720276
720277
720280
720289
720290
720291
720292
720294
720301
720306
720319
720319
720320
720321
720339
720339
720380
720387
720415
720433
720445
720454
720476
720499
720501
720517
720523
720524
720532
720549
720562
720577
720580
720582
720584
720592
720606
720637
720651
720660
720688
720746
720746
720756
720756
720757
720763
720773
720783
720783
720795
720805
720806
720814
720817
720818
720825
720832
720833
720835
720839
720840
720843
720848
720860
720863
720874
720881
720886
720910
720914
720924
720924
720933
720935
720943
720956
720956
720960
720993
720999
721005
721030
721045
721055
721057
721082
721085
721092
721095
721098
721103
721114
721116
721137
721137
721140
721148
721151
721186
721192
721195
721207
721208
721213
721221
721225
721248
721255
721257
721261
721276
721281
721289
721299
721308
721329
721339
721340
721342
721359
721370
721385
721391
721398
721409
721409
721410
721413
721419
721437
721442
721448
721458
721487
721487
721496
721496
721508
721525
721554
721568
721623
721629
721635
721667
721677
721714
721742
721748
721751
721752
721754
721757
721768
721768
721783
721784
721793
721814
721817
721818
721825
721831
721844
721848
721863
721871
721887
721910
721935
721935
721948
721949
721949
721950
721970
721975
721976
721987
721992
721998
721999
722000
722010
722014
722014
722029
722030
722037
722045
722053
722058
722072
722105
722110
722134
722134
722155
722158
722164
722171
722176
722178
722183
722196
722207
722238
722240
722243
722247
722274
722275
722282
722283
722287
722294
722303
722320
722361
722364
722376
722383
722388
722410
722411
722423
722433
722459
722460
722465
722490
722497
722517
722560
722578
722587
722589
722598
722602
722617
722618
722622
722633
722647
722649
722672
722696
722720
722723
722728
722732
722750
722765
722771
722776
722777
722780
722783
722791
722797
722798
722809
722811
722824
722844
722864
722875
722904
722908
722936
722946
722946
722960
722963
722965
722979
722987
722989
722989
722990
722995
723004
723010
723028
723032
723034
723042
723065
723074
723091
723092
723109
723113
723118
723127
723131
723134
723143
723152
723156
723163
723181
723194
723203
723206
723235
723246
723251
723263
723284
723304
723316
723317
723336
723337
723340
723343
723345
723356
723363
723364
723381
723398
723412
723414
723414
723438
723440
723451
723454
723459
723460
723465
723485
723497
723500
723507
723512
723523
723530
723536
723539
723546
723553
723566
723573
723624
723626
723632
723652
723659
723662
723666
723669
723672
723688
723717
723723
723731
723745
723754
723763
723767
723773
723778
723780
723787
723799
723800
723812
723823
723834
723835
723841
723843
723869
723908
723912
723914
723925
723934
723975
723983
723988
723989
723991
724003
724010
724015
724022
724026
724038
724065
724076
724077
724079
724105
724122
724129
724148
724165
724170
724179
724205
724215
724223
724226
724234
724235
724294
724301
724317
724323
724327
724363
724372
724389
724390
724394
724396
724413
724426
724432
724434
724450
724453
724459
724459
724463
724466
724474
724475
724475
724488
724502
724504
724515
724526
724535
724536
724575
724578
724579
724587
724595
724597
724627
724641
724665
724675
724682
724699
724709
724712
724730
724733
724742
724746
724749
724749
724771
724772
724799
724807
724811
724827
724838
724839
724841
724841
724845
724847
724850
724854
724876
724882
724889
724895
724912
724925
724945
724954
724957
724958
724965
724969
724969
724988
724996
724999
725021
725022
725030
725031
725034
725034
725035
725037
725088
725096
725101
725119
725128
725140
725155
725167
725186
725195
725215
725263
725289
725298
725304
725310
725318
725326
725329
725371
725384
725386
725386
725388
725388
725414
725424
725437
725460
725461
725467
725486
725504
725525
725527
725532
725536
725545
725549
725567
725584
725586
725591
725591
725595
725603
725620
725626
725630
725631
725662
725671
725683
725691
725697
725703
725710
725712
725729
725738
725748
725755
725756
725760
725775
725784
725806
725806
725829
725853
725854
725855
725898
725899
725900
725906
725908
725914
725956
725989
725992
725995
726001
726020
726031
726034
726063
726064
726080
726083
726139
726147
726151
726152
726153
726155
726177
726179
726186
726189
726198
726209
726218
726229
726255
726260
726263
726276
726277
726283
726284
726290
726292
726300
726305
726312
726321
726324
726325
726327
726333
726363
726369
726371
726372
726373
726384
726396
726404
726416
726420
726420
726424
726444
726460
726465
726478
726482
726496
726511
726512
726530
726538
726541
726542
726558
726561
726561
726561
726562
726563
726591
726599
726610
726641
726655
726663
726667
726687
726694
726696
726711
726722
726729
726733
726737
726746
726746
726751
726754
726762
726766
726767
726773
726781
726792
726796
726805
726819
726820
726831
726847
726874
726878
726881
726890
726943
726948
726955
726960
726982
726992
727009
727015
727019
727021
727036
727036
727040
727046
727054
727062
727082
727102
727129
727130
727130
727131
727135
727154
727158
727161
727164
727202
727204
727204
727211
727211
727213
727214
727219
727222
727227
727234
727237
727248
727251
727255
727262
727266
727269
727274
727283
727310
727312
727315
727343
727353
727367
727369
727389
727398
727403
727408
727410
727437
727442
727450
727458
727473
727476
727482
727499
727512
727517
727535
727537
727538
727544
727560
727562
727578
727593
727595
727596
727596
727597
727614
727657
727658
727676
727682
727688
727753
727756
727782
727782
727785
727813
727863
727865
727867
727867
727879
727881
727899
727915
727918
727923
727939
727968
727991
728000
728009
728031
728040
728041
728055
728057
728059
728064
728070
728078
728093
728101
728110
728121
728135
728140
728142
728152
728156
728163
728164
728180
728189
728194
728257
728270
728308
728311
728312
728319
728329
728336
728342
728363
728364
728369
728369
728369
728373
728376
728456
728462
728469
728470
728492
728494
728499
728529
728554
728586
728602
728606
728618
728622
728649
728656
728667
728681
728689
728697
728699
728702
728715
728717
728728
728738
728741
728788
728800
728809
728813
728818
728826
728833
728855
728857
728866
728874
728887
728913
728915
728917
728933
728946
728952
728954
728962
728964
728974
728984
729002
729020
729022
729027
729038
729042
729054
729069
729074
729079
729099
729099
729101
729104
729104
729106
729109
729115
729116
729118
729123
729123
729124
729133
729140
729149
729155
729169
729172
729174
729182
729188
729191
729219
729222
729240
729250
729264
729266
729276
729281
729288
729289
729289
729299
729300
729302
729304
729310
729314
729318
729318
729319
729324
729325
729326
729333
729339
729341
729364
729390
729405
729432
729433
729434
729441
729442
729450
729451
729462
729470
729490
729496
729496
729499
729511
729511
729516
729522
729525
729525
729531
729550
729552
729565
729578
729667
729668
729684
729703
729714
729721
729733
729745
729748
729749
729754
729764
729774
729780
729782
729793
729805
729809
729811
729811
729812
729820
729821
729825
729826
729856
729860
729863
729888
729895
729907
729931
729980
730000
730012
730018
730024
730038
730053
730062
730064
730065
730073
730078
730081
730083
730094
730103
730128
730129
730132
730155
730156
730159
730162
730168
730170
730172
730196
730200
730201
730216
730217
730220
730237
730253
730259
730260
730263
730276
730304
730304
730309
730320
730355
730359
730364
730366
730376
730380
730381
730403
730404
730405
730426
730434
730435
730439
730460
730463
730476
730477
730480
730487
730489
730491
730496
730497
730503
730531
730540
730552
730558
730586
730609
730612
730618
730621
730633
730644
730648
730662
730664
730666
730689
730690
730698
730704
730724
730726
730732
730744
730751
730753
730757
730764
730774
730783
730789
730791
730791
730795
730802
730831
730850
730850
730851
730872
730893
730904
730909
730939
730951
730952
730954
730967
731006
731010
731010
731034
731042
731069
731071
731074
731076
731085
731132
731134
731143
731152
731153
731153
731184
731185
731187
731215
731235
731245
731254
731260
731268
731300
731302
731306
731308
731331
731331
731336
731342
731390
731392
731393
731397
731419
731429
731432
731434
731448
731449
731460
731468
731474
731498
731505
731508
731510
731513
731526
731528
731540
731541
731545
731568
731585
731591
731599
731607
731625
731628
731650
731650
731659
731667
731688
731697
731700
731712
731761
731764
731797
731800
731803
731815
731835
731837
731838
731851
731851
731854
731865
731874
731883
731883
731887
731889
731898
731900
731913
731914
731919
731940
731946
731947
731948
731961
731964
731985
731992
731995
732015
732051
732052
732065
732069
732069
732076
732105
732124
732142
732171
732172
732179
732186
732192
732193
732197
732198
732198
732235
732250
732254
732261
732276
732285
732305
732318
732330
732330
732354
732358
732386
732412
732412
732421
732424
732433
732435
732457
732465
732481
732491
732500
732507
732509
732522
732537
732538
732542
732542
732550
732551
732558
732568
732570
732572
732572
732581
732607
732617
732625
732626
732647
732657
732664
732686
732688
732708
732709
732710
732733
732746
732771
732772
732799
732808
732810
732850
732853
732854
732858
732873
732898
732899
732900
732905
732907
732909
732920
732957
733010
733019
733030
733043
733045
733045
733055
733055
733072
733084
733086
733098
733114
733119
733120
733135
733138
733145
733166
733171
733183
733186
733196
733209
733211
733211
733215
733224
733225
733225
733241
733260
733261
733272
733275
733294
733297
733302
733305
733307
733319
733328
733332
733345
733367
733375
733384
733392
733409
733418
733419
733428
733429
733437
733438
733455
733455
733462
733473
733485
733485
733486
733504
733514
733522
733543
733561
733561
733563
733570
733577
733578
733595
733599
733600
733602
733611
733630
733637
733646
733666
733668
733673
733679
733679
733681
733701
733708
733712
733727
733733
733740
733757
733761
733762
733764
733784
733793
733794
733799
733809
733813
733815
733825
733832
733838
733861
733865
733869
733870
733875
733889
733894
733897
733900
733908
733919
733931
733936
733942
733979
733983
733984
733989
733994
734009
734015
734016
734017
734031
734049
734049
734069
734074
734074
734080
734086
734089
734093
734127
734135
734136
734177
734182
734183
734191
734211
734234
734262
734265
734271
734306
734317
734327
734338
734352
734360
734361
734370
734373
734377
734377
734380
734398
734403
734404
734407
734410
734448
734456
734473
734475
734521
734522
734523
734529
734555
734557
734580
734598
734609
734614
734616
734637
734638
734647
734650
734673
734689
734717
734734
734760
734764
734766
734767
734768
734770
734779
734786
734788
734810
734811
734816
734822
734822
734833
734844
734871
734874
734876
734887
734919
734936
734965
735002
735006
735019
735052
735063
735065
735068
735076
735082
735086
735090
735093
735093
735105
735114
735158
735163
735183
735184
735200
735203
735204
735207
735222
735225
735242
735249
735254
735260
735264
735272
735278
735304
735309
735324
735329
735332
735333
735352
735352
735364
735366
735370
735378
735386
735413
735414
735431
735441
735458
735467
735471
735486
735488
735491
735493
735500
735517
735521
735542
735546
735547
735548
735567
735587
735588
735597
735637
735647
735650
735668
735669
735673
735673
735707
735716
735718
735722
735729
735743
735744
735758
735759
735781
735793
735797
735822
735859
735860
735878
735883
735885
735885
735895
735898
735899
735902
735915
735961
735992
735997
736012
736014
736022
736028
736055
736073
736090
736101
736117
736118
736122
736167
736171
736180
736238
736240
736247
736250
736270
736284
736299
736304
736306
736310
736317
736319
736337
736346
736360
736364
736367
736374
736379
736388
736395
736412
736416
736422
736451
736459
736463
736468
736470
736472
736500
736505
736506
736526
736526
736526
736567
736573
736574
736581
736584
736614
736623
736646
736646
736653
736670
736675
736681
736682
736684
736688
736702
736721
736724
736731
736735
736752
736755
736774
736777
736790
736791
736800
736826
736848
736852
736854
736876
736908
736910
736923
736927
736944
736955
736958
736963
736991
737002
737014
737015
737024
737029
737045
737057
737081
737084
737090
737108
737125
737198
737200
737202
737208
737222
737227
737240
737241
737242
737245
737250
737260
737282
737289
737297
737297
737300
737305
737311
737349
737351
737362
737368
737369
737376
737389
737408
737408
737434
737437
737448
737463
737473
737491
737523
737542
737544
737554
737555
737557
737559
737570
737574
737576
737578
737580
737594
737602
737605
737611
737647
737660
737681
737691
737695
737696
737703
737710
737726
737733
737739
737772
737772
737776
737791
737796
737802
737823
737824
737827
737833
737845
737855
737870
737871
737872
737877
737882
737886
737891
737903
737910
737914
737921
737933
737934
737945
737958
737964
737992
737996
738002
738007
738025
738028
738053
738073
738074
738093
738104
738106
738122
738141
738142
738149
738165
738195
738210
738216
738225
738230
738264
738274
738279
738282
738293
738310
738312
738321
738323
738373
738387
738389
738395
738401
738405
738420
738426
738436
738443
738462
738470
738502
738503
738511
738537
738569
738585
738601
738605
738609
738612
738618
738622
738633
738636
738636
738639
738662
738663
738664
738665
738675
738681
738688
738712
738730
738739
738742
738753
738753
738773
738787
738801
738803
738807
738823
738828
738887
738899
738907
738927
738943
738947
738959
738977
738980
738988
738990
738998
739009
739013
739014
739023
739033
739052
739052
739061
739069
739077
739092
739101
739118
739122
739128
739131
739140
739147
739157
739173
739174
739174
739206
739209
739210
739215
739242
739282
739284
739304
739306
739307
739316
739319
739326
739357
739364
739399
739400
739403
739414
739417
739435
739446
739459
739459
739473
739492
739492
739504
739521
739528
739545
739547
739563
739582
739594
739616
739620
739643
739654
739657
739668
739673
739678
739699
739706
739720
739731
739745
739746
739758
739762
739770
739773
739776
739776
739784
739786
739796
739802
739811
739817
739836
739844
739854
739872
739874
739877
739881
739898
739906
739906
739915
739940
739950
739972
739975
739980
739996
740000
740002
740007
740025
740028
740036
740045
740045
740064
740066
740074
740075
740090
740098
740114
740114
740122
740123
740123
740123
740135
740135
740137
740138
740139
740151
740173
740175
740181
740187
740187
740209
740219
740222
740227
740228
740238
740267
740280
740287
740308
740324
740348
740372
740374
740383
740423
740429
740456
740457
740474
740487
740499
740514
740526
740532
740532
740536
740545
740563
740563
740584
740588
740588
740595
740601
740605
740635
740640
740661
740679
740681
740685
740685
740688
740698
740701
740707
740708
740718
740720
740726
740727
740755
740756
740766
740798
740800
740827
740832
740845
740856
740858
740868
740872
740880
740880
740889
740890
740896
740914
740915
740975
740998
741007
741039
741042
741046
741061
741069
741073
741086
741089
741089
741090
741096
741136
741143
741179
741182
741183
741187
741220
741226
741232
741238
741249
741250
741257
741258
741270
741274
741283
741287
741309
741317
741322
741334
741342
741344
741352
741354
741364
741371
741378
741383
741410
741417
741424
741437
741438
741440
741453
741463
741488
741488
741497
741534
741538
741548
741586
741589
741595
741609
741619
741636
741661
741681
741685
741722
741722
741738
741744
741748
741749
741769
741776
741784
741794
741804
741810
741811
741836
741837
741839
741851
741854
741860
741872
741872
741899
741906
741915
741923
741935
741946
741949
741966
741978
741983
741993
742024
742035
742045
742050
742055
742063
742065
742069
742103
742143
742146
742148
742152
742156
742161
742186
742199
742204
742216
742218
742222
742229
742236
742236
742245
742250
742256
742259
742261
742273
742276
742283
742298
742300
742312
742313
742316
742326
742345
742348
742349
742354
742365
742367
742381
742382
742383
742391
742404
742418
742451
742458
742462
742472
742480
742481
742485
742488
742492
742500
742512
742519
742523
742534
742542
742542
742547
742552
742560
742573
742579
742580
742624
742643
742653
742686
742692
742702
742725
742726
742732
742736
742738
742750
742764
742764
742772
742772
742782
742784
742797
742801
742802
742827
742833
742837
742837
742847
742852
742876
742878
742880
742889
742890
742902
742915
742927
742941
742943
742961
742968
742973
742975
742983
742984
742986
743015
743057
743058
743067
743080
743083
743095
743095
743140
743147
743157
743158
743171
743199
743220
743227
743232
743233
743243
743274
743293
743301
743307
743335
743339
743342
743357
743367
743386
743396
743398
743403
743414
743416
743425
743440
743452
743454
743461
743465
743469
743472
743492
743500
743514
743515
743515
743536
743538
743539
743545
743560
743563
743573
743574
743585
743592
743595
743600
743606
743610
743619
743640
743643
743660
743686
743690
743692
743693
743696
743704
743713
743714
743723
743729
743751
743760
743765
743767
743768
743773
743774
743783
743787
743791
743800
743801
743826
743852
743870
743871
743890
743909
743931
743935
743941
743956
743965
743967
743972
743974
743975
743992
743997
744025
744034
744049
744075
744081
744093
744101
744110
744115
744118
744134
744141
744143
744146
744147
744152
744157
744166
744171
744181
744196
744255
744259
744260
744294
744308
744308
744313
744323
744336
744352
744355
744360
744362
744384
744437
744440
744443
744451
744461
744509
744511
744512
744536
744537
744568
744601
744622
744656
744659
744668
744685
744696
744704
744717
744729
744730
744737
744756
744765
744778
744780
744800
744812
744813
744825
744833
744833
744840
744867
744871
744887
744904
744928
744940
745008
745017
745018
745030
745057
745077
745088
745092
745104
745105
745139
745145
745150
745152
745166
745182
745191
745192
745209
745209
745221
745227
745229
745239
745246
745249
745249
745255
745258
745259
745283
745302
745311
745312
745325
745337
745351
745352
745356
745358
745359
745384
745387
745394
745402
745427
745448
745450
745481
745482
745484
745499
745507
745520
745537
745540
745549
745554
745559
745561
745568
745574
745588
745610
745611
745613
745629
745648
745656
745658
745674
745680
745698
745709
745716
745719
745733
745740
745749
745770
745777
745787
745841
745844
745844
745862
745866
745879
745886
745903
745906
745918
745925
745934
745939
745944
745952
745982
745996
745997
746003
746005
746010
746011
746034
746039
746045
746049
746058
746061
746064
746089
746092
746101
746105
746105
746109
746114
746136
746156
746161
746164
746165
746181
746182
746198
746198
746206
746224
746227
746241
746244
746247
746248
746265
746266
746274
746279
746284
746310
746313
746315
746322
746326
746337
746339
746350
746359
746366
746367
746367
746373
746377
746401
746416
746419
746423
746424
746430
746436
746454
746495
746497
746500
746513
746518
746526
746536
746541
746543
746547
746548
746548
746592
746597
746607
746616
746640
746651
746653
746665
746674
746679
746703
746709
746714
746721
746724
746724
746746
746749
746750
746752
746763
746765
746784
746785
746791
746812
746820
746820
746826
746839
746844
746858
746872
746874
746885
746905
746912
746920
746933
746939
746942
746942
746946
746950
746963
746969
746985
746985
747016
747019
747023
747031
747040
747041
747046
747065
747081
747112
747123
747125
747131
747153
747162
747171
747171
747175
747193
747193
747200
747214
747228
747240
747252
747295
747300
747319
747327
747345
747349
747363
747375
747391
747407
747408
747426
747428
747431
747436
747440
747444
747446
747470
747475
747476
747482
747503
747532
747550
747552
747566
747571
747574
747582
747592
747602
747616
747624
747631
747645
747652
747653
747668
747712
747727
747729
747745
747747
747750
747787
747814
747825
747833
747856
747859
747864
747887
747899
747908
747914
747917
747935
747967
747975
747975
747984
747987
747989
748004
748004
748024
748034
748043
748070
748070
748072
748075
748090
748105
748120
748130
748136
748140
748147
748155
748179
748193
748204
748219
748226
748230
748232
748256
748261
748265
748267
748274
748288
748312
748322
748330
748338
748340
748350
748351
748362
748365
748368
748370
748373
748378
748393
748411
748419
748430
748434
748448
748454
748455
748464
748469
748469
748481
748482
748483
748485
748487
748489
748491
748501
748508
748513
748519
748542
748546
748554
748561
748579
748600
748609
748632
748640
748641
748642
748645
748665
748668
748673
748678
748683
748704
748716
748719
748747
748753
748765
748767
748769
748772
748780
748781
748796
748806
748812
748835
748837
748849
748853
748865
748869
748882
748882
748888
748893
748894
748908
748910
748932
748935
748940
748943
748946
748974
748976
748985
749002
749013
749014
749029
749030
749032
749034
749044
749050
749083
749093
749112
749133
749138
749141
749146
749155
749158
749158
749170
749180
749180
749184
749204
749226
749229
749235
749248
749258
749263
749269
749270
749299
749317
749332
749361
749381
749388
749388
749397
749414
749416
749431
749438
749461
749477
749490
749498
749516
749521
749530
749533
749545
749546
749549
749567
749569
749573
749589
749600
749601
749607
749618
749621
749625
749628
749671
749692
749703
749707
749720
749772
749801
749812
749826
749835
749837
749851
749867
749868
749870
749875
749886
749892
749904
749905
749908
749912
749933
749942
749944
749945
749950
749954
749956
749976
749978
749990
749996
749996
749997
750012
750014
750016
750031
750043
750054
750059
750093
750096
750103
750112
750114
750115
750121
750150
750155
750160
750183
750189
750212
750212
750265
750279
750281
750286
750288
750308
750324
750336
750359
750368
750397
750400
750412
750440
750449
750476
750486
750491
750504
750539
750546
750549
750562
750576
750578
750591
750601
750606
750633
750640
750657
750662
750663
750690
750698
750702
750731
750731
750736
750747
750754
750773
750775
750776
750779
750781
750784
750785
750792
750800
750804
750811
750812
750822
750824
750829
750833
750846
750860
750921
750925
750933
750944
750945
750988
750992
751005
751018
751038
751049
751050
751059
751062
751065
751077
751083
751093
751109
751114
751126
751129
751141
751143
751145
751166
751173
751176
751177
751181
751199
751199
751209
751223
751231
751233
751258
751261
751270
751295
751296
751303
751311
751317
751325
751329
751337
751349
751351
751358
751365
751367
751377
751385
751397
751402
751407
751413
751414
751421
751428
751430
751433
751475
751480
751484
751507
751507
751508
751512
751515
751520
751520
751522
751531
751534
751558
751569
751593
751596
751603
751625
751636
751644
751665
751674
751688
751693
751704
751733
751757
751763
751770
751786
751831
751833
751837
751864
751877
751882
751894
751895
751906
751910
751925
751938
751942
751956
751957
751991
752005
752006
752021
752021
752039
752046
752058
752070
752072
752081
752089
752120
752138
752160
752168
752176
752195
752208
752211
752222
752226
752231
752269
752273
752278
752280
752283
752286
752295
752309
752346
752370
752379
752397
752400
752406
752415
752416
752425
752435
752449
752451
752455
752476
752482
752533
752536
752565
752583
752591
752594
752615
752616
752637
752650
752660
752663
752671
752673
752685
752687
752694
752697
752698
752704
752708
752722
752727
752740
752742
752758
752767
752768
752779
752781
752791
752797
752806
752820
752850
752851
752855
752860
752876
752896
752914
752932
752943
752983
752984
752994
753003
753004
753018
753024
753031
753044
753067
753079
753079
753080
753089
753131
753146
753161
753166
753171
753172
753172
753175
753181
753185
753208
753223
753245
753249
753249
753254
753256
753257
753258
753268
753273
753274
753277
753281
753287
753288
753294
753312
753313
753314
753318
753335
753357
753364
753368
753377
753382
753383
753392
753393
753398
753434
753434
753438
753451
753467
753477
753485
753492
753520
753551
753567
753580
753583
753594
753606
753609
753620
753625
753632
753636
753637
753651
753654
753657
753673
753688
753751
753759
753760
753760
753776
753782
753786
753793
753794
753799
753806
753809
753830
753835
753850
753852
753871
753896
753897
753911
753919
753920
753922
753940
753948
753975
753976
753978
754033
754040
754054
754059
754065
754071
754088
754106
754132
754158
754168
754169
754178
754188
754195
754198
754205
754210
754221
754225
754231
754237
754242
754251
754260
754265
754275
754277
754326
754345
754362
754368
754374
754376
754387
754398
754400
754402
754405
754418
754439
754495
754496
754519
754527
754540
754560
754575
754577
754579
754580
754582
754613
754613
754625
754638
754638
754639
754649
754654
754655
754684
754685
754687
754687
754699
754700
754700
754703
754709
754709
754709
754710
754722
754725
754726
754730
754739
754762
754767
754772
754781
754781
754817
754825
754830
754847
754852
754853
754874
754890
754897
754904
754917
754921
754930
754936
754944
754945
754950
754957
754963
754975
754980
754981
754986
754997
755001
755005
755033
755037
755042
755053
755064
755081
755101
755105
755108
755111
755117
755120
755121
755131
755145
755148
755151
755158
755179
755189
755194
755203
755241
755242
755252
755259
755288
755313
755315
755315
755321
755324
755326
755337
755343
755373
755378
755389
755393
755422
755423
755427
755429
755429
755454
755455
755457
755460
755462
755463
755476
755488
755495
755500
755501
755518
755535
755541
755546
755553
755558
755593
755596
755624
755628
755630
755631
755642
755643
755655
755658
755663
755673
755691
755692
755693
755705
755716
755720
755727
755745
755778
755795
755813
755821
755825
755855
755859
755865
755872
755872
755877
755878
755906
755912
755923
755946
755951
755954
755958
755965
755969
756002
756005
756012
756021
756039
756044
756058
756066
756075
756080
756084
756097
756098
756099
756117
756131
756135
756136
756150
756163
756170
756174
756206
756211
756215
756217
756222
756237
756247
756248
756271
756307
756335
756336
756337
756339
756368
756372
756377
756383
756394
756407
756432
756444
756464
756466
756468
756479
756495
756495
756498
756513
756527
756535
756540
756544
756558
756562
756563
756598
756612
756615
756615
756637
756649
756657
756657
756663
756675
756687
756693
756708
756712
756713
756781
756784
756804
756837
756845
756852
756857
756859
756859
756864
756867
756868
756874
756912
756914
756922
756925
756937
756952
756954
756961
756968
756975
756976
756977
756981
756994
757000
757007
757025
757030
757032
757066
757067
757071
757073
757074
757088
757098
757099
757112
757130
757133
757133
757155
757163
757167
757195
757198
757199
757201
757214
757229
757229
757233
757236
757238
757249
757253
757265
757266
757276
757286
757289
757295
757305
757317
757319
757331
757341
757366
757378
757381
757388
757401
757442
757452
757459
757465
757466
757486
757487
757488
757509
757513
757542
757556
757574
757577
757578
757582
757585
757595
757610
757615
757628
757630
757633
757636
757644
757652
757656
757673
757682
757690
757694
757697
757700
757701
757702
757715
757715
757727
757736
757758
757764
757770
757775
757777
757798
757809
757818
757819
757828
757842
757849
757852
757853
757865
757872
757877
757895
757907
757909
757914
757918
757929
757941
757945
757971
757979
757994
758009
758010
758016
758032
758043
758060
758096
758102
758104
758111
758126
758129
758155
758162
758174
758179
758195
758204
758204
758205
758222
758226
758245
758252
758256
758265
758269
758290
758313
758315
758325
758338
758339
758358
758373
758377
758409
758412
758415
758430
758440
758449
758462
758482
758489
758495
758508
758528
758541
758546
758549
758571
758572
758586
758589
758591
758598
758612
758628
758651
758660
758725
758741
758755
758765
758770
758778
758792
758816
758819
758826
758826
758830
758831
758841
758862
758864
758892
758894
758906
758907
758909
758909
758919
758926
758932
758940
758951
758951
758957
758967
758968
758969
758981
758988
758996
759020
759026
759034
759040
759044
759048
759072
759076
759090
759114
759119
759124
759130
759137
759140
759145
759176
759186
759187
759190
759194
759198
759205
759216
759218
759219
759230
759242
759243
759245
759263
759269
759270
759275
759279
759281
759298
759323
759334
759340
759354
759363
759377
759381
759394
759402
759407
759418
759426
759429
759447
759453
759495
759526
759528
759534
759548
759552
759552
759562
759578
759605
759608
759621
759624
759634
759635
759635
759640
759647
759662
759667
759668
759731
759731
759776
759789
759791
759840
759855
759879
759882
759911
759915
759924
759954
759960
759965
759996
760003
760007
760019
760020
760025
760031
760036
760037
760038
760053
760071
760076
760078
760082
760093
760103
760119
760122
760126
760137
760139
760152
760167
760170
760199
760199
760202
760237
760246
760247
760255
760298
760308
760323
760339
760343
760350
760352
760373
760382
760383
760389
760394
760461
760464
760469
760479
760485
760485
760485
760491
760495
760540
760546
760547
760553
760574
760575
760580
760585
760596
760605
760608
760644
760652
760656
760663
760674
760682
760685
760692
760705
760736
760749
760759
760763
760772
760774
760798
760799
760807
760810
760823
760825
760838
760843
760847
760850
760857
760858
760858
760900
760914
760918
760922
760924
760925
760937
760938
760944
760954
760958
760962
760963
760963
760992
761028
761036
761057
761060
761083
761085
761090
761104
761155
761155
761160
761170
761173
761174
761178
761188
761189
761202
761202
761213
761216
761221
761222
761229
761231
761236
761248
761251
761253
761254
761286
761300
761308
761313
761318
761328
761348
761348
761353
761386
761387
761390
761391
761396
761438
761441
761448
761452
761462
761470
761502
761513
761532
761556
761569
761585
761607
761618
761632
761662
761668
761672
761699
761719
761728
761753
761755
761772
761772
761774
761774
761783
761791
761813
761817
761851
761854
761860
761860
761862
761867
761874
761921
761926
761926
761930
761930
761936
761939
761940
761945
761947
761948
761956
761969
761983
761987
761991
762003
762005
762023
762027
762042
762054
762071
762071
762097
762103
762111
762115
762124
762130
762140
762146
762147
762166
762167
762181
762195
762202
762204
762224
762240
762241
762242
762251
762272
762281
762282
762306
762309
762309
762321
762339
762344
762365
762370
762394
762398
762400
762418
762449
762451
762460
762461
762464
762464
762476
762483
762497
762505
762505
762507
762508
762509
762511
762513
762526
762529
762529
762530
762569
762577
762581
762582
762583
762585
762599
762604
762622
762627
762632
762635
762661
762667
762685
762696
762721
762722
762724
762731
762734
762736
762748
762750
762761
762785
762787
762806
762808
762818
762834
762849
762856
762894
762894
762897
762908
762916
762918
762921
762924
762934
762937
762940
762950
762961
762990
762994
763021
763021
763024
763026
763026
763039
763043
763053
763059
763064
763078
763096
763098
763117
763122
763161
763168
763189
763228
763238
763247
763251
763252
763267
763271
763277
763284
763290
763293
763309
763317
763324
763350
763355
763362
763420
763420
763426
763438
763481
763489
763499
763499
763519
763533
763537
763538
763548
763549
763566
763580
763604
763609
763618
763632
763641
763648
763674
763678
763680
763692
763696
763717
763724
763730
763741
763757
763757
763762
763770
763800
763811
763813
763824
763857
763862
763863
763867
763892
763895
763922
763922
763925
763929
763934
763945
763947
763966
763998
764008
764013
764028
764050
764080
764081
764088
764100
764102
764147
764150
764154
764173
764188
764201
764206
764211
764213
764225
764246
764255
764281
764284
764290
764293
764298
764299
764315
764327
764328
764329
764331
764338
764360
764363
764381
764446
764448
764451
764452
764458
764475
764480
764491
764501
764522
764523
764533
764541
764558
764564
764570
764578
764592
764603
764617
764630
764637
764647
764666
764668
764671
764688
764705
764715
764722
764731
764739
764748
764761
764794
764835
764841
764852
764852
764866
764903
764922
764941
764951
764955
764962
764970
764980
764995
765004
765011
765016
765017
765091
765091
765093
765093
765100
765113
765124
765127
765132
765139
765149
765149
765166
765171
765176
765191
765219
765234
765235
765237
765248
765256
765257
765270
765295
765309
765335
765389
765392
765397
765402
765411
765423
765430
765441
765446
765453
765455
765456
765467
765472
765522
765524
765527
765529
765532
765538
765545
765571
765578
765584
765634
765634
765637
765644
765645
765650
765657
765674
765689
765692
765710
765735
765793
765811
765845
765848
765855
765858
765870
765879
765890
765898
765900
765903
765910
765922
765927
765932
765946
765953
765961
765969
765980
765987
765994
765999
766018
766042
766043
766044
766050
766054
766059
766068
766072
766097
766098
766102
766106
766144
766158
766165
766220
766256
766264
766271
766274
766299
766316
766321
766327
766337
766346
766350
766354
766358
766368
766372
766372
766385
766408
766416
766425
766434
766439
766448
766463
766469
766475
766488
766498
766510
766528
766532
766544
766555
766559
766562
766588
766591
766593
766595
766625
766628
766645
766646
766655
766691
766704
766705
766709
766715
766747
766760
766763
766775
766778
766781
766801
766811
766819
766820
766841
766854
766858
766862
766862
766864
766870
766873
766894
766898
766905
766905
766907
766912
766924
766933
766941
766950
766970
766972
766978
766984
766988
766991
766999
767011
767023
767025
767027
767047
767053
767079
767091
767094
767103
767111
767125
767144
767161
767166
767186
767189
767189
767226
767256
767271
767281
767296
767297
767306
767318
767320
767323
767327
767334
767341
767356
767408
767428
767434
767457
767460
767462
767464
767469
767484
767492
767494
767502
767516
767517
767517
767535
767539
767551
767566
767570
767572
767590
767593
767594
767596
767605
767609
767639
767658
767662
767680
767687
767695
767698
767708
767718
767757
767777
767781
767787
767808
767829
767830
767831
767833
767856
767861
767866
767875
767892
767893
767898
767901
767901
767909
767911
767929
767951
767953
767960
767963
767979
767999
768003
768009
768015
768034
768050
768059
768059
768064
768078
768079
768079
768094
768094
768095
768103
768109
768112
768120
768131
768142
768152
768154
768155
768163
768166
768195
768198
768214
768219
768236
768237
768242
768262
768262
768267
768291
768294
768304
768304
768306
768329
768337
768344
768357
768359
768362
768398
768418
768424
768429
768432
768443
768463
768467
768488
768502
768518
768549
768574
768585
768589
768615
768621
768629
768641
768654
768671
768679
768687
768702
768714
768718
768727
768741
768742
768743
768759
768768
768778
768780
768781
768784
768786
768843
768855
768869
768874
768890
768898
768909
768911
768939
768948
768950
768951
768962
768962
768965
768973
768976
768977
768980
768999
769011
769012
769024
769036
769047
769047
769049
769054
769060
769087
769096
769107
769112
769113
769121
769122
769146
769171
769173
769180
769184
769190
769197
769206
769209
769213
769218
769219
769224
769228
769231
769237
769238
769242
769245
769257
769263
769266
769270
769270
769278
769292
769295
769310
769329
769333
769346
769346
769348
769359
769376
769377
769377
769381
769391
769393
769394
769395
769437
769438
769445
769465
769480
769489
769497
769506
769562
769574
769592
769598
769608
769609
769615
769618
769620
769639
769642
769649
769662
769665
769675
769696
769709
769718
769723
769750
769751
769776
769777
769789
769800
769822
769834
769854
769861
769876
769886
769890
769898
769908
769908
769915
769920
769921
769922
769968
769970
769977
769978
769988
769995
770001
770024
770030
770033
770038
770040
770059
770074
770093
770099
770100
770118
770122
770127
770148
770158
770181
770188
770192
770204
770206
770206
770210
770213
770214
770219
770221
770237
770246
770250
770252
770256
770264
770268
770270
770282
770282
770282
770295
770319
770333
770335
770346
770351
770353
770384
770385
770399
770420
770449
770454
770507
770510
770520
770540
770554
770555
770560
770562
770566
770571
770595
770606
770606
770608
770610
770626
770626
770644
770646
770646
770654
770671
770671
770688
770696
770698
770704
770706
770721
770722
770723
770735
770753
770756
770777
770778
770782
770785
770786
770787
770788
770794
770796
770801
770808
770818
770827
770829
770830
770840
770843
770933
770948
770981
770982
770982
770989
771003
771041
771044
771062
771064
771070
771072
771131
771132
771137
771144
771146
771160
771164
771186
771186
771189
771208
771221
771234
771247
771256
771258
771290
771299
771307
771330
771337
771350
771356
771363
771378
771388
771409
771411
771412
771412
771415
771422
771422
771427
771432
771454
771455
771464
771481
771505
771509
771512
771520
771527
771528
771542
771566
771572
771582
771586
771591
771612
771627
771635
771643
771649
771651
771655
771657
771672
771680
771685
771686
771688
771693
771698
771699
771706
771708
771710
771711
771734
771744
771746
771764
771766
771791
771802
771806
771809
771811
771821
771827
771829
771836
771843
771851
771854
771856
771859
771866
771875
771901
771906
771914
771917
771945
771956
771968
771975
771978
771984
771993
772023
772046
772056
772067
772072
772101
772104
772112
772112
772123
772134
772136
772137
772147
772150
772152
772166
772191
772207
772216
772225
772239
772258
772263
772270
772279
772303
772317
772324
772340
772350
772363
772368
772368
772368
772370
772386
772388
772393
772396
772416
772461
772481
772483
772488
772498
772515
772532
772541
772543
772558
772567
772578
772579
772593
772617
772629
772633
772636
772640
772648
772670
772699
772699
772703
772703
772707
772708
772712
772719
772719
772734
772737
772750
772784
772789
772799
772811
772813
772831
772842
772853
772864
772869
772872
772873
772874
772879
772881
772903
772908
772908
772911
772914
772924
772925
772933
772939
772947
772948
772960
772963
772968
772969
772976
772981
772982
772985
772987
772994
773005
773011
773013
773019
773072
773077
773100
773106
773120
773121
773145
773154
773160
773172
773186
773197
773197
773200
773210
773218
773238
773247
773248
773262
773272
773272
773274
773295
773299
773299
773300
773304
773315
773316
773326
773327
773328
773329
773344
773349
773364
773374
773375
773385
773395
773399
773403
773405
773410
773414
773418
773429
773438
773445
773447
773450
773471
773472
773472
773475
773477
773477
773490
773504
773511
773517
773526
773529
773534
773559
773569
773572
773582
773593
773604
773609
773613
773627
773654
773678
773681
773702
773713
773716
773718
773730
773743
773760
773816
773820
773820
773821
773831
773835
773840
773853
773856
773859
773859
773861
773863
773870
773870
773875
773880
773881
773884
773884
773894
773904
773910
773915
773931
773943
773971
773976
773993
773994
774001
774002
774008
774009
774013
774015
774020
774024
774029
774031
774044
774046
774053
774064
774068
774071
774077
774079
774085
774089
774104
774115
774120
774138
774141
774199
774205
774209
774212
774213
774247
774250
774261
774270
774271
774271
774274
774287
774310
774311
774317
774337
774341
774342
774343
774354
774364
774367
774374
774391
774403
774414
774424
774431
774438
774454
774461
774463
774472
774474
774478
774493
774496
774504
774522
774527
774539
774549
774552
774556
774562
774568
774598
774601
774612
774624
774634
774645
774658
774676
774681
774682
774697
774704
774705
774713
774714
774730
774740
774756
774765
774795
774796
774818
774820
774823
774831
774867
774868
774895
774929
774932
774941
774950
774951
774971
774992
775036
775046
775084
775088
775101
775130
775133
775156
775164
775165
775170
775173
775182
775182
775183
775192
775198
775205
775216
775225
775233
775240
775247
775247
775278
775286
775304
775333
775342
775342
775377
775386
775396
775415
775416
775426
775427
775430
775439
775446
775447
775448
775456
775472
775480
775486
775493
775494
775517
775517
775518
775518
775520
775520
775521
775525
775543
775558
775571
775575
775583
775594
775617
775618
775618
775619
775627
775629
775638
775640
775653
775660
775668
775688
775691
775694
775697
775704
775707
775738
775740
775748
775755
775761
775764
775796
775801
775806
775809
775814
775841
775853
775858
775863
775864
775873
775876
775890
775893
775900
775900
775910
775925
775948
775960
775962
775968
775977
775992
775995
776000
776005
776009
776012
776017
776017
776035
776043
776044
776049
776052
776062
776066
776095
776096
776115
776119
776157
776163
776181
776185
776205
776205
776206
776208
776221
776234
776243
776251
776265
776267
776298
776301
776318
776325
776326
776346
776353
776354
776356
776384
776392
776401
776436
776441
776458
776486
776491
776501
776522
776541
776547
776552
776565
776570
776573
776584
776594
776607
776612
776613
776623
776658
776666
776711
776755
776756
776771
776784
776785
776787
776788
776790
776800
776807
776821
776825
776847
776858
776869
776881
776882
776901
776904
776921
776927
776944
776952
776991
776995
776998
777007
777015
777019
777019
777022
777024
777028
777038
777042
777065
777067
777069
777102
777112
777114
777120
777122
777122
777134
777142
777150
777157
777173
777186
777199
777200
777207
777212
777274
777281
777333
777345
777360
777383
777390
777411
777418
777428
777462
777501
777507
777512
777524
777527
777528
777532
777571
777591
777600
777607
777607
777622
777634
777635
777645
777658
777687
777689
777692
777696
777697
777712
777716
777717
777719
777729
777749
777766
777767
777773
777777
777781
777781
777818
777822
777823
777837
777855
777856
777858
777875
777890
777900
777920
777924
777928
777936
777940
777956
777961
777973
777976
777985
777988
777989
777996
777996
778004
778015
778022
778062
778107
778111
778125
778127
778127
778133
778158
778165
778188
778188
778192
778203
778206
778208
778210
778219
778245
778260
778273
778283
778315
778317
778326
778385
778385
778406
778415
778415
778428
778442
778464
778510
778513
778515
778524
778529
778534
778538
778550
778556
778586
778595
778595
778600
778627
778662
778668
778672
778695
778698
778708
778740
778750
778758
778762
778763
778772
778782
778783
778786
778800
778823
778827
778859
778865
778871
778896
778898
778913
778922
778930
778930
778946
778976
778987
778989
778995
779013
779027
779030
779044
779047
779059
779080
779083
779110
779142
779143
779170
779191
779213
779255
779301
779308
779308
779311
779317
779327
779334
779363
779387
779401
779417
779420
779451
779486
779504
779511
779538
779553
779554
779559
779565
779575
779578
779612
779614
779624
779624
779640
779654
779671
779683
779691
779729
779749
779764
779775
779776
779780
779788
779823
779827
779833
779833
779836
779841
779841
779846
779857
779873
779876
779889
779913
779918
779922
779925
779935
779937
779941
779946
779952
779953
779956
779962
779999
780000
780008
780025
780033
780035
780041
780042
780046
780072
780075
780076
780083
780086
780086
780098
780125
780126
780132
780136
780137
780137
780149
780163
780163
780166
780180
780198
780211
780217
780220
780230
780243
780244
780248
780250
780255
780262
780264
780278
780284
780291
780307
780330
780335
780384
780387
780390
780394
780401
780437
780452
780454
780456
780476
780477
780494
780497
780500
780503
780504
780510
780521
780525
780528
780530
780532
780544
780546
780580
780584
780586
780589
780607
780609
780616
780618
780641
780665
780666
780675
780693
780719
780723
780727
780731
780733
780736
780738
780744
780753
780768
780784
780788
780796
780805
780818
780832
780862
780867
780884
780898
780921
780924
780925
780925
780934
780955
780959
780960
780966
780970
780973
780974
780977
780978
780990
781017
781019
781024
781031
781054
781062
781067
781087
781089
781129
781131
781135
781137
781148
781151
781157
781168
781177
781177
781179
781180
781185
781193
781200
781216
781219
781259
781262
781263
781264
781266
781270
781284
781286
781299
781301
781328
781341
781361
781395
781409
781412
781413
781422
781427
781428
781451
781458
781465
781494
781497
781504
781505
781521
781521
781534
781589
781594
781614
781615
781618
781624
781625
781645
781646
781656
781670
781670
781672
781685
781709
781713
781726
781729
781734
781737
781762
781765
781771
781774
781779
781779
781783
781794
781809
781826
781841
781847
781852
781853
781881
781887
781891
781902
781904
781905
781910
781912
781918
781923
782001
782004
782006
782024
782039
782048
782050
782057
782060
782062
782091
782121
782134
782149
782176
782176
782183
782183
782191
782196
782206
782223
782230
782261
782270
782287
782299
782304
782306
782334
782349
782354
782358
782383
782396
782407
782412
782414
782431
782435
782441
782452
782461
782464
782485
782492
782492
782493
782493
782493
782502
782512
782532
782538
782546
782552
782565
782565
782580
782603
782612
782637
782648
782656
782657
782661
782693
782707
782732
782738
782751
782751
782756
782768
782772
782793
782815
782815
782819
782840
782847
782864
782884
782886
782901
782907
782963
782967
782969
782984
782987
782991
783005
783006
783006
783009
783026
783029
783036
783037
783051
783060
783062
783068
783077
783114
783116
783126
783129
783155
783160
783171
783184
783206
783214
783219
783234
783239
783246
783246
783257
783277
783284
783286
783330
783335
783354
783359
783374
783376
783379
783388
783405
783416
783421
783422
783422
783440
783440
783447
783449
783457
783466
783466
783477
783489
783500
783518
783527
783529
783531
783533
783538
783555
783562
783570
783573
783579
783586
783587
783601
783608
783613
783614
783669
783693
783696
783696
783697
783698
783699
783701
783702
783718
783738
783739
783740
783772
783777
783779
783796
783813
783846
783851
783856
783878
783884
783901
783903
783904
783906
783921
783927
783942
783947
783952
783953
783958
783959
783982
784000
784011
784024
784031
784045
784050
784056
784056
784083
784083
784091
784094
784095
784102
784108
784118
784119
784124
784158
784169
784185
784189
784206
784216
784218
784229
784232
784249
784255
784271
784274
784279
784283
784286
784299
784304
784310
784320
784321
784329
784339
784344
784346
784350
784350
784374
784376
784378
784391
784393
784397
784409
784417
784424
784445
784450
784450
784454
784459
784459
784464
784490
784499
784512
784519
784530
784546
784549
784566
784567
784569
784571
784584
784604
784627
784637
784637
784643
784646
784649
784656
784660
784661
784669
784681
784683
784685
784686
784691
784693
784718
784725
784729
784734
784741
784742
784753
784768
784771
784787
784788
784794
784796
784798
784815
784818
784835
784841
784849
784857
784861
784868
784868
784873
784900
784912
784930
784936
784959
784960
784980
784984
784988
785015
785021
785026
785032
785034
785046
785050
785056
785062
785081
785086
785086
785090
785095
785098
785102
785106
785114
785135
785148
785151
785154
785171
785186
785204
785205
785206
785215
785229
785242
785254
785255
785255
785291
785301
785309
785309
785311
785312
785314
785332
785344
785351
785359
785381
785393
785396
785407
785421
785430
785469
785474
785474
785488
785498
785514
785527
785531
785536
785538
785554
785577
785585
785597
785598
785608
785654
785666
785670
785670
785671
785681
785692
785694
785721
785737
785740
785759
785776
785785
785786
785789
785794
785800
785811
785822
785847
785856
785857
785860
785861
785866
785892
785896
785900
785908
785909
785922
785931
785944
785963
785964
785970
785972
785984
785990
785993
786028
786037
786038
786061
786067
786125
786128
786136
786146
786154
786157
786159
786167
786188
786189
786203
786208
786215
786226
786238
786264
786271
786274
786285
786286
786302
786312
786313
786315
786316
786326
786329
786347
786356
786370
786380
786389
786393
786396
786399
786403
786412
786413
786428
786440
786477
786493
786493
786494
786498
786499
786504
786509
786526
786560
786562
786563
786575
786588
786594
786599
786607
786617
786656
786667
786667
786669
786671
786672
786681
786683
786683
786697
786713
786720
786720
786725
786731
786735
786760
786763
786765
786777
786812
786820
786822
786833
786859
786881
786901
786902
786905
786917
786922
786944
786952
786957
786962
786966
786989
787010
787023
787023
787062
787073
787073
787076
787085
787086
787103
787116
787121
787122
787146
787149
787159
787160
787160
787163
787165
787172
787173
787173
787174
787176
787178
787187
787216
787228
787241
787245
787251
787274
787293
787299
787309
787312
787316
787320
787322
787323
787330
787343
787349
787357
787371
787377
787386
787395
787422
787431
787456
787464
787473
787496
787498
787499
787504
787548
787572
787582
787592
787596
787598
787608
787615
787626
787626
787639
787641
787672
787685
787716
787722
787732
787733
787755
787771
787772
787781
787794
787810
787812
787839
787844
787847
787858
787859
787862
787873
787888
787908
787917
787935
787946
787964
787983
787984
787988
787994
787996
788003
788012
788014
788022
788022
788024
788029
788055
788071
788077
788086
788089
788098
788149
788172
788177
788193
788196
788208
788212
788231
788239
788247
788248
788258
788258
788270
788271
788272
788302
788306
788316
788320
788327
788327
788342
788342
788369
788372
788402
788408
788410
788433
788439
788447
788448
788449
788452
788462
788465
788476
788485
788486
788487
788491
788493
788496
788503
788515
788530
788539
788546
788555
788565
788573
788590
788610
788615
788617
788625
788634
788645
788649
788665
788678
788679
788683
788689
788694
788695
788698
788704
788710
788719
788753
788756
788762
788783
788802
788816
788866
788883
788888
788891
788894
788899
788907
788924
788928
788936
788948
788959
788965
788968
788973
788973
788977
788980
788992
789005
789008
789009
789037
789066
789078
789085
789089
789094
789121
789123
789156
789160
789167
789176
789188
789200
789200
789208
789228
789230
789247
789249
789261
789270
789277
789297
789321
789336
789342
789358
789362
789367
789372
789380
789384
789405
789426
789427
789447
789450
789460
789462
789481
789493
789494
789519
789521
789525
789530
789533
789533
789554
789555
789565
789596
789606
789634
789651
789653
789661
789669
789683
789687
789704
789718
789727
789735
789753
789754
789757
789787
789798
789805
789825
789825
789848
789864
789889
789894
789906
789906
789918
789937
789962
789965
789992
789995
790001
790007
790010
790020
790029
790046
790057
790059
790063
790072
790104
790104
790111
790128
790139
790145
790150
790172
790173
790188
790220
790227
790244
790248
790252
790260
790270
790274
790276
790286
790305
790310
790311
790325
790335
790343
790347
790348
790364
790370
790383
790385
790405
790435
790438
790443
790450
790466
790473
790475
790479
790497
790520
790536
790545
790550
790550
790551
790571
790579
790584
790601
790602
790605
790608
790627
790628
790635
790637
790653
790659
790675
790679
790682
790686
790695
790698
790701
790709
790712
790726
790729
790737
790749
790755
790779
790781
790831
790834
790848
790916
790918
790945
790950
790971
790979
791005
791011
791018
791027
791049
791071
791071
791073
791074
791092
791100
791130
791145
791150
791151
791155
791162
791171
791179
791186
791194
791196
791210
791213
791224
791228
791237
791244
791255
791263
791280
791303
791319
791327
791341
791347
791355
791368
791374
791396
791421
791422
791422
791449
791464
791472
791487
791496
791501
791509
791539
791566
791576
791580
791592
791601
791603
791628
791629
791634
791643
791646
791649
791652
791671
791704
791704
791704
791717
791723
791724
791731
791731
791735
791736
791740
791741
791766
791804
791810
791847
791851
791859
791873
791877
791889
791897
791912
791914
791927
791937
791937
791941
791945
791948
791956
791970
791983
791984
791984
791999
792002
792005
792006
792015
792027
792030
792031
792039
792043
792055
792061
792074
792076
792077
792083
792104
792115
792130
792153
792165
792166
792175
792177
792178
792195
792202
792209
792225
792238
792244
792244
792305
792314
792318
792322
792337
792345
792347
792401
792402
792403
792429
792433
792442
792446
792451
792471
792479
792492
792494
792496
792501
792514
792540
792541
792569
792570
792574
792603
792648
792660
792663
792666
792676
792680
792690
792709
792710
792719
792724
792744
792746
792748
792756
792761
792772
792780
792785
792816
792826
792828
792843
792872
792898
792915
792935
792943
792958
792959
792962
792970
792974
792975
792986
792987
793001
793004
793009
793010
793014
793018
793025
793030
793075
793093
793124
793126
793174
793182
793188
793190
793201
793228
793231
793234
793238
793240
793241
793262
793264
793268
793288
793290
793295
793303
793305
793321
793327
793340
793347
793351
793362
793388
793389
793397
793408
793410
793413
793414
793422
793430
793445
793450
793454
793459
793461
793463
793483
793490
793528
793539
793554
793577
793591
793624
793632
793640
793645
793649
793651
793653
793696
793707
793719
793726
793730
793737
793782
793788
793805
793818
793823
793830
793831
793846
793846
793850
793861
793861
793863
793878
793887
793946
793950
793959
793973
793986
793986
793990
793996
794014
794020
794047
794050
794063
794086
794090
794129
794138
794138
794144
794152
794157
794214
794220
794227
794228
794239
794239
794244
794270
794276
794283
794294
794301
794308
794337
794337
794348
794372
794377
794381
794387
794403
794408
794425
794435
794444
794469
794503
794515
794548
794596
794606
794625
794627
794650
794682
794711
794712
794720
794721
794722
794725
794731
794733
794741
794745
794747
794748
794754
794786
794811
794831
794842
794850
794873
794877
794914
794915
794916
794919
794929
794936
794943
794949
794955
794969
794980
794981
794993
794998
795022
795029
795040
795054
795070
795082
795085
795091
795127
795153
795174
795176
795189
795199
795203
795219
795222
795231
795238
795242
795261
795266
795277
795291
795298
795302
795303
795304
795311
795311
795325
795341
795348
795349
795371
795387
795393
795411
795419
795429
795437
795438
795445
795456
795463
795524
795533
795538
795549
795552
795568
795577
795583
795593
795602
795613
795624
795638
795641
795641
795672
795680
795696
795708
795713
795751
795771
795781
795811
795816
795821
795824
795832
795846
795851
795885
795889
795905
795908
795911
795914
795920
795922
795934
795936
795949
795967
795977
795977
796025
796030
796044
796063
796100
796114
796129
796132
796153
796161
796164
796171
796182
796192
796212
796215
796226
796234
796238
796243
796248
796253
796255
796269
796271
796282
796286
796305
796312
796317
796343
796351
796396
796418
796419
796421
796428
796434
796447
796452
796452
796452
796452
796490
796496
796515
796518
796523
796526
796531
796538
796538
796547
796548
796552
796557
796569
796585
796605
796617
796639
796654
796655
796658
796659
796664
796666
796667
796678
796679
796687
796692
796705
796706
796713
796717
796726
796736
796738
796747
796752
796759
796766
796766
796770
796770
796771
796774
796794
796812
796815
796819
796832
796890
796891
796902
796913
796918
796920
796922
796923
796939
796939
796945
796959
796962
796974
796974
796979
797020
797022
797037
797038
797044
797058
797065
797067
797070
797071
797080
797085
797095
797095
797103
797120
797141
797141
797155
797164
797181
797189
797191
797211
797212
797235
797246
797251
797260
797261
797266
797271
797276
797315
797317
797318
797320
797327
797341
797347
797363
797368
797369
797371
797378
797387
797401
797402
797407
797409
797428
797430
797430
797437
797449
797453
797481
797482
797485
797489
797497
797516
797529
797529
797532
797550
797572
797630
797634
797638
797642
797646
797647
797670
797677
797682
797689
797695
797705
797712
797714
797722
797725
797727
797727
797730
797731
797752
797776
797789
797794
797804
797810
797815
797817
797832
797838
797841
797842
797843
797872
797875
797880
797890
797905
797917
797967
797973
797989
798007
798012
798024
798025
798029
798033
798040
798056
798059
798067
798069
798085
798097
798100
798113
798124
798126
798132
798136
798141
798178
798180
798182
798184
798189
798196
798210
798217
798235
798239
798240
798260
798266
798271
798281
798291
798295
798296
798304
798304
798310
798336
798341
798362
798367
798380
798390
798445
798456
798457
798460
798460
798463
798470
798488
798509
798528
798540
798541
798542
798543
798546
798554
798584
798595
798596
798604
798608
798608
798621
798622
798635
798660
798663
798667
798669
798669
798671
798675
798686
798691
798691
798713
798729
798735
798762
798775
798788
798788
798793
798807
798808
798822
798849
798852
798872
798876
798889
798897
798900
798908
798912
798928
798934
798938
798941
798950
798955
798959
798970
798974
798974
798975
798981
798983
798996
799008
799009
799014
799019
799029
799033
799038
799045
799049
799053
799063
799072
799078
799079
799086
799115
799119
799127
799131
799133
799135
799136
799139
799140
799159
799165
799179
799195
799208
799251
799262
799263
799264
799268
799269
799287
799301
799304
799309
799317
799331
799334
799338
799359
799373
799376
799383
799392
799398
799403
799408
799408
799409
799412
799418
799426
799430
799439
799441
799469
799486
799488
799493
799501
799516
799525
799536
799539
799541
799541
799543
799552
799552
799555
799565
799571
799576
799585
799614
799615
799622
799624
799634
799634
799650
799655
799656
799656
799656
799660
799669
799696
799705
799732
799733
799746
799756
799764
799777
799784
799787
799808
799810
799818
799829
799833
799834
799837
799841
799842
799845
799861
799864
799887
799888
799903
799919
799920
799938
799950
799959
799965
799994
800017
800023
800031
800067
800068
800069
800071
800073
800081
800100
800104
800105
800105
800106
800110
800116
800119
800122
800123
800133
800150
800152
800160
800164
800170
800223
800238
800241
800272
800274
800275
800276
800298
800302
800305
800313
800314
800325
800336
800338
800345
800376
800380
800388
800392
800401
800416
800425
800440
800445
800455
800465
800472
800472
800485
800492
800501
800525
800527
800529
800553
800661
800675
800682
800683
800692
800699
800711
800713
800719
800721
800726
800743
800760
800781
800785
800790
800797
800816
800817
800836
800838
800842
800847
800860
800883
800894
800925
800931
800937
800998
800999
801001
801006
801008
801016
801037
801039
801044
801053
801054
801074
801083
801086
801102
801107
801112
801116
801123
801131
801150
801152
801154
801167
801168
801185
801185
801191
801209
801212
801230
801257
801268
801269
801275
801280
801289
801290
801297
801306
801312
801341
801357
801367
801383
801412
801424
801432
801433
801474
801493
801497
801514
801524
801529
801529
801543
801544
801548
801549
801553
801559
801564
801589
801600
801611
801616
801621
801623
801633
801637
801640
801668
801676
801690
801701
801713
801725
801733
801741
801748
801751
801752
801758
801763
801766
801771
801785
801813
801858
801883
801889
801894
801897
801905
801909
801915
801924
801932
801984
802011
802023
802060
802060
802068
802081
802083
802090
802102
802109
802140
802141
802153
802163
802165
802165
802169
802180
802207
802215
802225
802226
802234
802250
802253
802284
802286
802294
802299
802304
802305
802309
802311
802328
802354
802390
802391
802400
802416
802427
802427
802434
802444
802451
802452
802484
802485
802493
802500
802549
802576
802586
802593
802597
802605
802619
802621
802633
802652
802695
802712
802718
802737
802750
802787
802790
802798
802810
802832
802847
802851
802861
802866
802869
802880
802889
802890
802903
802905
802909
802913
802919
802926
802949
802972
802975
802981
802994
802996
803002
803007
803008
803013
803019
803027
803031
803031
803031
803050
803063
803065
803077
803100
803102
803108
803118
803127
803148
803155
803202
803218
803233
803249
803270
803271
803273
803289
803294
803303
803308
803316
803325
803328
803333
803336
803338
803378
803386
803396
803396
803405
803420
803432
803456
803482
803486
803488
803489
803490
803494
803496
803513
803514
803527
803529
803530
803540
803545
803553
803559
803600
803609
803610
803615
803616
803617
803630
803636
803643
803644
803644
803644
803668
803674
803681
803683
803696
803698
803708
803712
803713
803720
803722
803731
803735
803737
803742
803747
803766
803783
803787
803791
803792
803803
803811
803818
803849
803851
803854
803857
803874
803894
803902
803902
803903
803928
803930
803932
803947
803967
803991
803998
804007
804007
804097
804118
804120
804128
804128
804129
804142
804143
804147
804165
804173
804175
804184
804191
804210
804233
804248
804254
804268
804269
804301
804304
804313
804329
804330
804330
804330
804333
804340
804351
804352
804370
804390
804393
804405
804408
804410
804419
804420
804426
804428
804430
804433
804437
804444
804505
804508
804510
804516
804523
804526
804529
804531
804534
804540
804540
804548
804558
804558
804567
804578
804581
804586
804593
804595
804619
804628
804631
804636
804642
804644
804645
804652
804657
804668
804669
804670
804694
804704
804704
804708
804721
804739
804741
804746
804760
804770
804791
804797
804810
804813
804824
804830
804835
804848
804854
804854
804871
804888
804896
804897
804897
804912
804925
804938
804990
804991
805002
805009
805010
805018
805022
805032
805047
805053
805053
805070
805079
805093
805094
805098
805098
805105
805106
805112
805118
805136
805146
805166
805194
805209
805213
805217
805229
805237
805274
805286
805288
805302
805333
805343
805362
805383
805388
805400
805404
805407
805411
805416
805420
805439
805446
805462
805471
805475
805485
805495
805499
805503
805512
805518
805522
805528
805528
805542
805546
805564
805585
805607
805617
805620
805622
805634
805637
805650
805655
805658
805670
805674
805683
805692
805698
805717
805722
805726
805733
805763
805771
805788
805792
805798
805802
805803
805828
805829
805841
805842
805855
805857
805871
805877
805893
805905
805912
805930
805945
805960
805961
805965
805974
805983
805991
805995
805996
806014
806038
806053
806062
806072
806090
806101
806102
806108
806124
806130
806167
806183
806209
806211
806216
806225
806229
806233
806235
806248
806273
806275
806288
806298
806299
806308
806335
806356
806366
806368
806388
806397
806399
806400
806401
806420
806431
806431
806444
806464
806471
806471
806473
806478
806485
806487
806511
806517
806520
806544
806553
806556
806561
806572
806584
806585
806598
806601
806602
806607
806608
806628
806630
806632
806655
806655
806658
806684
806690
806699
806705
806713
806715
806716
806730
806732
806757
806780
806781
806781
806782
806791
806820
806844
806845
806862
806865
806878
806882
806888
806891
806892
806897
806906
806909
806942
806964
806969
806974
806975
806998
807000
807012
807034
807051
807055
807056
807063
807086
807116
807116
807153
807159
807172
807178
807181
807198
807206
807220
807235
807261
807278
807288
807293
807340
807343
807350
807355
807377
807394
807399
807403
807407
807409
807410
807433
807452
807459
807460
807462
807466
807487
807512
807539
807551
807553
807564
807566
807567
807577
807583
807600
807604
807607
807608
807610
807613
807615
807627
807627
807630
807642
807652
807657
807667
807684
807698
807703
807708
807710
807711
807713
807734
807738
807744
807747
807777
807796
807805
807820
807832
807839
807860
807860
807872
807874
807881
807885
807892
807892
807902
807912
807925
807926
807930
807955
807956
807963
807964
807966
807966
807977
807981
807982
807985
807986
807997
808003
808007
808016
808026
808040
808040
808059
808060
808071
808080
808088
808098
808099
808101
808103
808104
808130
808145
808168
808189
808193
808213
808227
808237
808244
808251
808254
808259
808265
808266
808286
808303
808317
808334
808366
808374
808399
808402
808414
808418
808427
808432
808438
808439
808439
808439
808447
808447
808454
808466
808485
808495
808499
808502
808509
808512
808531
808533
808536
808539
808544
808545
808572
808580
808585
808590
808612
808640
808666
808667
808671
808687
808688
808708
808708
808716
808716
808729
808733
808737
808762
808763
808764
808765
808777
808805
808814
808819
808822
808826
808831
808848
808858
808868
808872
808876
808895
808909
808927
808932
808945
808946
808953
808960
808983
808994
809006
809022
809038
809083
809094
809103
809123
809127
809133
809136
809145
809148
809154
809168
809176
809186
809194
809199
809215
809236
809237
809259
809266
809268
809271
809308
809314
809323
809328
809329
809329
809330
809337
809338
809351
809360
809398
809401
809406
809413
809421
809438
809442
809443
809449
809450
809454
809526
809538
809544
809552
809559
809589
809590
809591
809602
809605
809612
809637
809639
809650
809653
809655
809659
809662
809664
809667
809667
809691
809713
809767
809775
809803
809817
809821
809822
809823
809845
809859
809879
809880
809884
809892
809894
809897
809901
809908
809918
809920
809925
809927
809962
809990
809990
810009
810018
810021
810025
810042
810055
810059
810064
810070
810081
810082
810103
810119
810123
810137
810147
810159
810167
810184
810185
810188
810196
810219
810227
810237
810248
810257
810261
810264
810281
810288
810295
810309
810312
810312
810320
810346
810354
810357
810364
810366
810371
810409
810414
810421
810433
810433
810443
810458
810460
810468
810469
810495
810518
810529
810530
810534
810548
810565
810579
810582
810600
810600
810609
810610
810612
810623
810632
810637
810647
810648
810650
810667
810670
810695
810695
810713
810719
810721
810746
810750
810752
810754
810757
810771
810774
810779
810781
810787
810796
810807
810811
810813
810821
810822
810823
810827
810827
810828
810836
810841
810860
810863
810871
810878
810896
810901
810910
810916
810917
810934
810943
810957
810959
810964
810994
810997
811004
811019
811027
811044
811047
811047
811056
811079
811082
811086
811091
811091
811095
811110
811119
811170
811183
811184
811188
811214
811231
811236
811272
811280
811303
811312
811322
811330
811351
811374
811375
811378
811378
811380
811391
811395
811395
811399
811399
811407
811429
811449
811457
811473
811480
811486
811495
811504
811512
811513
811523
811528
811556
811588
811592
811605
811648
811666
811673
811682
811687
811687
811695
811703
811723
811746
811759
811794
811798
811800
811804
811816
811831
811844
811852
811861
811869
811875
811878
811878
811885
811895
811925
811926
811928
811928
811946
811946
811978
812010
812015
812045
812060
812068
812071
812078
812083
812091
812096
812121
812124
812134
812135
812162
812167
812186
812189
812190
812199
812218
812218
812233
812238
812253
812258
812276
812281
812304
812311
812321
812345
812374
812376
812388
812394
812400
812400
812401
812461
812471
812476
812489
812492
812507
812533
812556
812573
812590
812594
812610
812611
812640
812650
812654
812664
812696
812711
812727
812735
812737
812747
812759
812764
812776
812786
812792
812800
812803
812809
812814
812840
812855
812869
812880
812886
812892
812893
812895
812904
812907
812913
812963
812964
812972
812990
813000
813012
813023
813026
813052
813054
813056
813058
813076
813076
813083
813110
813117
813124
813132
813139
813146
813175
813186
813186
813201
813201
813202
813212
813217
813250
813299
813312
813321
813331
813339
813343
813365
813408
813426
813440
813444
813451
813456
813461
813463
813466
813501
813505
813508
813535
813544
813548
813557
813568
813588
813610
813613
813616
813648
813656
813657
813660
813668
813721
813739
813741
813751
813754
813763
813769
813769
813770
813817
813834
813837
813851
813858
813870
813875
813881
813884
813890
813892
813897
813905
813913
813917
813945
813949
813957
813957
813967
813980
813989
813995
813999
814014
814032
814032
814075
814083
814085
814088
814101
814104
814116
814138
814153
814179
814187
814190
814196
814206
814251
814253
814262
814273
814278
814283
814312
814321
814326
814327
814346
814352
814354
814405
814410
814430
814469
814482
814501
814502
814524
814527
814550
814552
814555
814577
814587
814588
814594
814595
814611
814630
814635
814686
814693
814694
814720
814732
814734
814752
814760
814765
814767
814770
814777
814783
814803
814805
814811
814815
814833
814843
814845
814858
814860
814870
814875
814881
814905
814906
814920
814931
814944
814945
814956
814956
814965
814988
814989
814989
814990
814995
815002
815007
815045
815092
815094
815099
815114
815119
815176
815180
815185
815191
815200
815206
815240
815242
815270
815283
815292
815298
815324
815329
815346
815353
815362
815375
815378
815381
815384
815393
815401
815408
815420
815426
815426
815433
815433
815440
815446
815473
815478
815480
815510
815519
815524
815528
815529
815544
815544
815547
815548
815551
815554
815562
815567
815573
815573
815578
815582
815595
815596
815619
815625
815626
815642
815655
815659
815660
815661
815663
815693
815719
815730
815732
815733
815745
815755
815771
815773
815778
815784
815785
815785
815798
815804
815805
815812
815822
815835
815849
815849
815875
815913
815915
815916
815923
815929
815929
815934
815934
815940
815942
815944
815956
815970
815982
815988
816000
816000
816012
816030
816034
816046
816052
816095
816104
816106
816110
816111
816115
816128
816146
816160
816193
816194
816211
816219
816219
816228
816239
816242
816268
816270
816277
816280
816284
816292
816299
816302
816307
816328
816333
816340
816344
816344
816344
816358
816361
816363
816388
816392
816428
816445
816449
816455
816475
816480
816483
816541
816544
816555
816559
816559
816559
816560
816563
816575
816580
816597
816620
816622
816636
816636
816638
816655
816656
816660
816663
816672
816678
816683
816688
816691
816692
816698
816714
816715
816716
816724
816754
816755
816769
816775
816783
816795
816795
816809
816821
816822
816846
816881
816889
816892
816901
816913
816920
816926
816967
816973
816984
816994
817005
817006
817019
817036
817044
817056
817067
817073
817077
817082
817084
817116
817120
817121
817125
817133
817134
817139
817142
817156
817156
817169
817178
817190
817199
817213
817229
817240
817244
817250
817276
817285
817293
817299
817301
817313
817348
817352
817358
817369
817389
817390
817390
817410
817426
817433
817434
817448
817448
817490
817524
817527
817545
817566
817570
817573
817578
817604
817622
817643
817660
817663
817664
817669
817677
817688
817702
817705
817705
817705
817718
817728
817733
817745
817746
817787
817792
817814
817819
817833
817859
817864
817866
817878
817890
817893
817912
817912
817915
817918
817928
817929
817934
817945
817946
817947
817964
817965
817966
817982
817987
818006
818035
818049
818054
818061
818067
818092
818094
818111
818118
818118
818119
818123
818147
818147
818148
818157
818158
818169
818171
818172
818175
818178
818182
818193
818202
818217
818219
818224
818238
818242
818253
818254
818256
818261
818261
818269
818282
818283
818287
818308
818318
818324
818365
818367
818370
818375
818376
818377
818384
818392
818401
818401
818424
818436
818439
818464
818469
818472
818473
818489
818506
818509
818522
818522
818532
818544
818571
818571
818574
818584
818586
818611
818624
818625
818628
818628
818630
818634
818641
818656
818659
818675
818690
818702
818703
818722
818724
818737
818745
818751
818755
818762
818775
818778
818795
818801
818824
818843
818849
818866
818868
818880
818897
818929
818943
818964
818970
818976
818981
818985
818994
818996
818999
819005
819008
819014
819026
819033
819041
819045
819052
819053
819084
819091
819092
819093
819105
819105
819108
819122
819122
819123
819127
819127
819133
819149
819149
819166
819171
819190
819210
819299
819310
819315
819330
819335
819341
819364
819378
819380
819381
819384
819400
819411
819416
819418
819425
819425
819433
819433
819447
819450
819456
819458
819478
819481
819485
819496
819504
819505
819527
819537
819538
819546
819564
819566
819578
819579
819581
819604
819609
819616
819634
819643
819650
819652
819663
819672
819676
819684
819689
819700
819706
819726
819731
819749
819750
819751
819771
819772
819784
819792
819799
819805
819814
819839
819844
819860
819870
819888
819890
819899
819918
819921
819927
819949
819954
819957
819962
819978
819979
819979
819989
819992
820000
820023
820039
820047
820049
820049
820058
820072
820102
820114
820116
820122
820123
820129
820130
820142
820144
820150
820150
820154
820169
820170
820170
820175
820178
820191
820214
820233
820238
820243
820258
820266
820270
820283
820311
820324
820330
820344
820355
820361
820370
820377
820390
820413
820417
820417
820428
820432
820433
820433
820434
820436
820443
820455
820471
820474
820482
820497
820506
820509
820520
820534
820546
820547
820563
820563
820564
820576
820586
820597
820621
820631
820650
820654
820670
820676
820679
820710
820717
820718
820728
820757
820773
820775
820780
820783
820785
820787
820788
820789
820820
820822
820842
820845
820853
820859
820866
820878
820891
820893
820918
820919
820930
820966
820986
820992
820999
821021
821023
821062
821065
821072
821077
821109
821112
821117
821119
821123
821124
821125
821127
821144
821157
821160
821175
821191
821210
821223
821231
821234
821239
821247
821269
821298
821319
821328
821340
821344
821351
821352
821364
821373
821405
821411
821412
821420
821434
821474
821476
821501
821507
821517
821538
821554
821556
821565
821570
821576
821580
821582
821584
821588
821599
821603
821607
821608
821624
821639
821650
821657
821666
821675
821677
821682
821709
821731
821749
821750
821752
821765
821770
821777
821777
821778
821782
821788
821809
821814
821820
821829
821829
821843
821845
821846
821848
821852
821858
821881
821928
821929
821944
821949
821951
821951
821957
821973
821978
821989
821994
822001
822024
822032
822033
822065
822069
822070
822087
822093
822098
822143
822152
822162
822166
822171
822175
822178
822193
822206
822237
822250
822251
822254
822258
822265
822273
822279
822293
822310
822322
822354
822356
822382
822383
822385
822401
822426
822427
822447
822452
822468
822469
822476
822479
822509
822538
822542
822560
822564
822595
822599
822599
822606
822628
822631
822640
822660
822671
822677
822682
822689
822693
822708
822715
822730
822730
822738
822759
822790
822792
822803
822817
822852
822885
822897
822899
822910
822911
822919
822936
822944
822956
822962
822968
822976
822987
822987
822989
823001
823008
823026
823039
823043
823048
823066
823067
823088
823088
823089
823090
823091
823098
823108
823135
823169
823170
823193
823210
823227
823236
823236
823246
823261
823269
823307
823321
823328
823337
823354
823355
823356
823358
823362
823365
823369
823372
823380
823394
823436
823450
823455
823460
823475
823478
823485
823508
823515
823527
823527
823538
823544
823549
823557
823561
823568
823571
823572
823582
823586
823589
823596
823598
823607
823614
823617
823624
823625
823648
823651
823658
823679
823687
823689
823702
823711
823750
823771
823778
823792
823797
823801
823803
823811
823813
823819
823820
823834
823836
823847
823849
823865
823893
823912
823912
823913
823919
823929
823943
823945
823963
823964
823982
823998
824013
824026
824028
824030
824038
824040
824052
824069
824073
824081
824088
824094
824095
824095
824126
824134
824145
824146
824148
824151
824159
824166
824166
824167
824170
824175
824178
824182
824183
824206
824210
824227
824261
824281
824288
824299
824317
824320
824320
824326
824333
824347
824366
824371
824375
824386
824392
824394
824396
824400
824401
824409
824411
824419
824428
824430
824432
824438
824450
824453
824454
824454
824461
824463
824467
824484
824487
824489
824491
824495
824508
824516
824519
824528
824532
824548
824549
824553
824570
824584
824585
824588
824600
824615
824622
824627
824629
824631
824638
824641
824653
824668
824678
824698
824705
824714
824719
824725
824741
824742
824747
824750
824758
824768
824782
824788
824796
824798
824804
824805
824808
824846
824854
824864
824886
824903
824919
824920
824928
824937
824941
824946
824956
824965
824973
824983
824995
824996
825003
825012
825032
825046
825064
825065
825066
825077
825080
825086
825120
825126
825128
825132
825134
825145
825149
825176
825176
825179
825184
825232
825259
825263
825268
825273
825275
825312
825339
825340
825344
825345
825350
825357
825361
825389
825389
825393
825394
825400
825422
825425
825434
825439
825443
825467
825468
825474
825477
825483
825492
825500
825501
825503
825513
825519
825524
825526
825536
825541
825547
825558
825563
825592
825593
825598
825605
825610
825611
825620
825632
825636
825637
825660
825670
825676
825677
825691
825705
825706
825744
825774
825826
825834
825837
825838
825839
825881
825893
825906
825916
825916
825918
825928
825929
825935
825992
826010
826032
826036
826045
826046
826074
826076
826090
826117
826130
826135
826135
826144
826151
826157
826160
826174
826189
826201
826213
826215
826221
826224
826231
826232
826249
826253
826271
826278
826291
826296
826334
826349
826357
826358
826361
826418
826422
826430
826444
826444
826453
826477
826483
826484
826512
826521
826552
826559
826563
826573
826577
826579
826587
826590
826593
826603
826626
826633
826635
826640
826648
826654
826655
826656
826675
826675
826679
826688
826700
826717
826732
826735
826736
826755
826758
826768
826792
826796
826803
826805
826809
826857
826866
826897
826910
826936
826942
826947
826947
826948
826958
826962
826963
826965
826974
826978
826981
826986
826987
826997
827002
827013
827018
827033
827049
827067
827071
827075
827077
827094
827102
827106
827126
827135
827144
827148
827150
827156
827188
827191
827239
827249
827269
827269
827318
827319
827324
827350
827350
827355
827360
827365
827373
827382
827396
827399
827410
827412
827422
827422
827433
827460
827475
827476
827479
827507
827525
827531
827533
827537
827539
827539
827553
827586
827601
827606
827607
827616
827617
827619
827624
827651
827652
827653
827661
827698
827726
827736
827738
827740
827744
827765
827767
827788
827796
827805
827818
827860
827861
827896
827923
827935
827944
827948
827979
827986
827992
827993
827994
828030
828034
828037
828054
828055
828058
828059
828067
828076
828116
828116
828124
828150
828157
828164
828172
828194
828196
828199
828206
828211
828234
828235
828238
828244
828250
828265
828300
828300
828321
828337
828339
828351
828361
828388
828408
828421
828428
828436
828445
828446
828447
828452
828460
828472
828477
828486
828488
828496
828510
828520
828525
828527
828527
828541
828555
828555
828567
828575
828584
828608
828620
828637
828656
828659
828660
828677
828694
828749
828756
828758
828776
828776
828821
828828
828832
828837
828859
828867
828902
828907
828909
828909
828930
828950
828972
828980
828980
828982
828994
829017
829038
829044
829059
829081
829082
829083
829083
829092
829098
829113
829114
829119
829119
829128
829151
829179
829181
829189
829193
829202
829208
829230
829235
829245
829262
829265
829270
829293
829296
829299
829341
829389
829391
829426
829427
829433
829442
829454
829463
829487
829498
829514
829518
829534
829544
829551
829555
829559
829562
829588
829610
829611
829612
829621
829623
829650
829663
829676
829678
829681
829691
829698
829711
829711
829717
829719
829722
829729
829733
829738
829741
829769
829771
829772
829801
829811
829817
829848
829851
829867
829868
829888
829904
829950
829973
829978
829994
829998
830017
830019
830024
830032
830046
830052
830058
830062
830068
830083
830085
830100
830114
830118
830141
830143
830158
830175
830176
830180
830184
830188
830204
830248
830265
830271
830274
830277
830283
830287
830290
830310
830317
830345
830350
830352
830363
830364
830373
830374
830381
830384
830387
830389
830391
830392
830396
830407
830444
830445
830454
830455
830477
830486
830518
830521
830545
830549
830550
830559
830560
830563
830570
830590
830591
830608
830612
830620
830630
830671
830676
830677
830686
830692
830709
830725
830752
830760
830764
830781
830784
830784
830790
830794
830805
830807
830817
830825
830843
830853
830856
830868
830873
830873
830886
830893
830907
830911
830913
830930
830938
830940
830954
830956
830966
830970
830973
830974
830975
830982
830987
830991
831010
831013
831015
831024
831031
831035
831053
831078
831079
831103
831119
831123
831124
831144
831145
831152
831153
831160
831162
831167
831174
831210
831220
831221
831225
831240
831253
831253
831255
831264
831274
831277
831288
831305
831313
831314
831336
831340
831363
831374
831394
831419
831425
831429
831442
831445
831454
831480
831484
831501
831501
831504
831508
831522
831548
831548
831560
831563
831573
831587
831605
831609
831617
831620
831623
831633
831641
831656
831662
831669
831675
831686
831686
831703
831712
831713
831716
831718
831738
831752
831753
831754
831764
831767
831774
831779
831799
831807
831808
831849
831881
831887
831890
831907
831915
831932
831938
831952
831971
831974
831978
831978
831978
831999
831999
832007
832019
832033
832038
832044
832051
832065
832065
832070
832092
832095
832096
832098
832117
832118
832119
832139
832148
832151
832156
832166
832175
832185
832188
832221
832239
832242
832250
832258
832268
832272
832276
832277
832277
832278
832284
832291
832304
832334
832334
832339
832354
832357
832369
832371
832375
832394
832398
832411
832451
832452
832458
832461
832462
832471
832473
832473
832474
832479
832488
832513
832524
832545
832555
832556
832561
832568
832594
832597
832601
832603
832690
832696
832716
832722
832741
832745
832765
832769
832782
832782
832788
832789
832794
832796
832797
832806
832809
832815
832865
832869
832877
832882
832896
832901
832904
832910
832910
832910
832910
832917
832966
832984
832997
832998
833024
833029
833037
833052
833075
833085
833120
833131
833133
833141
833142
833142
833144
833161
833165
833182
833198
833202
833207
833237
833239
833246
833253
833256
833257
833289
833294
833300
833308
833311
833321
833341
833343
833346
833353
833366
833367
833400
833414
833421
833425
833433
833462
833473
833475
833487
833502
833505
833533
833534
833545
833549
833566
833570
833584
833590
833590
833605
833615
833616
833617
833629
833630
833638
833652
833661
833679
833683
833684
833707
833711
833723
833756
833776
833779
833805
833809
833815
833821
833823
833840
833864
833879
833881
833884
833889
833890
833890
833911
833913
833928
833934
833944
833963
833978
834003
834038
834044
834050
834051
834058
834063
834064
834074
834083
834102
834129
834141
834152
834188
834200
834202
834224
834250
834263
834268
834284
834284
834292
834309
834335
834346
834357
834365
834367
834373
834375
834389
834408
834414
834417
834428
834439
834465
834479
834480
834481
834488
834488
834514
834521
834564
834572
834636
834646
834669
834676
834682
834691
834691
834693
834695
834711
834733
834734
834757
834766
834790
834815
834819
834819
834820
834825
834846
834871
834899
834925
834931
834963
834978
834993
834993
834997
835021
835066
835090
835105
835107
835135
835135
835150
835188
835197
835197
835206
835239
835239
835269
835289
835290
835292
835298
835299
835302
835309
835320
835334
835343
835348
835353
835356
835363
835364
835366
835380
835381
835387
835391
835421
835423
835426
835428
835429
835433
835437
835445
835451
835452
835463
835467
835472
835490
835501
835529
835534
835537
835561
835568
835579
835582
835605
835607
835617
835620
835626
835626
835638
835651
835665
835677
835684
835706
835708
835709
835718
835719
835733
835748
835764
835772
835789
835799
835800
835810
835845
835853
835870
835887
835909
835914
835918
835923
835939
835952
835969
835977
835983
836001
836007
836022
836046
836046
836052
836057
836084
836088
836108
836124
836129
836137
836140
836154
836157
836184
836200
836208
836209
836212
836223
836223
836252
836283
836302
836304
836307
836308
836315
836317
836319
836325
836330
836332
836335
836358
836366
836375
836384
836388
836394
836395
836395
836398
836401
836461
836474
836490
836505
836515
836515
836526
836539
836551
836553
836553
836571
836573
836583
836591
836619
836647
836659
836670
836689
836702
836708
836729
836734
836753
836754
836756
836764
836765
836769
836776
836781
836784
836790
836810
836812
836812
836826
836829
836842
836866
836893
836900
836902
836921
836940
836941
836952
836952
836958
836961
836972
836975
836979
836988
836997
837004
837029
837033
837055
837057
837064
837072
837078
837081
837091
837101
837116
837127
837137
837141
837157
837177
837190
837206
837217
837220
837223
837224
837259
837261
837276
837280
837280
837297
837297
837313
837318
837321
837326
837328
837334
837341
837366
837367
837391
837394
837412
837418
837446
837451
837468
837483
837494
837502
837514
837523
837523
837523
837527
837536
837538
837549
837551
837552
837556
837564
837567
837587
837587
837601
837605
837610
837627
837670
837677
837681
837683
837694
837696
837709
837712
837714
837714
837719
837726
837760
837761
837763
837764
837802
837807
837811
837811
837819
837835
837836
837847
837861
837891
837907
837913
837917
837960
837961
837989
837990
838004
838004
838004
838006
838015
838048
838052
838067
838073
838079
838093
838110
838120
838121
838124
838130
838135
838147
838154
838168
838176
838186
838194
838195
838206
838210
838211
838212
838212
838214
838222
838261
838262
838277
838299
838337
838343
838344
838357
838363
838364
838369
838383
838389
838396
838420
838434
838447
838453
838464
838473
838484
838486
838489
838517
838541
838550
838551
838559
838563
838565
838571
838580
838602
838608
838610
838617
838621
838640
838672
838675
838677
838701
838704
838704
838716
838719
838724
838729
838746
838759
838783
838798
838807
838816
838818
838848
838851
838856
838857
838858
838862
838866
838875
838882
838898
838905
838909
838912
838920
838926
838932
838935
838978
838984
839016
839019
839019
839042
839052
839054
839056
839069
839075
839083
839106
839140
839150
839172
839182
839188
839189
839197
839217
839217
839219
839234
839245
839248
839258
839265
839265
839282
839282
839286
839292
839295
839304
839306
839361
839363
839367
839376
839383
839396
839396
839414
839416
839433
839435
839466
839513
839522
839529
839536
839547
839547
839551
839558
839559
839576
839593
839609
839614
839626
839638
839644
839678
839683
839697
839698
839751
839757
839774
839800
839807
839834
839838
839844
839845
839856
839861
839884
839925
839931
839933
839943
839950
839950
839963
839987
840034
840041
840060
840061
840061
840062
840066
840092
840097
840098
840117
840129
840156
840164
840196
840201
840216
840225
840230
840235
840249
840250
840253
840258
840268
840274
840290
840290
840299
840302
840313
840316
840316
840320
840321
840344
840351
840357
840365
840397
840422
840423
840424
840434
840439
840456
840459
840468
840481
840506
840511
840524
840526
840535
840546
840551
840557
840559
840560
840565
840594
840598
840608
840608
840633
840642
840653
840659
840663
840688
840742
840748
840754
840779
840780
840781
840794
840799
840807
840808
840812
840824
840835
840837
840842
840844
840851
840864
840866
840876
840876
840900
840930
840941
840953
840961
840977
840978
840996
841011
841022
841024
841026
841027
841028
841042
841046
841046
841057
841074
841084
841086
841093
841111
841114
841139
841146
841148
841157
841171
841196
841217
841249
841270
841273
841276
841281
841285
841297
841298
841299
841303
841304
841307
841325
841341
841375
841397
841399
841401
841407
841419
841424
841425
841429
841440
841440
841453
841460
841523
841526
841528
841557
841576
841592
841619
841632
841649
841665
841676
841676
841677
841685
841689
841697
841725
841727
841738
841744
841748
841777
841779
841804
841814
841843
841846
841848
841849
841855
841861
841865
841866
841890
841899
841900
841921
841923
841925
841931
841938
841945
841945
841948
841952
841956
841983
841993
842028
842036
842056
842066
842068
842087
842090
842101
842102
842107
842110
842124
842150
842153
842154
842175
842178
842196
842209
842224
842224
842245
842259
842260
842272
842339
842377
842390
842447
842508
842511
842518
842521
842523
842526
842529
842530
842552
842604
842609
842612
842613
842617
842622
842626
842659
842662
842677
842680
842691
842693
842705
842711
842725
842744
842746
842751
842753
842763
842768
842770
842772
842775
842793
842800
842807
842807
842812
842823
842860
842872
842876
842880
842881
842888
842897
842898
842912
842930
842938
842939
842945
842949
842963
842970
842972
842976
842980
842987
842990
842991
843004
843017
843035
843037
843059
843075
843094
843096
843114
843115
843119
843132
843142
843170
843182
843188
843197
843201
843207
843224
843234
843244
843248
843258
843258
843274
843320
843330
843332
843335
843357
843363
843377
843385
843387
843390
843392
843405
843409
843414
843416
843419
843424
843428
843438
843460
843467
843489
843495
843501
843513
843513
843519
843573
843575
843576
843577
843610
843615
843625
843640
843668
843672
843673
843682
843706
843716
843732
843787
843788
843790
843793
843805
843805
843809
843821
843832
843853
843855
843858
843867
843871
843886
843888
843894
843895
843896
843901
843905
843920
843929
843942
843942
843979
844007
844031
844034
844037
844040
844050
844053
844056
844059
844061
844063
844069
844084
844099
844103
844156
844161
844166
844167
844168
844174
844178
844186
844194
844196
844212
844226
844231
844244
844244
844261
844263
844266
844270
844284
844292
844296
844296
844302
844307
844308
844323
844329
844330
844332
844337
844342
844348
844353
844356
844371
844376
844381
844382
844385
844388
844397
844402
844419
844427
844433
844437
844439
844464
844469
844481
844493
844496
844497
844517
844522
844537
844540
844546
844552
844559
844568
844572
844582
844612
844618
844629
844651
844656
844680
844724
844729
844739
844751
844760
844763
844773
844781
844783
844786
844787
844798
844801
844802
844810
844816
844825
844825
844840
844847
844848
844857
844870
844872
844879
844884
844890
844893
844931
844931
844950
844951
844955
844957
844964
844972
844989
845002
845012
845013
845020
845040
845043
845045
845053
845104
845106
845110
845149
845155
845158
845176
845180
845185
845190
845193
845204
845209
845209
845225
845228
845241
845246
845249
845254
845291
845292
845299
845305
845318
845323
845327
845328
845328
845331
845340
845352
845380
845381
845403
845439
845439
845448
845452
845455
845456
845461
845461
845506
845513
845514
845527
845528
845529
845531
845534
845537
845570
845582
845592
845629
845632
845656
845670
845687
845701
845704
845705
845735
845743
845763
845769
845771
845775
845786
845789
845792
845793
845794
845796
845801
845808
845822
845832
845832
845836
845839
845839
845847
845849
845857
845863
845865
845867
845870
845873
845873
845886
845896
845926
845933
845935
845935
845935
845938
845957
845967
845979
845993
845993
845996
845997
846003
846025
846027
846056
846058
846105
846115
846117
846119
846127
846156
846166
846172
846204
846205
846249
846249
846252
846257
846270
846283
846290
846296
846302
846334
846338
846341
846381
846384
846387
846397
846402
846402
846422
846427
846430
846436
846437
846449
846451
846457
846466
846470
846481
846488
846489
846506
846544
846551
846574
846581
846593
846597
846601
846603
846613
846614
846626
846628
846632
846645
846678
846679
846711
846714
846721
846743
846748
846752
846759
846772
846778
846813
846824
846832
846833
846865
846865
846872
846873
846882
846894
846899
846904
846913
846921
846936
846941
846969
846974
846976
846981
846993
846998
847020
847020
847036
847042
847070
847073
847077
847080
847088
847095
847108
847109
847115
847138
847147
847148
847156
847159
847176
847183
847186
847190
847202
847204
847208
847224
847240
847245
847257
847272
847284
847305
847310
847316
847319
847335
847347
847353
847353
847359
847365
847382
847395
847395
847429
847434
847454
847463
847476
847487
847488
847491
847502
847519
847523
847532
847553
847554
847565
847584
847603
847615
847636
847640
847646
847651
847674
847674
847679
847681
847689
847691
847699
847701
847708
847724
847730
847753
847764
847772
847801
847806
847808
847819
847830
847876
847884
847892
847892
847898
847901
847923
847940
847945
847946
847954
847997
848000
848000
848008
848041
848049
848056
848058
848077
848121
848130
848138
848140
848146
848149
848171
848172
848190
848192
848197
848203
848217
848219
848233
848261
848277
848284
848291
848297
848307
848362
848370
848376
848407
848426
848449
848456
848467
848478
848478
848479
848489
848501
848517
848523
848537
848543
848555
848557
848561
848570
848580
848590
848613
848625
848657
848669
848676
848687
848703
848711
848763
848766
848768
848780
848781
848797
848801
848833
848849
848862
848864
848864
848883
848904
848917
848918
848920
848927
848928
848931
848958
848959
848979
848979
848986
848987
848997
849047
849049
849075
849090
849119
849130
849142
849144
849144
849152
849159
849170
849183
849200
849208
849218
849234
849241
849249
849253
849296
849296
849302
849305
849310
849325
849365
849377
849380
849396
849446
849446
849452
849453
849467
849469
849471
849477
849484
849523
849531
849533
849540
849546
849548
849565
849568
849607
849617
849629
849636
849641
849697
849700
849702
849708
849712
849718
849719
849742
849810
849811
849815
849826
849829
849843
849847
849870
849872
849897
849940
849942
849960
849982
849982
849983
849989
849992
849996
850017
850020
850043
850090
850113
850134
850139
850188
850190
850194
850194
850203
850228
850237
850248
850249
850261
850279
850294
850313
850321
850325
850335
850342
850356
850356
850362
850373
850393
850394
850401
850408
850417
850424
850435
850442
850446
850451
850456
850462
850483
850485
850495
850511
850518
850519
850527
850531
850538
850545
850560
850573
850593
850594
850595
850621
850635
850656
850660
850662
850675
850715
850716
850716
850730
850741
850756
850769
850773
850779
850779
850790
850795
850815
850825
850829
850864
850867
850871
850872
850873
850915
850932
850935
850949
850963
850975
850985
850990
850991
850994
851018
851021
851024
851032
851035
851039
851047
851052
851057
851068
851069
851084
851086
851088
851101
851101
851110
851114
851120
851139
851144
851163
851181
851203
851232
851252
851267
851278
851294
851303
851306
851306
851312
851317
851325
851334
851352
851363
851370
851374
851390
851406
851441
851441
851449
851459
851466
851475
851478
851478
851479
851485
851488
851499
851502
851516
851522
851526
851559
851561
851565
851574
851582
851591
851597
851608
851613
851622
851639
851643
851646
851648
851649
851655
851674
851675
851676
851678
851681
851690
851716
851728
851735
851746
851753
851761
851768
851771
851771
851777
851784
851797
851800
851808
851811
851816
851818
851832
851844
851844
851863
851890
851894
851923
851923
851926
851933
851937
851938
851938
851954
851981
851996
851998
852004
852010
852036
852036
852051
852055
852060
852067
852073
852087
852103
852104
852125
852134
852137
852142
852159
852163
852198
852209
852225
852231
852233
852233
852248
852251
852257
852310
852322
852325
852340
852359
852364
852366
852377
852381
852398
852399
852402
852412
852424
852431
852450
852454
852462
852473
852473
852474
852475
852496
852500
852503
852522
852571
852578
852589
852602
852613
852617
852630
852643
852657
852661
852678
852682
852684
852698
852717
852728
852736
852737
852747
852748
852754
852771
852776
852798
852801
852820
852854
852857
852866
852869
852870
852891
852904
852925
852957
852962
852994
853012
853012
853016
853027
853037
853055
853068
853083
853098
853109
853122
853124
853133
853145
853147
853180
853188
853234
853237
853245
853255
853257
853259
853276
853277
853292
853316
853331
853337
853338
853357
853359
853374
853388
853398
853400
853403
853421
853423
853442
853446
853451
853456
853461
853465
853488
853498
853511
853521
853543
853549
853551
853557
853557
853568
853569
853578
853583
853586
853588
853589
853591
853596
853600
853612
853616
853652
853659
853673
853676
853676
853685
853709
853710
853727
853761
853773
853775
853781
853792
853799
853801
853823
853834
853834
853849
853858
853859
853865
853869
853871
853906
853913
853937
853937
853942
853946
853951
853952
853963
853976
853985
853991
854005
854013
854017
854065
854074
854083
854087
854090
854097
854114
854118
854124
854148
854159
854160
854164
854167
854182
854187
854194
854209
854215
854227
854229
854231
854239
854239
854242
854254
854266
854271
854282
854305
854313
854320
854323
854336
854341
854347
854361
854362
854377
854380
854387
854389
854390
854395
854396
854422
854433
854438
854441
854447
854455
854470
854470
854475
854476
854478
854479
854498
854500
854510
854512
854515
854520
854537
854561
854568
854590
854600
854602
854604
854615
854615
854631
854631
854644
854647
854663
854666
854672
854676
854676
854679
854683
854691
854692
854693
854702
854710
854719
854719
854744
854769
854778
854790
854794
854812
854822
854832
854844
854847
854850
854856
854872
854884
854893
854932
854933
854937
854940
854969
854998
855002
855007
855041
855048
855051
855067
855092
855096
855118
855122
855128
855160
855160
855178
855190
855190
855202
855234
855259
855266
855273
855273
855281
855295
855296
855297
855300
855304
855308
855327
855330
855356
855361
855367
855381
855381
855392
855394
855397
855398
855398
855411
855412
855429
855438
855443
855454
855466
855477
855490
855490
855497
855501
855502
855507
855520
855522
855534
855541
855547
855553
855559
855586
855607
855611
855621
855634
855644
855653
855654
855671
855674
855677
855681
855709
855725
855751
855754
855783
855796
855808
855811
855822
855837
855846
855866
855871
855886
855900
855903
855903
855903
855920
855921
855923
855936
855949
855959
855959
855967
855982
855985
855986
855995
856016
856020
856063
856068
856069
856071
856085
856088
856093
856103
856113
856113
856129
856131
856146
856149
856197
856208
856210
856222
856226
856243
856243
856244
856248
856251
856252
856262
856281
856287
856296
856297
856307
856311
856317
856328
856329
856330
856331
856353
856363
856381
856391
856401
856434
856436
856439
856449
856468
856471
856479
856490
856492
856494
856500
856505
856542
856553
856563
856577
856587
856594
856594
856596
856616
856625
856627
856649
856650
856657
856660
856665
856671
856675
856691
856692
856694
856719
856729
856730
856740
856743
856801
856810
856816
856838
856863
856871
856883
856883
856889
856895
856906
856913
856917
856927
856936
856953
856958
856998
857005
857013
857024
857024
857025
857052
857052
857057
857063
857096
857113
857119
857126
857128
857130
857142
857172
857172
857174
857189
857190
857199
857202
857202
857212
857215
857219
857221
857223
857231
857243
857249
857250
857267
857276
857276
857278
857301
857327
857336
857343
857358
857361
857392
857413
857422
857427
857430
857431
857431
857443
857446
857452
857456
857465
857474
857484
857505
857513
857520
857525
857528
857537
857561
857571
857574
857576
857582
857593
857634
857669
857687
857689
857694
857697
857697
857700
857702
857714
857721
857733
857761
857765
857785
857790
857791
857796
857802
857803
857805
857842
857856
857877
857880
857905
857923
857924
857929
857936
857957
857977
858006
858028
858040
858045
858054
858054
858057
858066
858077
858078
858098
858106
858111
858124
858130
858168
858171
858185
858187
858219
858222
858230
858236
858249
858253
858268
858270
858275
858286
858293
858299
858304
858308
858314
858316
858320
858342
858342
858349
858407
858412
858414
858427
858428
858429
858430
858453
858464
858468
858471
858476
858487
858489
858497
858502
858505
858540
858547
858553
858560
858570
858571
858576
858588
858596
858597
858599
858603
858606
858607
858608
858619
858625
858628
858640
858645
858652
858654
858660
858687
858694
858733
858751
858753
858755
858773
858780
858788
858791
858801
858809
858815
858823
858824
858836
858838
858839
858840
858841
858841
858859
858875
858884
858914
858918
858935
858948
858948
858949
858951
858953
858954
858974
858976
858982
858985
858985
859001
859006
859027
859030
859049
859051
859056
859062
859064
859077
859080
859091
859092
859103
859109
859131
859145
859162
859194
859210
859224
859225
859247
859254
859255
859285
859291
859298
859298
859321
859372
859374
859432
859438
859473
859474
859499
859500
859502
859514
859520
859523
859531
859549
859554
859554
859574
859575
859577
859586
859592
859594
859616
859616
859623
859624
859627
859628
859642
859661
859671
859672
859683
859686
859693
859701
859701
859704
859707
859739
859746
859763
859764
859770
859771
859780
859797
859804
859807
859811
859820
859820
859828
859833
859844
859845
859869
859871
859891
859900
859908
859912
859946
859948
859957
859958
859965
859971
859971
859998
860018
860028
860034
860042
860044
860054
860056
860073
860077
860096
860104
860123
860133
860140
860148
860152
860180
860181
860192
860203
860205
860209
860219
860223
860231
860240
860248
860263
860266
860294
860295
860297
860311
860327
860328
860338
860343
860351
860353
860353
860354
860364
860379
860384
860385
860395
860400
860407
860427
860437
860438
860442
860443
860462
860489
860504
860513
860532
860534
860557
860563
860580
860585
860588
860590
860597
860598
860609
860615
860620
860630
860641
860645
860663
860686
860687
860687
860691
860697
860715
860723
860727
860744
860772
860799
860802
860806
860806
860820
860850
860879
860881
860893
860895
860905
860911
860912
860914
860927
860941
860945
860967
860971
860977
861010
861015
861022
861030
861041
861044
861054
861056
861063
861068
861078
861091
861104
861125
861144
861148
861153
861163
861165
861194
861196
861215
861249
861254
861262
861274
861278
861281
861290
861294
861296
861300
861302
861320
861338
861343
861350
861352
861357
861358
861371
861372
861386
861389
861399
861401
861407
861407
861409
861423
861442
861452
861458
861458
861466
861484
861484
861496
861498
861518
861522
861531
861535
861541
861549
861551
861560
861577
861585
861589
861599
861601
861610
861612
861616
861617
861628
861649
861658
861663
861666
861667
861687
861689
861696
861697
861702
861702
861704
861718
861719
861721
861746
861790
861818
861828
861836
861838
861839
861845
861872
861873
861889
861894
861895
861902
861974
861987
861990
861995
861997
861999
861999
862001
862005
862010
862010
862029
862051
862051
862068
862073
862092
862123
862127
862139
862144
862147
862165
862171
862179
862179
862186
862195
862197
862202
862207
862208
862215
862226
862237
862253
862254
862260
862267
862292
862309
862316
862332
862335
862372
862388
862396
862426
862454
862465
862466
862471
862483
862493
862498
862511
862513
862514
862531
862533
862544
862547
862567
862576
862582
862585
862603
862617
862628
862644
862651
862654
862676
862682
862690
862701
862705
862717
862727
862729
862753
862768
862768
862797
862825
862837
862847
862850
862851
862883
862908
862911
862916
862934
862948
862949
862958
862958
862961
862972
862979
863003
863004
863059
863060
863068
863074
863086
863100
863121
863125
863125
863148
863149
863156
863183
863194
863200
863204
863237
863246
863257
863259
863270
863273
863279
863325
863334
863344
863351
863356
863369
863382
863394
863398
863406
863409
863424
863425
863432
863444
863472
863482
863484
863490
863496
863501
863504
863510
863519
863520
863525
863526
863530
863540
863544
863559
863560
863585
863585
863590
863599
863599
863608
863620
863643
863668
863670
863674
863686
863698
863707
863713
863719
863723
863727
863729
863735
863745
863750
863785
863788
863798
863802
863811
863832
863835
863862
863873
863885
863902
863907
863918
863918
863919
863940
863942
863944
863951
863956
863972
863979
863987
864035
864059
864065
864070
864079
864085
864089
864093
864095
864123
864132
864148
864149
864150
864160
864169
864169
864184
864199
864200
864204
864213
864219
864226
864230
864248
864248
864250
864270
864286
864292
864318
864322
864323
864328
864330
864342
864345
864363
864395
864396
864424
864430
864443
864443
864450
864460
864496
864498
864502
864504
864509
864510
864534
864549
864557
864585
864588
864589
864591
864601
864602
864615
864619
864636
864637
864642
864644
864670
864675
864684
864707
864716
864718
864719
864719
864727
864743
864748
864749
864769
864783
864793
864797
864801
864810
864812
864820
864820
864826
864831
864834
864835
864836
864842
864845
864847
864852
864856
864859
864874
864875
864904
864909
864909
864914
864920
864923
864925
864929
864954
864965
864970
864970
864973
864975
864991
864992
865035
865037
865042
865057
865060
865063
865064
865065
865090
865105
865118
865142
865148
865175
865182
865201
865202
865205
865225
865256
865258
865262
865276
865278
865282
865282
865297
865304
865323
865325
865340
865352
865354
865354
865363
865379
865395
865400
865416
865420
865429
865429
865431
865433
865434
865466
865478
865486
865492
865498
865516
865529
865544
865547
865557
865557
865570
865571
865577
865587
865599
865613
865615
865625
865629
865664
865665
865670
865676
865679
865687
865692
865710
865711
865713
865714
865716
865739
865745
865750
865751
865752
865770
865775
865796
865798
865820
865835
865853
865854
865876
865878
865886
865902
865917
865941
865950
865962
865963
865997
866012
866013
866014
866019
866021
866026
866032
866039
866062
866063
866072
866085
866086
866088
866088
866096
866112
866115
866127
866148
866152
866161
866186
866197
866200
866207
866223
866224
866232
866238
866239
866241
866254
866268
866279
866291
866293
866299
866304
866306
866311
866316
866318
866321
866324
866339
866345
866348
866361
866373
866375
866376
866380
866401
866402
866407
866408
866415
866420
866433
866465
866473
866480
866503
866533
866544
866573
866606
866608
866626
866630
866637
866666
866726
866746
866756
866768
866772
866839
866843
866843
866850
866850
866858
866858
866859
866877
866878
866884
866913
866921
866923
866941
866943
866947
866958
866962
866982
866999
867000
867017
867036
867063
867063
867069
867075
867076
867079
867087
867100
867100
867120
867129
867139
867157
867159
867165
867166
867172
867172
867191
867199
867213
867218
867221
867255
867258
867261
867263
867263
867271
867271
867286
867289
867290
867297
867308
867308
867320
867328
867337
867351
867352
867372
867385
867419
867445
867460
867463
867489
867503
867514
867537
867539
867541
867547
867557
867561
867571
867575
867588
867617
867645
867652
867656
867660
867682
867700
867707
867710
867721
867721
867738
867753
867761
867761
867772
867789
867833
867835
867844
867857
867864
867880
867888
867898
867900
867923
867950
867956
867965
867989
867995
867996
868000
868011
868021
868023
868052
868059
868063
868108
868108
868108
868109
868121
868125
868132
868157
868173
868190
868199
868202
868213
868217
868231
868236
868240
868243
868256
868262
868280
868285
868288
868295
868298
868304
868317
868319
868323
868324
868324
868332
868337
868347
868349
868350
868351
868355
868358
868363
868371
868390
868393
868393
868406
868411
868415
868420
868434
868437
868451
868457
868463
868489
868505
868515
868516
868543
868565
868571
868573
868576
868593
868593
868594
868616
868627
868637
868642
868649
868660
868667
868711
868758
868765
868770
868777
868782
868789
868797
868797
868818
868827
868829
868832
868841
868842
868854
868862
868862
868882
868901
868901
868901
868914
868945
868986
868988
868997
868999
869013
869015
869015
869061
869063
869086
869091
869107
869110
869123
869125
869133
869135
869138
869186
869195
869215
869221
869232
869269
869270
869270
869271
869283
869286
869287
869289
869296
869304
869307
869309
869333
869333
869337
869341
869346
869356
869358
869358
869372
869382
869421
869429
869429
869436
869445
869446
869447
869481
869483
869490
869511
869518
869538
869543
869543
869550
869581
869594
869602
869607
869623
869630
869633
869647
869652
869653
869655
869655
869660
869666
869667
869668
869673
869677
869694
869712
869716
869727
869734
869747
869758
869770
869782
869783
869821
869831
869855
869856
869869
869888
869895
869897
869919
869920
869921
869933
869943
869951
869971
869975
869988
870037
870039
870043
870051
870082
870103
870109
870116
870124
870133
870147
870154
870155
870158
870164
870169
870171
870180
870193
870205
870214
870219
870221
870223
870229
870243
870259
870267
870282
870288
870305
870309
870311
870312
870334
870334
870370
870384
870385
870388
870396
870400
870403
870417
870430
870435
870450
870463
870474
870475
870481
870499
870503
870512
870515
870516
870518
870532
870541
870548
870572
870587
870615
870617
870635
870636
870651
870660
870667
870670
870678
870679
870700
870706
870720
870731
870732
870732
870740
870743
870767
870773
870775
870778
870786
870787
870790
870805
870830
870836
870861
870866
870884
870895
870923
870927
870936
870947
870953
870973
870986
870993
870997
871015
871030
871033
871041
871042
871066
871071
871084
871091
871100
871106
871107
871129
871159
871170
871177
871188
871188
871204
871206
871218
871226
871237
871246
871249
871259
871260
871273
871274
871280
871285
871302
871347
871384
871392
871417
871436
871438
871442
871449
871455
871467
871476
871480
871487
871489
871492
871494
871520
871521
871522
871548
871564
871568
871572
871603
871610
871610
871616
871620
871620
871643
871655
871665
871665
871672
871710
871726
871733
871738
871739
871739
871746
871754
871777
871780
871797
871804
871814
871817
871821
871830
871835
871854
871860
871865
871867
871867
871878
871892
871905
871913
871932
871943
871956
871957
871961
871981
871985
872016
872064
872070
872091
872096
872107
872107
872117
872119
872129
872134
872154
872155
872156
872165
872166
872174
872195
872205
872222
872232
872253
872256
872278
872278
872284
872286
872288
872335
872358
872362
872378
872385
872398
872411
872417
872430
872464
872467
872482
872498
872500
872518
872524
872543
872546
872548
872563
872576
872577
872597
872604
872606
872606
872615
872625
872628
872652
872669
872680
872705
872711
872720
872725
872739
872739
872743
872759
872774
872787
872794
872795
872796
872804
872815
872820
872826
872838
872840
872840
872842
872844
872849
872854
872885
872887
872888
872890
872893
872918
872931
872956
872956
872967
872980
872983
872987
872990
873005
873018
873034
873046
873053
873073
873075
873092
873096
873111
873114
873125
873142
873144
873205
873234
873245
873247
873253
873289
873291
873294
873297
873301
873307
873319
873336
873339
873361
873379
873390
873408
873432
873434
873435
873453
873454
873466
873480
873494
873501
873501
873503
873529
873530
873539
873539
873543
873550
873567
873572
873584
873594
873606
873609
873609
873621
873624
873627
873629
873634
873640
873644
873644
873651
873679
873688
873718
873721
873729
873734
873734
873737
873769
873774
873778
873791
873806
873823
873832
873839
873849
873854
873913
873916
873919
873922
873954
873979
873992
873995
873996
873996
874025
874036
874043
874063
874083
874097
874101
874115
874119
874131
874145
874153
874157
874168
874170
874172
874178
874188
874205
874208
874213
874214
874217
874238
874251
874252
874268
874269
874280
874287
874292
874293
874298
874309
874316
874330
874330
874339
874343
874343
874354
874354
874358
874370
874370
874380
874383
874384
874385
874388
874405
874407
874413
874422
874434
874468
874474
874518
874518
874524
874566
874568
874577
874578
874600
874602
874631
874632
874650
874651
874658
874667
874671
874699
874700
874700
874703
874706
874707
874719
874733
874739
874740
874741
874751
874759
874761
874763
874773
874781
874807
874811
874816
874821
874821
874831
874836
874855
874868
874880
874880
874900
874905
874908
874913
874918
874942
874966
874975
874980
874995
874996
874998
875001
875002
875005
875013
875018
875025
875048
875059
875072
875114
875115
875118
875121
875130
875134
875134
875136
875168
875186
875226
875239
875253
875254
875258
875261
875283
875288
875350
875350
875376
875391
875414
875424
875460
875466
875476
875492
875498
875512
875555
875556
875567
875568
875568
875570
875583
875586
875588
875599
875602
875613
875623
875632
875636
875637
875646
875647
875648
875650
875673
875674
875679
875681
875685
875691
875694
875697
875703
875708
875729
875734
875734
875735
875747
875748
875760
875777
875788
875791
875806
875816
875848
875851
875855
875861
875863
875872
875872
875880
875887
875893
875897
875905
875933
875950
875955
875973
875973
875983
875997
876010
876019
876022
876042
876049
876052
876073
876073
876089
876105
876112
876119
876135
876140
876148
876149
876154
876207
876211
876217
876218
876220
876226
876231
876232
876237
876244
876249
876252
876258
876265
876266
876275
876294
876331
876333
876346
876350
876356
876357
876371
876376
876377
876377
876379
876382
876389
876393
876394
876399
876405
876405
876406
876420
876433
876457
876475
876488
876490
876492
876520
876537
876539
876544
876545
876547
876547
876554
876555
876557
876565
876605
876613
876615
876628
876631
876632
876637
876647
876654
876655
876656
876688
876695
876697
876713
876726
876739
876744
876748
876758
876761
876762
876772
876773
876780
876793
876795
876810
876817
876820
876826
876840
876842
876886
876906
876923
876925
876933
876935
876937
876960
876982
877017
877022
877040
877041
877045
877047
877049
877054
877073
877074
877083
877088
877088
877090
877095
877113
877134
877149
877162
877173
877180
877190
877191
877201
877203
877226
877226
877249
877252
877271
877272
877277
877279
877291
877301
877305
877306
877311
877335
877337
877347
877354
877361
877366
877400
877400
877438
877441
877442
877445
877448
877449
877452
877454
877456
877465
877473
877485
877493
877499
877510
877511
877521
877525
877542
877559
877561
877577
877577
877582
877584
877600
877600
877600
877603
877611
877618
877618
877620
877649
877650
877652
877654
877661
877692
877715
877738
877748
877757
877778
877797
877798
877803
877812
877812
877815
877824
877829
877851
877858
877859
877861
877865
877871
877877
877886
877888
877900
877906
877908
877916
877932
877935
877940
877950
877953
877964
877966
877968
877970
877970
877974
877994
878006
878015
878017
878028
878029
878036
878039
878063
878065
878070
878075
878095
878112
878113
878120
878123
878127
878146
878149
878150
878150
878188
878228
878229
878275
878294
878301
878302
878309
878311
878315
878343
878347
878363
878368
878368
878391
878393
878395
878414
878421
878429
878453
878470
878472
878474
878482
878495
878498
878526
878537
878540
878546
878547
878568
878571
878575
878587
878593
878595
878598
878605
878609
878618
878622
878627
878628
878632
878637
878674
878683
878688
878706
878707
878712
878725
878737
878742
878764
878770
878770
878783
878787
878789
878796
878836
878841
878848
878853
878877
878893
878909
878916
878922
878922
878949
878954
878976
878977
878988
878998
879006
879013
879027
879052
879063
879074
879084
879090
879103
879116
879129
879131
879134
879138
879163
879164
879187
879209
879212
879220
879233
879238
879281
879293
879297
879307
879315
879319
879319
879320
879328
879330
879330
879336
879343
879362
879362
879385
879395
879395
879397
879425
879431
879441
879442
879443
879487
879489
879527
879530
879551
879559
879562
879563
879566
879568
879583
879593
879594
879596
879596
879633
879641
879651
879663
879665
879668
879693
879703
879754
879758
879764
879777
879778
879779
879824
879835
879843
879861
879871
879872
879890
879893
879915
879926
879930
879964
879973
879977
879978
879983
879984
879989
879999
880006
880008
880008
880010
880016
880016
880028
880044
880057
880058
880070
880073
880074
880075
880081
880104
880112
880127
880135
880139
880143
880149
880166
880178
880206
880211
880213
880217
880219
880229
880232
880233
880243
880249
880273
880288
880291
880314
880335
880338
880345
880369
880380
880391
880393
880393
880394
880443
880444
880451
880452
880456
880457
880495
880499
880510
880529
880530
880532
880538
880547
880557
880566
880581
880591
880597
880610
880615
880625
880660
880661
880669
880675
880676
880686
880695
880698
880705
880715
880719
880724
880724
880748
880754
880776
880788
880790
880796
880807
880826
880832
880874
880881
880884
880926
880934
880937
880938
880948
880952
880958
880990
880996
881001
881004
881010
881011
881012
881015
881015
881032
881041
881058
881058
881062
881088
881089
881100
881106
881107
881111
881151
881163
881168
881172
881179
881190
881192
881193
881203
881222
881224
881241
881280
881294
881295
881297
881300
881301
881304
881307
881308
881309
881317
881319
881332
881372
881394
881399
881410
881420
881423
881431
881439
881441
881445
881449
881499
881516
881519
881522
881527
881532
881541
881564
881565
881588
881590
881597
881602
881609
881612
881618
881640
881646
881659
881660
881669
881680
881702
881708
881715
881721
881750
881752
881754
881754
881757
881764
881766
881779
881809
881841
881846
881849
881851
881856
881869
881871
881880
881882
881886
881887
881887
881905
881909
881914
881916
881917
881935
881971
881994
882011
882012
882042
882044
882051
882067
882074
882080
882091
882096
882121
882128
882132
882135
882143
882164
882170
882173
882183
882185
882203
882242
882255
882256
882257
882262
882269
882283
882320
882321
882332
882340
882345
882361
882372
882374
882375
882376
882384
882384
882392
882392
882399
882400
882406
882418
882420
882458
882498
882508
882519
882532
882538
882538
882549
882571
882579
882590
882592
882593
882593
882596
882604
882629
882630
882682
882682
882689
882700
882702
882712
882733
882739
882750
882771
882799
882801
882825
882876
882895
882898
882904
882906
882912
882913
882919
882927
882939
882940
882940
882943
882955
882999
883000
883005
883021
883029
883030
883030
883036
883040
883057
883070
883077
883094
883102
883114
883119
883120
883121
883122
883124
883130
883151
883159
883165
883185
883191
883232
883235
883241
883243
883245
883251
883254
883270
883276
883278
883280
883302
883307
883323
883323
883327
883345
883359
883369
883375
883417
883426
883440
883455
883456
883465
883473
883478
883491
883504
883511
883516
883553
883564
883566
883583
883583
883583
883594
883607
883614
883645
883647
883656
883663
883676
883680
883690
883693
883694
883699
883701
883718
883721
883728
883776
883782
883801
883802
883824
883827
883828
883836
883847
883858
883858
883867
883886
883887
883906
883915
883918
883936
883945
883946
883973
883997
883998
883998
884029
884035
884046
884073
884075
884116
884129
884135
884138
884145
884149
884179
884183
884185
884195
884200
884202
884209
884211
884260
884266
884293
884298
884308
884317
884319
884327
884334
884343
884363
884374
884383
884394
884420
884426
884459
884461
884465
884468
884469
884483
884484
884513
884523
884528
884532
884533
884550
884562
884564
884578
884585
884616
884645
884649
884671
884682
884690
884696
884717
884718
884723
884732
884773
884775
884790
884791
884792
884795
884796
884813
884826
884837
884849
884852
884863
884864
884864
884873
884885
884907
884916
884920
884922
884945
884962
884971
884986
884988
885001
885006
885007
885016
885021
885021
885033
885073
885075
885085
885093
885110
885118
885133
885152
885172
885181
885206
885206
885215
885220
885237
885240
885262
885263
885270
885310
885327
885328
885333
885341
885384
885401
885420
885427
885433
885434
885446
885446
885446
885447
885448
885450
885481
885484
885485
885490
885491
885493
885524
885525
885542
885584
885591
885602
885606
885626
885632
885634
885638
885644
885646
885666
885670
885712
885713
885722
885731
885757
885759
885763
885767
885770
885775
885776
885812
885816
885823
885844
885845
885849
885860
885869
885872
885890
885903
885915
885922
885923
885933
885943
885976
885977
885979
885981
885992
885992
886043
886045
886047
886056
886063
886083
886096
886143
886155
886158
886160
886161
886169
886193
886208
886220
886223
886262
886280
886283
886292
886293
886294
886328
886332
886341
886343
886349
886355
886365
886376
886381
886390
886422
886422
886428
886430
886437
886439
886444
886452
886463
886468
886477
886491
886492
886511
886514
886514
886520
886525
886541
886594
886597
886606
886615
886630
886642
886648
886656
886679
886685
886719
886728
886743
886750
886752
886754
886780
886783
886789
886797
886808
886815
886817
886823
886841
886845
886865
886870
886875
886887
886887
886890
886927
886930
886933
886941
886979
886980
886980
886984
886995
887016
887031
887033
887040
887058
887063
887072
887073
887073
887085
887089
887123
887143
887160
887170
887180
887206
887208
887214
887219
887220
887231
887231
887235
887237
887250
887254
887270
887281
887283
887318
887340
887342
887348
887353
887358
887362
887377
887382
887392
887396
887401
887411
887435
887440
887451
887465
887467
887476
887478
887487
887494
887503
887505
887507
887535
887577
887587
887595
887601
887601
887613
887615
887625
887629
887635
887644
887648
887665
887681
887691
887700
887704
887711
887718
887721
887728
887741
887742
887745
887753
887754
887755
887758
887762
887767
887767
887811
887813
887816
887820
887828
887846
887850
887861
887871
887885
887900
887907
887907
887930
887937
887954
887965
887971
887975
887990
887992
887993
888007
888008
888010
888011
888013
888018
888025
888030
888031
888034
888054
888072
888088
888088
888090
888090
888098
888114
888127
888129
888129
888132
888159
888162
888166
888202
888209
888229
888237
888248
888249
888253
888257
888261
888264
888267
888300
888319
888329
888345
888381
888393
888412
888429
888435
888441
888442
888451
888466
888475
888482
888498
888499
888530
888538
888541
888542
888567
888574
888576
888579
888579
888580
888587
888590
888590
888592
888596
888599
888607
888618
888621
888623
888626
888656
888659
888664
888669
888674
888681
888685
888722
888722
888725
888748
888755
888759
888765
888769
888769
888791
888812
888812
888838
888844
888844
888848
888862
888875
888886
888906
888912
888926
888926
888950
888956
888963
889007
889026
889030
889054
889056
889062
889069
889084
889091
889099
889116
889124
889133
889136
889150
889153
889178
889192
889204
889211
889242
889257
889259
889281
889286
889304
889309
889315
889330
889334
889335
889337
889354
889366
889367
889377
889379
889384
889396
889408
889413
889426
889443
889463
889471
889479
889539
889539
889552
889557
889559
889568
889569
889584
889585
889587
889612
889616
889619
889628
889631
889652
889660
889663
889666
889672
889678
889711
889718
889726
889768
889772
889778
889781
889785
889786
889793
889795
889814
889825
889828
889840
889872
889902
889926
889934
889941
889944
889977
889992
890012
890035
890036
890040
890047
890061
890072
890082
890082
890084
890091
890093
890095
890099
890101
890103
890104
890118
890131
890133
890139
890143
890163
890187
890192
890205
890220
890228
890231
890243
890251
890265
890266
890275
890277
890291
890293
890293
890300
890313
890335
890338
890349
890351
890354
890359
890379
890388
890399
890400
890435
890444
890451
890489
890494
890496
890508
890543
890548
890551
890566
890577
890580
890584
890589
890605
890641
890643
890651
890718
890734
890743
890759
890766
890767
890771
890821
890832
890841
890862
890864
890874
890886
890886
890908
890919
890928
890941
890956
890960
890996
891008
891014
891017
891018
891023
891024
891029
891031
891031
891045
891074
891089
891090
891104
891106
891108
891109
891123
891138
891151
891156
891157
891167
891167
891191
891197
891206
891234
891263
891277
891290
891307
891314
891323
891326
891327
891336
891337
891364
891369
891384
891388
891399
891411
891421
891421
891421
891424
891447
891455
891464
891468
891485
891493
891566
891571
891588
891591
891596
891624
891635
891636
891636
891675
891680
891695
891714
891732
891744
891780
891782
891796
891838
891843
891847
891860
891871
891872
891874
891891
891894
891920
891926
891939
891947
891951
891960
891966
891972
891981
891983
891986
891990
892027
892029
892045
892066
892083
892089
892108
892111
892116
892134
892139
892206
892210
892211
892217
892220
892238
892242
892245
892256
892269
892279
892279
892292
892321
892324
892341
892342
892351
892364
892375
892415
892481
892489
892496
892507
892520
892528
892546
892552
892562
892567
892568
892579
892584
892597
892600
892602
892616
892621
892634
892670
892670
892685
892694
892697
892705
892705
892708
892721
892728
892739
892740
892759
892761
892766
892782
892786
892789
892824
892825
892842
892859
892887
892901
892904
892905
892921
892926
892929
892934
892969
892976
892978
893005
893013
893019
893024
893047
893051
893065
893080
893092
893102
893104
893111
893123
893131
893158
893166
893195
893197
893198
893199
893221
893226
893235
893243
893247
893252
893261
893287
893346
893348
893351
893371
893397
893399
893404
893407
893410
893417
893418
893418
893424
893456
893458
893467
893472
893479
893487
893494
893507
893508
893509
893512
893524
893553
893564
893564
893574
893577
893587
893599
893606
893613
893624
893631
893641
893656
893675
893696
893697
893700
893771
893773
893782
893783
893785
893788
893799
893809
893817
893817
893831
893840
893858
893863
893870
893872
893876
893877
893895
893899
893902
893905
893915
893925
893928
893941
893949
893962
893970
893971
893973
893982
894000
894009
894013
894016
894016
894021
894029
894041
894058
894082
894084
894090
894094
894105
894107
894109
894125
894138
894143
894152
894156
894183
894186
894199
894202
894224
894231
894250
894254
894270
894273
894277
894294
894324
894333
894337
894361
894376
894378
894381
894387
894388
894389
894395
894402
894403
894406
894419
894447
894456
894472
894472
894493
894507
894529
894541
894572
894576
894585
894586
894586
894593
894616
894636
894639
894650
894658
894661
894662
894674
894683
894697
894699
894701
894716
894718
894728
894750
894757
894761
894761
894765
894791
894800
894838
894858
894881
894912
894918
894923
894936
894950
894953
894963
894966
894967
894993
894994
894998
895002
895010
895018
895020
895028
895073
895089
895096
895097
895102
895109
895115
895116
895140
895154
895163
895164
895182
895215
895223
895244
895248
895260
895263
895270
895284
895301
895307
895322
895346
895361
895363
895366
895387
895421
895448
895450
895453
895478
895487
895488
895490
895506
895510
895511
895514
895524
895530
895533
895555
895568
895570
895571
895592
895607
895615
895628
895645
895651
895677
895682
895685
895704
895719
895732
895760
895761
895772
895781
895799
895843
895866
895867
895875
895884
895912
895912
895919
895927
895957
895957
895970
895990
896004
896053
896088
896095
896099
896105
896110
896114
896133
896142
896161
896192
896193
896203
896221
896231
896246
896255
896260
896261
896295
896328
896351
896351
896361
896370
896377
896386
896399
896399
896400
896417
896437
896438
896467
896469
896485
896498
896503
896510
896520
896521
896521
896553
896578
896581
896585
896593
896600
896619
896625
896634
896678
896682
896686
896703
896706
896706
896707
896718
896722
896739
896746
896762
896765
896774
896794
896808
896831
896832
896841
896848
896853
896888
896892
896892
896895
896904
896908
896916
896924
896941
896948
896960
896972
896984
896992
897058
897059
897078
897078
897095
897100
897105
897107
897109
897116
897119
897149
897153
897166
897184
897184
897194
897194
897214
897224
897226
897254
897267
897272
897291
897321
897355
897356
897366
897373
897385
897389
897415
897442
897445
897447
897493
897516
897519
897522
897527
897541
897551
897551
897555
897563
897566
897572
897577
897604
897606
897608
897614
897620
897628
897639
897645
897651
897653
897691
897694
897704
897708
897723
897726
897728
897734
897740
897752
897762
897764
897767
897794
897813
897815
897818
897830
897839
897862
897862
897864
897876
897894
897898
897905
897920
897931
897936
897946
897960
897960
897967
897971
897972
897988
897991
898003
898030
898058
898067
898068
898075
898080
898109
898134
898150
898152
898180
898181
898187
898204
898210
898213
898214
898241
898255
898271
898273
898275
898287
898290
898290
898297
898309
898312
898321
898324
898326
898329
898337
898348
898357
898362
898366
898375
898383
898385
898391
898396
898421
898438
898458
898459
898470
898479
898483
898486
898486
898486
898487
898492
898508
898518
898529
898543
898544
898550
898551
898552
898557
898562
898592
898592
898597
898619
898654
898658
898662
898676
898708
898716
898762
898764
898766
898775
898780
898780
898790
898791
898803
898805
898809
898823
898825
898830
898855
898860
898865
898873
898886
898892
898920
898921
898934
898939
898967
898987
899019
899019
899030
899031
899037
899038
899041
899045
899047
899048
899086
899101
899104
899108
899121
899124
899126
899129
899141
899155
899164
899167
899167
899174
899183
899184
899186
899186
899206
899211
899223
899223
899225
899225
899225
899258
899271
899278
899279
899279
899297
899300
899311
899312
899312
899327
899329
899342
899380
899409
899413
899429
899433
899436
899438
899460
899461
899471
899479
899487
899504
899512
899520
899528
899552
899568
899582
899582
899592
899612
899621
899635
899635
899641
899644
899644
899644
899655
899662
899669
899670
899675
899685
899713
899735
899735
899743
899783
899789
899800
899815
899816
899860
899863
899872
899876
899881
899892
899912
899919
899921
899932
899934
899951
899974
899975
899976
899985
899997
900009
900011
900027
900041
900044
900046
900048
900069
900073
900075
900082
900092
900108
900113
900144
900150
900157
900164
900172
900172
900174
900180
900185
900193
900193
900210
900239
900262
900271
900272
900276
900277
900282
900298
900300
900302
900315
900322
900328
900346
900347
900348
900348
900352
900365
900381
900386
900389
900403
900412
900418
900419
900423
900428
900435
900450
900451
900453
900461
900462
900467
900468
900483
900484
900494
900515
900519
900522
900531
900533
900541
900542
900542
900568
900574
900575
900586
900598
900598
900617
900624
900631
900638
900641
900642
900646
900647
900649
900661
900682
900743
900745
900759
900765
900767
900771
900771
900774
900775
900800
900804
900816
900818
900838
900842
900863
900882
900896
900908
900921
900925
900927
900929
900948
900951
900951
900970
900978
900984
900985
900996
901004
901007
901008
901034
901050
901058
901067
901085
901093
901096
901116
901144
901164
901173
901178
901186
901200
901200
901232
901238
901240
901243
901267
901274
901293
901303
901304
901348
901355
901365
901385
901400
901401
901414
901419
901420
901479
901493
901495
901513
901522
901531
901539
901546
901549
901554
901557
901567
901573
901584
901589
901596
901598
901600
901606
901612
901613
901635
901637
901644
901677
901702
901704
901705
901708
901722
901727
901732
901734
901734
901755
901758
901766
901772
901783
901785
901810
901811
901821
901825
901868
901870
901872
901897
901907
901918
901919
901926
901938
901945
901953
901970
901976
901979
901980
901982
902005
902026
902027
902052
902055
902116
902127
902140
902143
902144
902145
902156
902183
902185
902197
902213
902215
902226
902238
902246
902249
902274
902279
902280
902294
902310
902310
902315
902342
902349
902354
902376
902380
902381
902386
902386
902404
902420
902433
902436
902440
902449
902467
902478
902481
902492
902493
902500
902503
902521
902552
902576
902583
902643
902667
902674
902677
902682
902690
902708
902713
902715
902715
902728
902739
902744
902775
902790
902810
902811
902821
902823
902826
902826
902832
902837
902845
902858
902876
902878
902900
902901
902913
902922
902923
902956
902980
902993
903011
903028
903030
903033
903035
903037
903047
903050
903058
903059
903065
903067
903068
903106
903110
903131
903138
903145
903146
903155
903160
903166
903171
903177
903190
903218
903219
903224
903236
903242
903285
903303
903310
903316
903317
903322
903338
903347
903357
903360
903363
903366
903369
903370
903389
903397
903409
903412
903417
903420
903425
903429
903439
903455
903488
903491
903502
903507
903551
903562
903575
903607
903610
903616
903627
903676
903679
903686
903720
903740
903759
903772
903781
903799
903815
903818
903853
903854
903858
903875
903891
903910
903913
903914
903925
903929
903935
903937
903939
903943
903945
903952
903954
903980
903983
903994
904004
904007
904008
904015
904033
904033
904052
904073
904099
904106
904112
904133
904138
904145
904158
904163
904170
904170
904174
904184
904201
904222
904227
904228
904249
904254
904257
904263
904270
904284
904291
904304
904323
904335
904335
904344
904355
904390
904413
904426
904428
904447
904467
904471
904483
904484
904506
904507
904515
904521
904542
904542
904567
904604
904632
904642
904642
904652
904680
904682
904687
904707
904730
904741
904746
904747
904771
904786
904803
904804
904817
904823
904831
904835
904844
904847
904874
904902
904905
904909
904924
904926
904953
904958
904963
904964
904968
904977
905018
905047
905082
905086
905087
905097
905100
905104
905110
905111
905112
905121
905128
905150
905182
905185
905216
905277
905281
905302
905305
905314
905324
905368
905369
905370
905371
905375
905386
905394
905394
905396
905411
905444
905450
905456
905480
905483
905495
905498
905509
905518
905522
905550
905555
905555
905581
905583
905584
905586
905589
905592
905600
905610
905625
905630
905658
905662
905695
905749
905780
905785
905791
905793
905805
905824
905839
905885
905885
905890
905899
905903
905924
905935
905953
905955
905967
905984
905991
905996
906002
906018
906021
906025
906032
906040
906049
906066
906073
906076
906078
906096
906113
906119
906128
906132
906138
906139
906143
906145
906150
906150
906151
906187
906191
906197
906210
906236
906257
906259
906261
906269
906303
906308
906323
906325
906335
906352
906371
906386
906387
906392
906405
906412
906422
906427
906439
906445
906456
906457
906458
906464
906468
906471
906477
906483
906491
906506
906507
906510
906511
906516
906538
906562
906565
906567
906585
906596
906606
906607
906610
906610
906617
906629
906667
906685
906686
906724
906730
906734
906739
906744
906750
906764
906776
906782
906812
906817
906822
906829
906829
906831
906832
906839
906848
906859
906893
906905
906918
906930
906937
906938
906965
906978
906995
907010
907021
907033
907034
907056
907079
907084
907105
907119
907126
907143
907148
907148
907152
907160
907163
907185
907201
907202
907204
907211
907226
907233
907247
907249
907249
907251
907275
907288
907293
907314
907325
907326
907330
907332
907337
907337
907351
907372
907377
907378
907387
907390
907395
907397
907398
907406
907416
907429
907438
907449
907454
907471
907481
907487
907493
907508
907520
907529
907538
907595
907604
907610
907616
907641
907643
907652
907653
907655
907669
907677
907679
907682
907684
907692
907703
907704
907706
907712
907713
907724
907731
907731
907733
907733
907737
907740
907784
907785
907796
907803
907816
907838
907852
907875
907877
907880
907883
907935
907951
907956
907970
907974
907976
907976
907985
908020
908022
908024
908029
908048
908051
908071
908073
908079
908088
908090
908111
908117
908122
908126
908132
908139
908140
908141
908142
908160
908163
908172
908194
908205
908209
908225
908240
908253
908255
908255
908308
908318
908320
908334
908338
908342
908377
908388
908393
908407
908407
908415
908416
908417
908439
908445
908487
908487
908495
908496
908523
908530
908533
908534
908565
908580
908604
908607
908610
908616
908627
908636
908640
908658
908661
908676
908691
908701
908711
908718
908739
908739
908749
908750
908756
908759
908760
908766
908787
908794
908815
908826
908827
908834
908846
908854
908873
908881
908900
908924
908924
908926
908927
908932
908954
908955
908955
908958
908962
908968
908981
908985
908988
909006
909006
909008
909014
909022
909026
909027
909030
909037
909042
909075
909075
909098
909100
909101
909105
909108
909120
909138
909141
909155
909166
909187
909205
909207
909209
909210
909222
909226
909230
909238
909248
909259
909261
909272
909273
909301
909313
909325
909335
909361
909371
909417
909422
909424
909434
909445
909449
909454
909464
909465
909465
909479
909483
909499
909502
909505
909511
909512
909516
909516
909545
909545
909549
909579
909584
909600
909609
909612
909619
909648
909655
909662
909677
909713
909729
909745
909755
909784
909786
909805
909807
909810
909825
909851
909856
909863
909886
909900
909904
909912
909914
909915
909938
909945
909953
909961
909962
909963
909982
909983
909995
909999
910004
910011
910021
910024
910026
910027
910029
910036
910076
910078
910083
910083
910087
910087
910115
910140
910140
910143
910152
910159
910175
910177
910182
910183
910197
910213
910227
910233
910242
910254
910264
910296
910313
910315
910324
910325
910330
910365
910376
910389
910410
910416
910433
910448
910461
910474
910490
910492
910492
910527
910537
910539
910540
910559
910579
910623
910630
910685
910688
910689
910689
910696
910712
910722
910761
910771
910772
910773
910784
910790
910809
910844
910846
910847
910860
910877
910897
910907
910913
910915
910935
910945
910952
910952
910960
910961
910962
910965
910977
910985
910987
911006
911013
911055
911062
911070
911071
911077
911098
911099
911100
911106
911109
911117
911144
911161
911165
911171
911176
911182
911198
911198
911200
911214
911222
911240
911241
911244
911250
911257
911264
911265
911277
911285
911286
911291
911297
911305
911332
911336
911340
911356
911374
911382
911387
911402
911411
911434
911437
911440
911451
911476
911480
911485
911497
911514
911525
911557
911559
911573
911583
911587
911598
911598
911605
911622
911626
911637
911639
911641
911643
911659
911669
911675
911681
911696
911699
911743
911756
911782
911800
911804
911815
911820
911833
911836
911843
911843
911851
911878
911886
911898
911899
911902
911907
911913
911931
911939
911981
911986
911994
911998
912002
912008
912013
912029
912035
912037
912051
912075
912076
912098
912105
912107
912110
912123
912155
912155
912167
912168
912216
912230
912231
912233
912245
912248
912279
912284
912319
912354
912362
912368
912380
912382
912402
912414
912418
912453
912462
912481
912491
912496
912504
912532
912543
912553
912564
912597
912608
912621
912631
912635
912650
912658
912660
912666
912673
912674
912684
912691
912695
912699
912732
912768
912773
912777
912779
912779
912783
912790
912801
912807
912808
912823
912829
912834
912878
912900
912927
912931
912943
912949
912952
912956
912964
913000
913046
913053
913055
913077
913090
913100
913105
913116
913132
913132
913140
913171
913175
913176
913184
913185
913186
913206
913211
913213
913217
913220
913223
913231
913235
913238
913269
913270
913284
913284
913290
913299
913299
913316
913328
913332
913346
913360
913363
913376
913383
913386
913395
913399
913415
913420
913441
913445
913460
913475
913494
913494
913505
913512
913529
913530
913539
913554
913554
913555
913567
913570
913595
913598
913611
913614
913626
913634
913642
913645
913650
913663
913689
913718
913727
913743
913747
913748
913800
913812
913830
913836
913858
913862
913880
913882
913886
913904
913913
913927
913951
913959
913978
913979
913982
913990
914006
914013
914026
914054
914080
914093
914098
914109
914110
914111
914114
914140
914144
914174
914175
914179
914201
914204
914205
914222
914232
914232
914243
914244
914246
914262
914301
914311
914320
914323
914327
914333
914337
914361
914369
914377
914386
914395
914396
914399
914417
914418
914423
914425
914425
914441
914453
914454
914474
914487
914516
914518
914549
914550
914569
914570
914574
914580
914583
914590
914593
914605
914607
914608
914611
914638
914652
914655
914656
914656
914656
914663
914671
914679
914682
914687
914688
914728
914732
914753
914768
914779
914795
914800
914820
914834
914839
914861
914865
914866
914883
914889
914903
914903
914922
914927
914943
914956
914962
914963
914966
914986
914988
914992
915003
915017
915034
915058
915067
915078
915079
915089
915115
915124
915126
915136
915142
915157
915187
915190
915210
915210
915214
915228
915231
915231
915235
915248
915250
915256
915258
915261
915265
915272
915288
915294
915308
915309
915334
915382
915391
915398
915399
915404
915437
915446
915468
915469
915469
915483
915495
915505
915515
915516
915519
915522
915522
915548
915555
915593
915596
915600
915611
915621
915630
915632
915644
915647
915652
915671
915680
915691
915692
915697
915700
915711
915727
915728
915738
915766
915781
915791
915800
915830
915831
915854
915871
915873
915875
915888
915896
915900
915933
915938
915963
915963
915969
915970
915983
915997
916003
916020
916021
916022
916024
916043
916055
916066
916068
916077
916078
916080
916101
916102
916103
916122
916131
916139
916141
916151
916171
916174
916192
916216
916216
916226
916232
916234
916244
916284
916297
916308
916312
916313
916333
916335
916364
916366
916367
916371
916375
916380
916383
916386
916390
916413
916415
916432
916440
916460
916463
916464
916470
916473
916476
916490
916497
916498
916499
916561
916566
916581
916597
916611
916613
916626
916634
916639
916655
916659
916683
916686
916689
916691
916696
916715
916755
916771
916778
916782
916793
916795
916823
916826
916866
916870
916871
916899
916901
916903
916913
916914
916917
916919
916927
916938
916943
916949
916962
916964
916972
916986
917010
917011
917013
917017
917021
917028
917058
917060
917075
917084
917086
917090
917097
917103
917122
917128
917140
917148
917155
917184
917208
917218
917233
917257
917265
917270
917276
917276
917288
917298
917312
917338
917351
917372
917388
917389
917397
917442
917452
917452
917455
917465
917481
917482
917484
917486
917487
917490
917526
917568
917576
917582
917601
917617
917655
917671
917672
917694
917694
917698
917711
917712
917715
917722
917727
917757
917757
917758
917766
917794
917795
917803
917829
917845
917848
917853
917853
917855
917865
917908
917930
917945
917969
917971
917971
917977
917989
917993
918001
918007
918010
918069
918112
918114
918135
918143
918152
918154
918167
918168
918182
918195
918199
918244
918246
918257
918262
918269
918277
918290
918293
918329
918335
918338
918349
918360
918362
918365
918368
918373
918375
918391
918404
918419
918431
918444
918455
918460
918472
918476
918477
918493
918500
918523
918557
918565
918565
918578
918580
918581
918607
918609
918618
918639
918649
918659
918664
918701
918703
918708
918708
918708
918711
918713
918728
918753
918766
918779
918789
918791
918794
918811
918811
918818
918819
918821
918826
918830
918833
918847
918849
918849
918855
918869
918872
918880
918882
918904
918920
918920
918925
918931
918940
918942
918952
918960
918963
918967
918974
918977
918993
919004
919006
919009
919070
919077
919080
919088
919098
919101
919103
919105
919107
919128
919133
919134
919147
919156
919170
919173
919174
919187
919194
919202
919207
919225
919234
919237
919239
919240
919254
919276
919277
919278
919278
919280
919289
919311
919317
919328
919333
919352
919355
919364
919366
919377
919407
919408
919411
919412
919414
919415
919451
919459
919462
919466
919487
919488
919508
919513
919523
919544
919554
919580
919587
919603
919606
919623
919631
919639
919642
919648
919667
919673
919684
919693
919694
919700
919741
919759
919769
919793
919797
919815
919829
919832
919835
919856
919886
919894
919895
919902
919915
919935
919937
919939
919944
919948
919958
919960
919970
919977
919980
919986
919997
920007
920009
920011
920027
920030
920031
920043
920069
920078
920100
920110
920122
920137
920146
920169
920193
920209
920212
920218
920218
920233
920235
920243
920283
920285
920288
920289
920304
920312
920316
920335
920350
920356
920359
920361
920400
920411
920435
920437
920440
920440
920470
920487
920487
920491
920533
920540
920542
920550
920553
920555
920567
920579
920595
920601
920603
920624
920632
920633
920633
920650
920655
920667
920667
920674
920683
920703
920714
920722
920726
920734
920735
920752
920764
920765
920782
920788
920792
920817
920845
920852
920859
920862
920869
920887
920892
920935
920945
920945
920962
920996
920996
921018
921033
921034
921047
921049
921063
921068
921069
921071
921084
921088
921095
921099
921106
921112
921116
921124
921127
921133
921134
921141
921150
921166
921171
921183
921194
921200
921203
921216
921219
921223
921234
921251
921263
921268
921283
921284
921285
921290
921313
921315
921325
921333
921337
921338
921341
921372
921383
921398
921412
921418
921433
921435
921440
921459
921462
921475
921499
921513
921514
921531
921533
921538
921561
921575
921577
921605
921628
921633
921635
921662
921666
921682
921689
921691
921711
921720
921731
921731
921754
921769
921779
921786
921791
921810
921810
921825
921835
921846
921856
921868
921875
921879
921894
921896
921899
921909
921932
921944
921952
921956
921962
921963
921971
921980
922000
922001
922030
922047
922052
922053
922059
922070
922072
922096
922103
922111
922113
922134
922134
922137
922144
922152
922180
922183
922188
922204
922205
922215
922228
922244
922249
922254
922277
922278
922290
922303
922320
922343
922353
922354
922365
922373
922378
922382
922405
922409
922432
922442
922479
922485
922496
922503
922503
922510
922512
922516
922517
922527
922537
922538
922551
922553
922559
922562
922575
922578
922581
922584
922592
922595
922596
922608
922614
922616
922633
922633
922641
922645
922646
922647
922647
922656
922659
922668
922673
922698
922710
922718
922731
922736
922738
922776
922780
922792
922793
922801
922803
922819
922825
922847
922849
922853
922863
922872
922883
922896
922912
922912
922920
922920
922935
922952
922963
922974
922984
923005
923009
923011
923011
923035
923039
923055
923080
923084
923088
923109
923111
923117
923131
923143
923144
923147
923154
923156
923169
923175
923224
923236
923255
923256
923270
923273
923276
923293
923302
923336
923352
923358
923368
923371
923374
923377
923377
923379
923381
923387
923404
923423
923429
923429
923432
923434
923436
923437
923441
923447
923448
923466
923471
923473
923498
923505
923521
923529
923539
923544
923555
923585
923588
923595
923599
923622
923636
923666
923679
923682
923684
923691
923691
923696
923704
923708
923737
923752
923759
923762
923770
923772
923778
923783
923802
923820
923828
923838
923883
923893
923893
923897
923906
923908
923917
923928
923936
923939
923943
923989
924004
924005
924013
924014
924014
924031
924041
924054
924078
924120
924127
924133
924135
924140
924142
924150
924153
924162
924169
924184
924201
924207
924213
924218
924225
924234
924235
924237
924253
924255
924256
924280
924294
924302
924308
924326
924336
924348
924352
924367
924374
924386
924403
924408
924410
924421
924430
924442
924447
924449
924453
924458
924471
924471
924478
924487
924497
924499
924512
924521
924531
924532
924533
924541
924559
924563
924568
924576
924581
924582
924594
924601
924615
924622
924622
924632
924633
924640
924648
924648
924650
924651
924669
924676
924678
924699
924720
924725
924732
924733
924743
924757
924761
924763
924765
924771
924789
924804
924807
924810
924852
924855
924856
924860
924903
924909
924914
924919
924923
924924
924956
924988
925019
925021
925025
925035
925039
925041
925048
925053
925055
925057
925059
925061
925068
925088
925088
925091
925091
925096
925109
925113
925155
925177
925182
925193
925196
925199
925203
925212
925213
925220
925226
925239
925249
925250
925251
925269
925273
925277
925306
925341
925373
925379
925379
925398
925398
925405
925438
925441
925454
925465
925475
925483
925488
925515
925531
925532
925534
925542
925546
925586
925588
925593
925605
925607
925608
925629
925639
925646
925651
925652
925655
925663
925681
925686
925705
925729
925739
925745
925751
925759
925768
925795
925799
925813
925823
925839
925843
925853
925856
925860
925868
925881
925885
925888
925905
925909
925912
925913
925914
925935
925941
925947
925975
925978
925978
925998
926010
926011
926014
926041
926044
926051
926052
926055
926064
926075
926081
926096
926135
926145
926156
926170
926180
926182
926189
926195
926213
926234
926242
926245
926273
926277
926279
926281
926342
926360
926391
926395
926402
926404
926413
926437
926464
926465
926466
926486
926496
926524
926580
926589
926600
926602
926623
926624
926645
926658
926670
926699
926719
926733
926736
926742
926747
926748
926766
926780
926792
926796
926801
926826
926833
926862
926865
926868
926874
926885
926897
926907
926909
926909
926925
926926
926927
926934
926938
926944
926956
926964
926969
927006
927012
927015
927019
927029
927035
927045
927061
927080
927110
927118
927133
927143
927149
927150
927164
927165
927186
927192
927192
927211
927236
927247
927250
927257
927264
927264
927269
927272
927294
927299
927308
927329
927333
927347
927352
927355
927361
927377
927380
927384
927390
927409
927412
927413
927413
927478
927481
927484
927503
927508
927517
927520
927530
927531
927532
927537
927539
927541
927567
927567
927575
927578
927582
927585
927593
927610
927620
927641
927643
927655
927657
927668
927676
927679
927682
927716
927726
927759
927767
927770
927781
927819
927825
927863
927869
927883
927883
927890
927894
927908
927923
927926
927944
927948
927974
927980
927985
927995
928011
928020
928043
928049
928060
928098
928112
928116
928118
928118
928124
928128
928136
928142
928145
928154
928169
928175
928177
928178
928196
928229
928229
928246
928250
928261
928266
928288
928291
928295
928302
928310
928317
928336
928343
928358
928380
928387
928397
928398
928417
928421
928439
928455
928457
928471
928484
928491
928496
928505
928507
928522
928568
928571
928588
928593
928600
928608
928611
928615
928625
928634
928662
928662
928682
928687
928699
928703
928707
928732
928734
928734
928735
928742
928761
928782
928784
928794
928808
928819
928821
928822
928825
928830
928837
928840
928849
928852
928854
928860
928862
928883
928924
928933
928936
928944
928950
928965
928989
928995
929009
929014
929020
929032
929038
929049
929071
929093
929093
929094
929097
929097
929101
929110
929110
929121
929136
929137
929152
929153
929156
929176
929177
929190
929216
929216
929218
929218
929222
929226
929228
929237
929243
929245
929279
929285
929286
929289
929291
929291
929295
929309
929315
929325
929341
929343
929345
929352
929356
929367
929374
929384
929407
929427
929428
929435
929447
929452
929465
929484
929490
929496
929497
929502
929510
929517
929532
929536
929547
929549
929554
929558
929579
929591
929594
929596
929618
929620
929621
929628
929630
929649
929675
929684
929698
929700
929705
929729
929736
929746
929752
929753
929769
929771
929782
929784
929792
929812
929815
929816
929816
929819
929841
929904
929936
929948
929949
929958
929970
929986
930003
930005
930007
930016
930028
930056
930110
930127
930143
930155
930167
930174
930175
930181
930182
930189
930192
930206
930210
930216
930224
930241
930273
930277
930286
930297
930306
930319
930320
930323
930356
930368
930371
930371
930377
930394
930406
930411
930441
930441
930447
930476
930477
930505
930516
930518
930531
930533
930534
930539
930547
930549
930549
930558
930563
930580
930591
930598
930599
930608
930614
930616
930616
930620
930624
930626
930630
930644
930647
930653
930653
930658
930661
930677
930680
930701
930707
930721
930741
930753
930755
930757
930762
930764
930772
930785
930789
930812
930813
930843
930854
930858
930875
930879
930897
930902
930902
930904
930910
930918
930924
930939
930946
930953
930970
930988
931015
931015
931019
931019
931026
931032
931063
931072
931081
931093
931098
931112
931121
931139
931145
931148
931159
931172
931175
931175
931184
931184
931194
931196
931204
931204
931223
931232
931288
931295
931309
931310
931324
931334
931343
931343
931354
931380
931393
931435
931449
931450
931451
931455
931455
931472
931496
931497
931514
931515
931528
931537
931543
931547
931568
931571
931582
931596
931605
931619
931627
931660
931670
931688
931691
931693
931696
931702
931711
931736
931743
931747
931750
931761
931786
931808
931833
931837
931875
931875
931901
931928
931937
931950
931952
931961
931975
931987
931994
931998
932004
932007
932008
932013
932038
932042
932047
932078
932081
932090
932129
932148
932151
932153
932156
932168
932174
932186
932188
932189
932195
932200
932213
932216
932218
932230
932234
932247
932249
932252
932268
932281
932318
932319
932328
932337
932339
932362
932382
932390
932396
932405
932406
932437
932450
932455
932480
932521
932528
932531
932544
932544
932548
932548
932560
932564
932566
932574
932575
932607
932611
932617
932633
932640
932655
932657
932678
932682
932687
932692
932703
932727
932756
932761
932770
932781
932785
932793
932794
932797
932811
932834
932843
932852
932854
932869
932873
932882
932884
932915
932917
932921
932931
932949
932954
932969
932981
932990
933001
933005
933031
933032
933048
933054
933056
933075
933080
933108
933108
933119
933124
933124
933154
933165
933182
933184
933198
933204
933215
933234
933245
933255
933262
933263
933267
933272
933281
933306
933322
933335
933347
933380
933381
933384
933386
933390
933398
933407
933422
933426
933441
933443
933443
933450
933466
933480
933488
933494
933496
933500
933501
933502
933508
933517
933519
933539
933560
933561
933562
933566
933590
933593
933619
933628
933676
933684
933690
933693
933694
933701
933711
933717
933727
933732
933732
933773
933780
933782
933787
933788
933824
933838
933838
933850
933860
933866
933879
933880
933882
933886
933911
933914
933922
933925
933941
933944
933954
933954
933958
933963
933970
934022
934029
934031
934033
934045
934069
934072
934089
934110
934114
934138
934149
934156
934167
934169
934173
934174
934185
934194
934204
934210
934211
934213
934227
934237
934256
934280
934284
934286
934292
934294
934295
934308
934326
934332
934389
934411
934411
934436
934439
934440
934440
934449
934459
934465
934480
934494
934504
934506
934507
934510
934523
934545
934570
934602
934605
934627
934649
934649
934653
934662
934671
934675
934696
934713
934716
934722
934729
934736
934757
934758
934758
934773
934791
934792
934804
934807
934821
934823
934827
934831
934844
934845
934849
934853
934857
934879
934921
934927
934939
934951
934954
934969
934971
934973
934977
935004
935010
935011
935011
935017
935034
935047
935061
935062
935074
935081
935087
935088
935093
935095
935103
935105
935121
935122
935126
935137
935159
935177
935183
935198
935218
935230
935241
935253
935253
935255
935258
935270
935270
935281
935282
935296
935299
935311
935317
935348
935359
935365
935370
935394
935411
935421
935429
935431
935441
935455
935457
935476
935479
935500
935501
935511
935556
935568
935572
935576
935601
935607
935610
935613
935617
935628
935642
935664
935671
935683
935688
935714
935723
935723
935738
935784
935816
935820
935822
935842
935905
935920
935932
935941
935943
935946
935947
935955
935975
935976
935976
936002
936006
936011
936051
936065
936114
936119
936128
936128
936129
936151
936159
936161
936165
936203
936208
936224
936252
936266
936268
936271
936274
936275
936275
936275
936278
936284
936302
936309
936312
936312
936338
936338
936358
936365
936367
936373
936385
936393
936393
936396
936402
936432
936434
936436
936444
936485
936496
936523
936559
936565
936569
936587
936591
936593
936619
936621
936626
936627
936629
936636
936649
936659
936673
936677
936689
936730
936737
936747
936751
936754
936765
936768
936782
936786
936789
936790
936800
936809
936830
936854
936869
936872
936879
936887
936889
936901
936914
936918
936919
936919
936932
936939
936944
936959
936962
936962
936964
936989
936994
936997
937007
937041
937068
937087
937089
937092
937142
937155
937161
937165
937167
937174
937182
937230
937233
937245
937254
937255
937256
937278
937286
937291
937295
937298
937304
937306
937314
937325
937330
937332
937333
937349
937349
937356
937365
937383
937387
937390
937398
937402
937405
937405
937421
937424
937440
937451
937476
937477
937484
937491
937492
937493
937493
937493
937500
937501
937512
937520
937520
937528
937530
937540
937548
937569
937575
937593
937620
937626
937633
937637
937653
937657
937660
937672
937677
937689
937693
937718
937742
937748
937788
937792
937831
937833
937833
937838
937844
937857
937875
937901
937908
937915
937919
937921
937922
937924
937935
937937
937964
937966
937966
937986
937991
938003
938003
938006
938026
938029
938035
938042
938049
938056
938067
938085
938089
938093
938109
938113
938150
938155
938162
938169
938172
938177
938182
938184
938196
938203
938219
938230
938233
938237
938258
938266
938271
938272
938280
938280
938287
938298
938302
938317
938343
938345
938358
938362
938367
938376
938394
938396
938402
938413
938426
938428
938439
938455
938459
938507
938559
938564
938582
938585
938590
938593
938614
938619
938622
938633
938654
938655
938676
938689
938716
938722
938725
938727
938732
938738
938742
938744
938762
938772
938775
938782
938785
938791
938808
938809
938820
938825
938826
938849
938865
938880
938886
938888
938892
938906
938907
938907
938915
938936
938936
938951
938968
938989
939018
939020
939038
939043
939046
939048
939076
939078
939084
939095
939096
939098
939107
939107
939143
939149
939159
939161
939174
939176
939180
939206
939209
939212
939218
939223
939224
939226
939228
939251
939252
939255
939258
939261
939264
939267
939278
939280
939289
939311
939326
939333
939337
939346
939354
939364
939411
939411
939415
939420
939430
939441
939442
939442
939445
939451
939455
939463
939467
939467
939470
939480
939487
939488
939491
939496
939511
939534
939549
939552
939568
939589
939598
939606
939607
939612
939622
939627
939633
939636
939642
939650
939669
939683
939718
939718
939720
939724
939729
939741
939743
939759
939772
939799
939805
939830
939832
939861
939863
939882
939891
939896
939899
939920
939936
939942
939949
939950
939957
939963
939963
939967
939979
939985
939992
940008
940018
940019
940046
940048
940069
940087
940092
940101
940128
940129
940136
940139
940141
940148
940155
940159
940182
940197
940232
940239
940267
940294
940295
940298
940305
940320
940323
940339
940341
940346
940351
940355
940355
940362
940367
940370
940373
940375
940386
940400
940402
940405
940409
940415
940421
940448
940449
940470
940476
940482
940514
940522
940542
940553
940555
940569
940569
940580
940581
940583
940611
940635
940640
940651
940662
940666
940681
940687
940690
940697
940702
940713
940722
940740
940748
940748
940751
940752
940763
940778
940780
940787
940790
940794
940796
940839
940844
940855
940875
940878
940886
940894
940907
940937
940940
940943
940944
940945
940954
940966
940979
940979
941003
941008
941008
941012
941014
941052
941066
941069
941083
941086
941087
941095
941130
941138
941142
941143
941168
941201
941225
941227
941229
941236
941245
941246
941247
941250
941260
941272
941278
941291
941294
941299
941312
941318
941333
941342
941349
941353
941360
941388
941389
941393
941403
941417
941434
941436
941439
941520
941535
941543
941546
941564
941593
941602
941619
941627
941632
941639
941663
941664
941717
941727
941748
941780
941808
941814
941816
941833
941846
941851
941862
941874
941888
941898
941899
941900
941912
941913
941920
941923
941926
941934
941956
941974
941988
941992
941994
942001
942002
942007
942009
942011
942012
942016
942020
942023
942027
942049
942051
942055
942056
942069
942103
942105
942107
942112
942116
942122
942139
942143
942150
942156
942159
942164
942168
942172
942175
942176
942178
942183
942194
942197
942201
942225
942229
942241
942241
942250
942254
942270
942272
942275
942283
942297
942319
942322
942334
942338
942344
942372
942380
942382
942393
942395
942410
942418
942420
942427
942441
942442
942453
942455
942466
942474
942496
942497
942528
942533
942540
942545
942567
942572
942572
942577
942586
942599
942602
942602
942603
942606
942614
942622
942628
942638
942639
942643
942645
942664
942666
942667
942669
942684
942702
942718
942730
942733
942743
942767
942774
942780
942797
942798
942804
942810
942811
942821
942828
942849
942850
942860
942860
942866
942887
942891
942917
942919
942934
942937
942957
942963
942966
942975
942978
942989
942995
943014
943015
943020
943051
943064
943069
943088
943091
943093
943095
943097
943097
943101
943109
943110
943129
943153
943158
943168
943171
943179
943179
943197
943208
943217
943218
943230
943233
943236
943256
943258
943264
943274
943275
943304
943320
943321
943322
943344
943348
943368
943369
943384
943392
943395
943399
943400
943403
943418
943419
943429
943442
943446
943456
943468
943484
943488
943490
943507
943508
943515
943525
943526
943531
943541
943545
943546
943557
943558
943566
943591
943616
943625
943633
943634
943642
943652
943686
943696
943718
943730
943749
943755
943756
943775
943785
943787
943798
943811
943819
943832
943832
943835
943840
943847
943859
943864
943870
943875
943878
943886
943888
943890
943898
943898
943900
943916
943917
943926
943984
943987
944007
944030
944046
944048
944054
944071
944073
944092
944098
944106
944114
944128
944152
944166
944169
944206
944211
944214
944224
944263
944277
944278
944280
944290
944293
944310
944323
944327
944328
944344
944349
944360
944374
944391
944395
944408
944410
944412
944415
944416
944417
944423
944429
944452
944460
944471
944486
944507
944518
944532
944545
944556
944563
944577
944579
944588
944592
944624
944638
944644
944653
944656
944675
944681
944690
944695
944725
944751
944751
944754
944755
944756
944757
944776
944782
944827
944838
944852
944863
944896
944907
944915
944920
944923
944926
944943
944958
944958
944961
944962
944975
944981
944992
945015
945017
945037
945042
945056
945069
945081
945094
945100
945106
945109
945116
945124
945133
945142
945152
945154
945156
945165
945174
945200
945208
945215
945221
945240
945240
945253
945264
945267
945276
945286
945288
945294
945311
945312
945329
945333
945335
945349
945352
945361
945364
945368
945369
945371
945385
945387
945391
945394
945394
945395
945402
945451
945463
945463
945467
945488
945489
945498
945500
945543
945559
945571
945573
945575
945575
945575
945604
945605
945613
945619
945628
945631
945632
945641
945644
945646
945647
945648
945653
945675
945678
945681
945697
945699
945703
945706
945717
945717
945737
945739
945764
945771
945776
945804
945807
945820
945825
945840
945841
945850
945853
945859
945868
945871
945899
945900
945908
945910
945911
945923
945926
945949
945949
945950
945957
945957
945972
945973
945978
946001
946001
946011
946011
946021
946036
946038
946064
946071
946084
946129
946131
946133
946140
946140
946143
946144
946151
946190
946191
946197
946213
946231
946236
946240
946244
946260
946261
946261
946285
946287
946290
946292
946312
946315
946317
946319
946321
946322
946326
946356
946361
946380
946395
946416
946429
946477
946491
946518
946525
946532
946546
946563
946565
946580
946597
946598
946598
946603
946621
946626
946627
946630
946634
946636
946643
946648
946666
946689
946689
946693
946708
946715
946719
946723
946737
946753
946755
946756
946757
946760
946760
946761
946774
946782
946804
946807
946811
946818
946819
946819
946820
946832
946843
946848
946907
946916
946921
946924
946927
946930
946935
946937
946959
946972
946977
946985
946991
946995
947014
947017
947026
947058
947061
947068
947088
947090
947106
947123
947124
947125
947136
947158
947168
947189
947203
947206
947216
947236
947252
947260
947270
947297
947303
947305
947324
947325
947333
947337
947339
947363
947367
947380
947385
947389
947401
947414
947415
947426
947430
947433
947450
947462
947464
947481
947483
947508
947517
947533
947551
947559
947577
947578
947644
947644
947662
947692
947694
947695
947709
947709
947728
947731
947742
947758
947760
947764
947765
947772
947785
947798
947801
947806
947821
947829
947856
947880
947880
947882
947904
947905
947928
947935
947941
947941
947948
947954
947955
947958
947979
948003
948005
948044
948072
948074
948084
948096
948101
948104
948110
948125
948130
948130
948134
948134
948178
948185
948192
948199
948201
948202
948210
948211
948213
948227
948230
948241
948302
948311
948315
948319
948325
948339
948362
948389
948408
948412
948430
948434
948438
948442
948446
948455
948470
948480
948485
948514
948518
948524
948555
948563
948568
948582
948591
948595
948599
948621
948624
948643
948649
948659
948663
948665
948683
948703
948703
948711
948724
948726
948763
948764
948765
948769
948780
948787
948804
948808
948812
948818
948829
948844
948847
948857
948927
948931
948932
948938
948947
948952
948953
948954
948976
948981
948992
948994
949005
949009
949017
949020
949101
949108
949141
949147
949164
949167
949178
949180
949197
949200
949207
949210
949216
949223
949228
949230
949238
949242
949265
949279
949334
949355
949367
949367
949369
949380
949387
949395
949400
949403
949409
949411
949414
949421
949437
949443
949457
949467
949474
949494
949534
949596
949597
949606
949612
949620
949625
949627
949632
949649
949658
949671
949680
949683
949694
949715
949719
949728
949737
949738
949755
949759
949763
949777
949782
949788
949798
949800
949804
949819
949831
949840
949859
949860
949863
949907
949914
949914
949928
949931
949958
949980
950008
950015
950030
950038
950046
950052
950075
950078
950085
950119
950121
950146
950156
950157
950166
950175
950200
950206
950223
950226
950248
950266
950274
950288
950308
950318
950325
950359
950364
950370
950385
950389
950411
950414
950430
950431
950446
950454
950467
950470
950470
950471
950480
950506
950539
950542
950548
950569
950569
950585
950597
950603
950621
950621
950664
950665
950673
950685
950687
950692
950694
950696
950701
950722
950749
950777
950791
950802
950807
950817
950820
950824
950825
950825
950852
950857
950872
950880
950883
950884
950885
950915
950920
950922
950950
950969
950988
950997
951034
951038
951069
951077
951091
951094
951096
951116
951135
951135
951150
951163
951164
951176
951186
951187
951194
951212
951237
951243
951243
951251
951257
951282
951296
951301
951314
951319
951319
951332
951334
951346
951363
951368
951373
951379
951389
951409
951409
951422
951428
951429
951430
951432
951433
951439
951447
951460
951464
951476
951476
951487
951513
951516
951517
951526
951534
951542
951553
951574
951579
951607
951607
951609
951626
951628
951643
951660
951667
951669
951679
951685
951689
951690
951695
951716
951725
951726
951734
951739
951753
951753
951771
951795
951803
951811
951824
951832
951846
951862
951863
951867
951867
951875
951880
951900
951906
951934
951935
951951
951957
951961
951972
951973
951999
952002
952015
952032
952041
952043
952061
952069
952080
952100
952103
952113
952119
952129
952132
952146
952190
952212
952225
952246
952256
952264
952268
952274
952277
952290
952298
952306
952341
952349
952357
952370
952379
952382
952383
952392
952399
952400
952410
952430
952430
952430
952436
952438
952450
952467
952472
952500
952506
952507
952514
952521
952522
952527
952528
952535
952546
952554
952556
952557
952565
952589
952599
952603
952623
952635
952636
952641
952642
952661
952668
952690
952696
952708
952722
952726
952732
952741
952756
952772
952773
952782
952792
952837
952846
952850
952859
952862
952864
952879
952886
952887
952898
952902
952910
952920
952923
952936
952941
952946
952964
952980
952985
952986
952992
953010
953011
953012
953022
953053
953068
953076
953107
953150
953187
953191
953216
953224
953226
953251
953268
953276
953283
953294
953303
953325
953340
953344
953348
953373
953479
953490
953497
953510
953526
953528
953528
953535
953559
953562
953579
953599
953611
953621
953633
953654
953659
953680
953682
953688
953692
953694
953708
953719
953723
953727
953747
953752
953761
953787
953788
953798
953804
953810
953825
953839
953858
953861
953875
953885
953913
953925
953932
953971
953974
953985
953994
953994
954001
954008
954013
954022
954024
954026
954032
954037
954056
954068
954073
954090
954113
954117
954147
954154
954190
954191
954194
954211
954211
954221
954253
954266
954275
954303
954304
954307
954307
954308
954323
954337
954343
954358
954362
954375
954394
954418
954426
954428
954436
954436
954447
954452
954453
954477
954490
954491
954501
954505
954516
954516
954539
954545
954556
954562
954565
954590
954595
954596
954621
954630
954631
954642
954669
954672
954674
954677
954686
954692
954714
954724
954724
954773
954784
954797
954811
954812
954816
954833
954837
954917
954918
954925
954935
954938
954956
954980
954989
954996
955027
955028
955042
955090
955097
955100
955134
955137
955143
955152
955157
955159
955164
955169
955185
955212
955241
955247
955248
955254
955271
955284
955290
955323
955337
955338
955343
955347
955355
955364
955368
955374
955382
955383
955403
955409
955421
955439
955443
955454
955465
955470
955470
955483
955512
955517
955575
955577
955579
955584
955591
955608
955617
955626
955651
955652
955657
955662
955666
955678
955682
955690
955720
955722
955727
955740
955753
955758
955789
955790
955792
955797
955828
955848
955849
955860
955864
955875
955888
955904
955905
955908
955916
955922
955934
955941
955949
955960
955965
955990
956003
956010
956029
956034
956035
956061
956069
956080
956080
956086
956131
956132
956132
956135
956138
956145
956152
956163
956167
956188
956189
956192
956197
956203
956204
956206
956207
956212
956212
956221
956245
956255
956272
956277
956288
956288
956301
956309
956312
956329
956329
956330
956346
956379
956388
956421
956428
956429
956429
956446
956447
956450
956464
956465
956473
956474
956478
956484
956488
956490
956496
956498
956499
956519
956525
956534
956550
956565
956573
956578
956589
956591
956591
956595
956607
956645
956649
956651
956652
956668
956669
956685
956701
956710
956720
956721
956722
956730
956731
956737
956763
956763
956770
956791
956791
956793
956794
956828
956839
956842
956844
956849
956858
956871
956892
956923
956931
956953
956956
956986
956988
956988
956989
956992
956992
957005
957010
957021
957039
957041
957042
957055
957072
957080
957083
957084
957087
957099
957117
957121
957137
957153
957167
957175
957180
957184
957196
957200
957213
957228
957257
957272
957321
957330
957341
957350
957355
957356
957364
957364
957382
957387
957398
957402
957404
957411
957420
957421
957425
957430
957436
957445
957447
957447
957463
957466
957481
957481
957482
957483
957489
957492
957515
957538
957541
957542
957565
957591
957599
957601
957601
957610
957616
957618
957627
957627
957638
957654
957664
957671
957681
957705
957711
957712
957713
957742
957786
957787
957807
957818
957821
957825
957826
957839
957846
957847
957879
957896
957905
957913
957933
957940
957950
957950
957953
957955
957958
957959
957964
957967
957979
957988
957991
957997
958001
958025
958027
958084
958084
958134
958137
958146
958147
958150
958190
958196
958205
958217
958228
958241
958242
958248
958254
958257
958262
958272
958288
958288
958301
958301
958308
958308
958358
958360
958363
958371
958374
958381
958384
958435
958445
958460
958475
958484
958495
958505
958507
958507
958509
958509
958512
958525
958528
958535
958544
958549
958563
958568
958583
958590
958592
958594
958605
958611
958612
958651
958656
958665
958666
958670
958677
958686
958699
958701
958703
958706
958708
958711
958720
958725
958726
958730
958736
958737
958746
958749
958798
958817
958838
958840
958858
958859
958882
958891
958898
958912
958915
958933
958937
958945
958948
958961
958963
958976
958982
958988
958990
958993
959000
959003
959018
959021
959042
959045
959049
959080
959093
959096
959100
959102
959122
959144
959153
959176
959189
959195
959205
959240
959248
959249
959264
959265
959273
959288
959292
959295
959296
959319
959319
959322
959324
959332
959334
959337
959347
959348
959352
959357
959360
959364
959368
959385
959385
959399
959404
959408
959415
959434
959434
959451
959455
959468
959483
959485
959490
959496
959510
959510
959511
959523
959527
959537
959537
959561
959594
959605
959631
959635
959637
959654
959657
959682
959695
959700
959714
959718
959729
959735
959756
959760
959777
959811
959826
959836
959855
959862
959863
959868
959869
959910
959912
959920
959935
959968
960002
960033
960050
960056
960060
960095
960104
960115
960131
960141
960174
960180
960183
960192
960195
960196
960204
960213
960239
960243
960250
960283
960291
960301
960316
960331
960335
960363
960366
960367
960368
960404
960417
960432
960450
960456
960461
960464
960482
960488
960492
960518
960525
960530
960570
960581
960603
960605
960609
960610
960616
960625
960628
960640
960649
960655
960664
960666
960669
960674
960676
960689
960698
960712
960733
960745
960776
960784
960809
960812
960814
960816
960819
960866
960868
960891
960901
960912
960913
960914
960918
960926
960928
960930
960931
960935
960942
960942
960948
960958
961006
961048
961053
961082
961088
961101
961104
961112
961113
961116
961127
961130
961133
961134
961142
961165
961186
961207
961219
961254
961261
961261
961272
961272
961284
961301
961303
961326
961329
961333
961336
961347
961351
961383
961384
961393
961397
961439
961443
961451
961481
961494
961503
961510
961518
961533
961554
961580
961587
961588
961597
961614
961629
961629
961631
961645
961650
961658
961666
961667
961672
961678
961683
961728
961738
961759
961769
961785
961785
961788
961791
961800
961805
961805
961811
961814
961839
961839
961845
961848
961860
961890
961908
961952
961953
961965
961967
961978
961995
962007
962020
962037
962037
962040
962041
962056
962072
962075
962080
962092
962093
962097
962100
962103
962105
962136
962146
962162
962172
962181
962187
962216
962218
962222
962226
962230
962232
962237
962240
962259
962264
962281
962282
962283
962284
962304
962307
962317
962341
962362
962372
962386
962391
962396
962407
962408
962412
962418
962421
962424
962434
962449
962457
962461
962463
962473
962480
962485
962490
962493
962502
962517
962570
962572
962576
962600
962624
962624
962625
962637
962658
962660
962664
962667
962671
962671
962680
962684
962691
962692
962698
962703
962708
962708
962712
962725
962726
962726
962741
962742
962748
962750
962757
962772
962775
962778
962778
962808
962816
962830
962837
962841
962876
962879
962882
962889
962901
962903
962910
962922
962929
962943
962989
962992
962993
963022
963029
963033
963042
963063
963074
963075
963081
963083
963088
963122
963123
963124
963124
963129
963148
963152
963162
963165
963187
963194
963196
963198
963200
963215
963236
963246
963252
963253
963257
963258
963286
963289
963291
963309
963311
963321
963325
963327
963332
963333
963351
963352
963353
963366
963393
963402
963403
963414
963415
963424
963431
963433
963433
963440
963461
963490
963492
963493
963499
963511
963514
963524
963527
963528
963551
963563
963570
963590
963614
963622
963646
963647
963658
963671
963680
963703
963712
963736
963741
963750
963768
963798
963817
963846
963850
963851
963865
963877
963877
963907
963914
963933
963934
963947
963960
963971
963972
963985
964014
964023
964030
964030
964041
964056
964069
964101
964109
964132
964152
964153
964168
964174
964183
964188
964198
964204
964222
964225
964244
964245
964247
964256
964258
964258
964262
964267
964280
964287
964287
964303
964305
964320
964364
964366
964377
964388
964393
964394
964423
964434
964434
964446
964447
964448
964451
964470
964473
964492
964494
964499
964513
964519
964520
964526
964559
964586
964588
964600
964601
964603
964610
964619
964621
964623
964627
964635
964637
964639
964646
964647
964649
964656
964665
964667
964676
964685
964709
964709
964735
964743
964746
964751
964759
964762
964785
964790
964794
964802
964803
964805
964835
964835
964862
964863
964865
964895
964899
964915
964928
964937
964945
964955
964983
964990
965001
965004
965050
965060
965061
965069
965084
965097
965114
965133
965140
965149
965152
965178
965189
965191
965197
965201
965213
965214
965221
965224
965248
965251
965267
965283
965285
965300
965347
965349
965350
965368
965370
965370
965375
965394
965401
965409
965412
965412
965414
965415
965415
965468
965493
965538
965558
965584
965585
965595
965602
965615
965626
965627
965630
965631
965639
965663
965670
965670
965673
965674
965675
965682
965701
965709
965709
965717
965733
965749
965750
965765
965768
965785
965792
965793
965827
965832
965836
965854
965862
965863
965866
965881
965883
965890
965903
965905
965912
965923
965923
965930
965936
965947
965963
965964
965984
965988
966001
966024
966026
966028
966034
966117
966138
966139
966158
966163
966172
966174
966184
966211
966211
966211
966219
966255
966260
966261
966272
966276
966293
966305
966312
966317
966323
966332
966347
966356
966378
966386
966395
966402
966414
966433
966448
966457
966460
966461
966463
966465
966478
966486
966489
966497
966506
966509
966512
966516
966543
966565
966577
966600
966622
966634
966645
966656
966665
966674
966675
966679
966680
966690
966695
966698
966702
966714
966720
966722
966733
966735
966736
966750
966754
966760
966785
966788
966823
966835
966856
966860
966861
966896
966900
966917
966921
966923
966924
966926
966935
966986
966986
967019
967020
967020
967030
967034
967039
967044
967047
967059
967063
967065
967083
967089
967114
967119
967134
967138
967140
967151
967162
967169
967183
967186
967189
967209
967217
967222
967226
967231
967231
967239
967256
967293
967313
967327
967337
967353
967377
967378
967382
967428
967437
967440
967474
967477
967483
967484
967508
967534
967563
967580
967580
967581
967589
967592
967598
967611
967645
967657
967659
967676
967679
967688
967697
967718
967734
967735
967737
967743
967751
967754
967754
967762
967789
967793
967820
967822
967845
967848
967848
967850
967850
967880
967890
967935
967963
967970
967971
968009
968012
968016
968020
968051
968068
968091
968107
968142
968167
968174
968194
968201
968214
968235
968266
968267
968276
968277
968301
968307
968309
968310
968329
968334
968340
968396
968401
968406
968429
968439
968446
968447
968462
968470
968482
968485
968491
968496
968499
968499
968517
968517
968579
968581
968590
968592
968593
968599
968616
968631
968637
968675
968679
968681
968690
968693
968720
968728
968749
968768
968779
968779
968781
968791
968813
968833
968838
968840
968938
968941
968942
968942
968971
968975
968987
968991
969000
969007
969014
969022
969068
969087
969087
969090
969096
969130
969166
969171
969181
969209
969216
969217
969218
969246
969254
969261
969262
969268
969272
969303
969335
969338
969342
969344
969351
969360
969387
969408
969446
969461
969470
969479
969483
969488
969491
969494
969500
969502
969503
969514
969515
969533
969536
969546
969553
969572
969574
969577
969591
969601
969637
969645
969650
969653
969657
969669
969700
969705
969713
969715
969726
969729
969750
969766
969770
969775
969782
969788
969788
969792
969822
969867
969867
969868
969885
969891
969928
969932
969945
969947
969977
969999
970000
970009
970012
970032
970044
970054
970057
970089
970103
970112
970121
970123
970128
970146
970155
970157
970160
970161
970162
970174
970179
970185
970202
970210
970215
970235
970247
970249
970254
970254
970288
970292
970298
970321
970331
970333
970336
970353
970354
970359
970368
970378
970379
970379
970397
970415
970418
970420
970441
970444
970444
970446
970449
970461
970483
970484
970498
970522
970527
970544
970565
970567
970584
970584
970601
970607
970613
970614
970618
970621
970633
970640
970650
970652
970653
970654
970655
970692
970697
970727
970733
970759
970767
970770
970782
970789
970795
970801
970811
970811
970834
970835
970836
970846
970849
970850
970868
970872
970896
970971
970983
971011
971016
971024
971024
971035
971041
971041
971049
971068
971073
971092
971101
971147
971147
971163
971194
971219
971224
971233
971235
971238
971244
971246
971246
971256
971265
971295
971312
971328
971335
971340
971365
971377
971378
971398
971404
971439
971445
971453
971454
971455
971461
971461
971461
971488
971500
971511
971513
971524
971540
971548
971589
971614
971618
971622
971624
971646
971652
971654
971658
971659
971671
971683
971694
971703
971717
971721
971730
971749
971751
971752
971787
971812
971843
971876
971877
971883
971891
971916
971930
971955
971994
972010
972017
972019
972021
972030
972044
972044
972062
972077
972085
972099
972120
972134
972160
972163
972171
972187
972193
972206
972215
972223
972224
972232
972239
972251
972278
972281
972288
972289
972297
972300
972300
972326
972326
972333
972341
972342
972346
972350
972351
972364
972368
972385
972401
972408
972420
972424
972436
972447
972447
972452
972462
972462
972469
972471
972498
972515
972534
972534
972536
972537
972553
972554
972608
972621
972640
972643
972644
972653
972655
972666
972680
972683
972683
972699
972708
972715
972732
972754
972766
972787
972792
972795
972796
972800
972803
972806
972812
972821
972826
972838
972842
972843
972845
972865
972869
972871
972877
972883
972898
972929
972949
972953
972961
972964
972965
972977
972991
972992
972996
973015
973030
973049
973053
973064
973069
973082
973089
973110
973124
973124
973141
973146
973163
973183
973188
973192
973200
973202
973225
973232
973234
973235
973281
973304
973311
973315
973328
973369
973371
973374
973393
973393
973396
973396
973397
973400
973403
973420
973424
973446
973458
973526
973543
973556
973564
973564
973574
973581
973586
973587
973608
973624
973660
973689
973707
973713
973724
973733
973739
973746
973748
973750
973751
973758
973762
973772
973772
973782
973825
973828
973831
973833
973851
973856
973860
973863
973868
973869
973871
973906
973911
973915
973922
973940
973953
973954
973968
973969
973981
973985
973991
973994
974007
974008
974013
974022
974036
974056
974077
974078
974091
974101
974102
974108
974118
974153
974153
974156
974197
974208
974211
974214
974217
974254
974284
974288
974289
974309
974332
974338
974338
974347
974348
974354
974363
974377
974400
974412
974425
974430
974460
974464
974470
974471
974490
974509
974535
974537
974554
974570
974573
974574
974576
974582
974589
974592
974598
974603
974606
974608
974634
974655
974660
974663
974676
974681
974683
974684
974685
974695
974702
974731
974734
974748
974749
974756
974769
974778
974795
974806
974813
974824
974837
974844
974866
974878
974899
974908
974908
974917
974940
974942
974947
974975
975010
975012
975019
975028
975040
975044
975045
975055
975058
975069
975082
975098
975105
975106
975116
975198
975214
975216
975221
975229
975232
975238
975260
975275
975355
975368
975402
975405
975429
975436
975438
975441
975442
975448
975456
975486
975488
975497
975511
975550
975558
975580
975588
975588
975596
975596
975604
975610
975613
975638
975650
975653
975664
975666
975689
975704
975714
975722
975735
975744
975746
975755
975760
975769
975769
975774
975793
975797
975800
975808
975810
975817
975842
975844
975848
975897
975898
975899
975906
975913
975914
975924
975927
975946
975965
975981
975987
976011
976017
976019
976025
976034
976043
976046
976046
976050
976062
976065
976069
976075
976092
976092
976096
976097
976134
976141
976144
976148
976150
976153
976179
976222
976234
976239
976257
976264
976267
976273
976273
976276
976282
976283
976285
976289
976298
976304
976304
976329
976348
976354
976359
976393
976403
976409
976416
976441
976490
976491
976492
976494
976551
976593
976593
976610
976639
976643
976657
976675
976678
976679
976695
976698
976698
976710
976711
976716
976755
976764
976782
976788
976788
976799
976808
976827
976845
976879
976880
976890
976899
976903
976908
976911
976931
976939
976954
976958
976959
976970
976976
976997
977001
977021
977064
977090
977109
977121
977134
977136
977145
977151
977156
977160
977162
977163
977170
977171
977173
977181
977191
977204
977234
977239
977243
977259
977261
977262
977267
977286
977290
977291
977294
977346
977346
977369
977370
977375
977381
977391
977396
977405
977416
977420
977428
977442
977449
977457
977458
977458
977461
977470
977489
977509
977511
977524
977528
977536
977545
977567
977577
977588
977626
977626
977631
977632
977635
977643
977647
977656
977670
977682
977698
977722
977727
977727
977729
977733
977745
977756
977771
977773
977841
977859
977869
977879
977896
977897
977967
977980
977982
977983
977984
978005
978011
978011
978016
978030
978034
978036
978060
978077
978090
978094
978095
978099
978102
978105
978119
978121
978123
978145
978147
978162
978169
978171
978182
978188
978204
978207
978213
978224
978238
978249
978253
978258
978298
978310
978329
978340
978346
978347
978347
978352
978375
978389
978390
978446
978451
978478
978480
978500
978507
978508
978515
978516
978520
978531
978531
978532
978532
978539
978560
978569
978578
978590
978592
978596
978610
978619
978620
978646
978660
978662
978677
978691
978698
978713
978714
978716
978739
978747
978754
978760
978796
978796
978814
978818
978826
978834
978835
978840
978852
978863
978896
978902
978910
978911
978937
978941
978945
978957
978959
978962
978967
978970
978973
978973
978976
978989
978998
978998
979002
979003
979025
979026
979031
979033
979045
979055
979055
979057
979058
979075
979086
979096
979121
979125
979129
979140
979141
979142
979150
979172
979177
979178
979194
979201
979206
979214
979242
979253
979259
979261
979271
979281
979283
979284
979301
979303
979306
979317
979326
979327
979328
979337
979347
979376
979395
979395
979409
979423
979427
979431
979442
979451
979459
979468
979472
979478
979488
979495
979520
979521
979529
979549
979550
979556
979559
979563
979587
979607
979610
979613
979621
979621
979636
979638
979645
979653
979680
979685
979694
979696
979703
979709
979722
979728
979732
979733
979746
979751
979752
979756
979759
979770
979785
979794
979806
979809
979815
979819
979846
979856
979856
979862
979871
979883
979897
979902
979906
979923
979931
979945
979949
979953
979954
979967
979985
979987
980006
980030
980053
980061
980077
980077
980085
980093
980127
980127
980133
980139
980139
980157
980199
980217
980222
980235
980256
980283
980299
980299
980302
980302
980332
980342
980342
980344
980358
980360
980361
980362
980392
980420
980420
980422
980441
980441
980444
980459
980460
980467
980477
980486
980500
980502
980507
980512
980517
980521
980523
980529
980530
980534
980555
980571
980572
980603
980611
980619
980622
980634
980634
980649
980661
980667
980696
980696
980699
980699
980714
980727
980727
980742
980742
980757
980760
980760
980786
980798
980819
980825
980826
980835
980836
980842
980849
980863
980893
980921
980929
980940
980946
980947
980949
980949
980952
980965
980975
980976
980986
981010
981032
981043
981054
981102
981142
981152
981154
981171
981172
981172
981182
981183
981184
981191
981194
981206
981211
981230
981232
981236
981253
981264
981271
981282
981300
981303
981336
981352
981353
981366
981368
981378
981378
981385
981397
981398
981408
981418
981426
981460
981476
981499
981504
981509
981509
981512
981545
981555
981569
981583
981595
981614
981629
981641
981651
981659
981695
981698
981714
981719
981724
981735
981740
981744
981747
981754
981756
981756
981758
981761
981767
981770
981773
981783
981784
981784
981790
981794
981843
981858
981872
981872
981887
981890
981895
981921
981922
981942
981947
981963
981981
981984
981984
981985
981988
982019
982020
982020
982031
982039
982050
982052
982075
982087
982096
982096
982109
982132
982133
982151
982165
982178
982185
982189
982201
982201
982238
982258
982267
982280
982296
982301
982303
982331
982335
982362
982380
982397
982419
982428
982440
982442
982448
982457
982458
982467
982467
982470
982494
982494
982508
982511
982511
982536
982550
982557
982561
982566
982583
982591
982627
982640
982653
982672
982674
982683
982688
982693
982695
982699
982701
982717
982725
982740
982755
982775
982779
982788
982788
982791
982804
982832
982838
982844
982844
982859
982859
982859
982859
982867
982872
982892
982900
982908
982939
982951
982969
982990
982994
982995
982997
983000
983028
983030
983041
983049
983058
983067
983075
983097
983103
983119
983128
983148
983157
983188
983195
983200
983208
983209
983230
983241
983257
983257
983257
983260
983262
983273
983275
983278
983299
983318
983330
983339
983354
983355
983363
983383
983387
983401
983404
983411
983413
983416
983423
983444
983445
983449
983457
983463
983473
983477
983488
983495
983496
983516
983571
983580
983591
983617
983634
983646
983664
983696
983702
983704
983728
983734
983741
983742
983753
983753
983757
983763
983776
983805
983806
983829
983833
983850
983850
983858
983866
983875
983876
983884
983888
983894
983914
983919
983937
983937
983949
983953
983970
983987
983993
984013
984013
984024
984027
984033
984047
984048
984054
984055
984065
984068
984071
984086
984104
984116
984120
984123
984125
984136
984140
984155
984162
984165
984167
984178
984182
984222
984250
984262
984272
984273
984276
984278
984286
984289
984296
984303
984314
984321
984326
984335
984349
984351
984368
984368
984380
984381
984387
984389
984389
984403
984404
984411
984420
984430
984449
984458
984470
984476
984492
984500
984512
984522
984524
984526
984544
984551
984569
984574
984590
984599
984613
984616
984630
984632
984640
984643
984652
984666
984687
984689
984712
984732
984733
984737
984741
984755
984762
984767
984809
984813
984814
984815
984816
984824
984856
984860
984861
984908
984922
984950
984961
984985
984992
984997
985001
985002
985031
985044
985048
985057
985064
985073
985108
985113
985116
985123
985128
985136
985142
985152
985158
985163
985169
985173
985177
985180
985182
985185
985185
985189
985194
985198
985199
985201
985213
985216
985217
985218
985226
985291
985307
985312
985316
985332
985333
985345
985349
985362
985362
985383
985386
985387
985390
985410
985412
985418
985483
985502
985506
985507
985528
985531
985539
985552
985565
985570
985573
985576
985586
985596
985627
985630
985633
985658
985678
985716
985720
985726
985727
985746
985750
985751
985755
985784
985795
985798
985812
985844
985846
985849
985870
985872
985879
985885
985886
985890
985891
985924
985931
985969
985971
985979
985980
985985
985986
985987
985989
985996
986016
986018
986026
986032
986033
986040
986053
986073
986076
986080
986081
986091
986105
986120
986127
986137
986153
986158
986160
986184
986185
986188
986193
986208
986211
986223
986225
986230
986264
986267
986269
986287
986300
986311
986313
986328
986333
986342
986342
986348
986357
986365
986368
986369
986375
986386
986394
986394
986399
986413
986424
986425
986429
986454
986468
986478
986480
986485
986498
986501
986518
986528
986529
986536
986538
986539
986544
986556
986571
986574
986577
986588
986589
986590
986592
986615
986627
986627
986637
986645
986654
986656
986661
986663
986664
986665
986670
986675
986693
986732
986747
986755
986772
986790
986793
986795
986803
986805
986833
986866
986877
986882
986882
986883
986910
986914
986915
986926
986945
986968
986972
986978
986982
986985
987004
987013
987020
987021
987022
987023
987030
987034
987043
987047
987051
987058
987065
987068
987068
987104
987109
987109
987115
987128
987160
987166
987168
987175
987177
987183
987189
987190
987223
987228
987235
987235
987241
987243
987248
987264
987286
987303
987306
987307
987324
987337
987338
987341
987353
987363
987375
987388
987406
987414
987414
987424
987435
987438
987440
987448
987467
987471
987474
987478
987500
987508
987515
987518
987530
987543
987571
987607
987607
987614
987621
987626
987650
987652
987660
987677
987692
987696
987701
987707
987708
987729
987731
987739
987747
987751
987783
987790
987809
987810
987813
987818
987833
987838
987886
987887
987888
987892
987914
987918
987926
987933
987933
987942
987959
987959
987969
987973
987977
987981
987982
988042
988048
988053
988064
988078
988091
988098
988111
988115
988124
988127
988131
988132
988135
988148
988158
988160
988174
988176
988180
988184
988188
988192
988195
988195
988210
988213
988216
988222
988225
988225
988233
988260
988281
988282
988288
988311
988315
988317
988327
988336
988364
988382
988386
988390
988390
988393
988397
988404
988408
988409
988423
988428
988451
988467
988475
988505
988516
988522
988523
988527
988561
988566
988566
988574
988577
988585
988596
988609
988618
988636
988637
988651
988660
988661
988664
988685
988694
988711
988721
988730
988731
988740
988742
988744
988748
988757
988763
988775
988786
988796
988803
988806
988807
988815
988838
988856
988872
988896
988900
988924
988959
988964
988967
988968
988969
988987
989000
989017
989024
989042
989045
989062
989069
989078
989085
989124
989148
989149
989171
989183
989190
989199
989203
989210
989214
989223
989238
989287
989298
989300
989303
989303
989309
989316
989317
989322
989344
989354
989361
989364
989367
989378
989386
989395
989400
989400
989411
989421
989432
989444
989444
989503
989504
989506
989508
989508
989515
989536
989544
989574
989579
989581
989587
989604
989615
989617
989650
989651
989656
989683
989687
989690
989698
989698
989711
989713
989728
989739
989758
989759
989763
989778
989781
989809
989811
989812
989850
989853
989878
989882
989889
989890
989896
989927
989931
989945
989954
989963
989981
989984
989987
990004
990019
990028
990041
990044
990051
990051
990059
990068
990092
990092
990094
990097
990099
990099
990133
990147
990153
990153
990165
990170
990171
990181
990191
990198
990212
990234
990262
990271
990280
990282
990283
990300
990322
990331
990334
990337
990383
990392
990432
990433
990448
990452
990458
990477
990487
990492
990507
990509
990517
990545
990590
990633
990636
990655
990659
990671
990674
990687
990699
990704
990732
990741
990741
990743
990744
990746
990754
990762
990764
990773
990778
990807
990834
990844
990869
990901
990909
990910
990912
990932
990939
990950
990962
990971
990991
991017
991024
991030
991064
991066
991071
991078
991095
991182
991191
991198
991199
991224
991253
991292
991293
991293
991297
991297
991304
991317
991323
991327
991363
991364
991393
991411
991420
991426
991435
991441
991445
991453
991457
991458
991469
991480
991491
991492
991506
991513
991515
991531
991533
991543
991546
991550
991555
991578
991579
991584
991588
991592
991595
991643
991649
991652
991661
991670
991704
991712
991714
991718
991723
991736
991743
991755
991761
991773
991778
991805
991805
991810
991890
991896
991903
991910
991922
991924
991963
991971
991971
991975
991986
991988
991990
992001
992001
992003
992027
992028
992034
992039
992049
992055
992058
992059
992068
992077
992094
992110
992129
992133
992133
992134
992134
992146
992151
992167
992168
992173
992187
992208
992217
992237
992241
992246
992269
992275
992278
992284
992288
992290
992297
992298
992303
992304
992306
992309
992311
992335
992356
992362
992372
992380
992388
992403
992404
992413
992434
992448
992449
992453
992457
992469
992471
992491
992494
992497
992508
992509
992511
992519
992528
992531
992537
992541
992543
992548
992549
992563
992570
992576
992599
992608
992633
992684
992689
992697
992707
992714
992728
992733
992752
992769
992769
992771
992775
992813
992862
992867
992870
992885
992887
992903
992907
992908
992917
992929
992980
992986
993002
993019
993021
993045
993056
993065
993086
993100
993118
993128
993142
993145
993162
993178
993186
993193
993200
993203
993216
993225
993239
993260
993261
993264
993311
993329
993357
993368
993370
993373
993383
993385
993405
993427
993430
993443
993457
993477
993479
993482
993498
993514
993567
993571
993572
993581
993583
993590
993602
993617
993618
993640
993658
993662
993671
993673
993675
993682
993688
993693
993698
993698
993706
993708
993710
993717
993718
993725
993749
993762
993764
993764
993764
993768
993784
993795
993809
993833
993865
993876
993895
993901
993919
993923
993942
993942
993961
993963
993977
993991
993995
994001
994016
994031
994041
994045
994050
994068
994074
994079
994090
994096
994096
994110
994112
994145
994149
994165
994166
994178
994184
994189
994189
994191
994193
994193
994208
994223
994224
994247
994278
994280
994287
994288
994292
994294
994310
994368
994392
994396
994409
994420
994427
994428
994438
994439
994442
994443
994445
994479
994491
994494
994496
994516
994528
994571
994578
994584
994594
994598
994613
994621
994662
994682
994701
994708
994709
994721
994727
994732
994748
994755
994822
994846
994864
994901
994909
994911
994922
994927
994942
994955
994958
994961
994971
994979
994985
994986
995001
995002
995031
995043
995044
995061
995070
995076
995081
995097
995100
995115
995116
995127
995131
995137
995169
995196
995213
995214
995222
995223
995235
995238
995239
995240
995246
995250
995251
995268
995280
995282
995308
995313
995323
995329
995330
995333
995339
995351
995379
995401
995406
995416
995447
995451
995455
995462
995467
995469
995496
995509
995518
995534
995537
995546
995548
995549
995558
995588
995592
995593
995599
995609
995620
995628
995649
995649
995651
995663
995666
995675
995681
995686
995707
995722
995726
995745
995752
995760
995764
995772
995796
995813
995839
995844
995848
995857
995882
995899
995917
995930
995944
995965
995970
995996
995998
996022
996022
996025
996027
996047
996080
996087
996088
996133
996136
996136
996140
996141
996158
996174
996175
996177
996179
996182
996194
996205
996208
996229
996232
996254
996256
996265
996279
996315
996318
996320
996321
996323
996331
996332
996353
996359
996376
996391
996444
996447
996451
996470
996473
996474
996493
996496
996499
996531
996536
996564
996566
996572
996599
996611
996615
996618
996637
996641
996644
996660
996662
996673
996683
996688
996695
996698
996704
996709
996710
996730
996736
996738
996742
996743
996751
996758
996774
996777
996781
996787
996793
996812
996818
996833
996834
996848
996851
996854
996859
996865
996871
996889
996893
996899
996911
996921
996934
996936
996941
996952
996963
996965
996970
996982
996994
996994
997008
997025
997044
997049
997055
997060
997069
997072
997072
997076
997077
997083
997083
997088
997104
997104
997122
997124
997140
997157
997159
997163
997181
997183
997184
997186
997199
997202
997202
997202
997208
997214
997218
997245
997262
997269
997275
997287
997288
997328
997328
997333
997337
997350
997355
997359
997361
997396
997398
997402
997409
997411
997424
997433
997446
997459
997477
997490
997500
997519
997521
997532
997541
997544
997548
997549
997560
997567
997572
997576
997601
997627
997628
997629
997631
997643
997643
997660
997678
997689
997696
997708
997710
997716
997719
997723
997738
997739
997755
997758
997763
997771
997779
997785
997812
997817
997832
997833
997836
997842
997845
997854
997855
997860
997863
997878
997889
997892
997893
997897
997902
997970
998011
998020
998023
998025
998054
998061
998063
998066
998074
998080
998103
998105
998106
998112
998112
998126
998152
998170
998192
998219
998227
998236
998258
998263
998286
998309
998311
998371
998382
998385
998385
998403
998408
998410
998423
998439
998447
998455
998469
998495
998501
998503
998505
998521
998530
998537
998539
998551
998552
998573
998584
998586
998597
998614
998617
998621
998643
998644
998644
998656
998662
998663
998672
998675
998675
998682
998685
998707
998711
998721
998721
998721
998746
998748
998757
998765
998766
998769
998784
998790
998797
998804
998806
998809
998820
998823
998835
998837
998841
998861
998875
998876
998878
998886
998899
998909
998944
998957
998987
999036
999042
999043
999046
999065
999080
999098
999104
999110
999115
999121
999140
999142
999144
999166
999167
999176
999195
999198
999199
999229
999230
999234
999237
999237
999240
999240
999248
999251
999252
999260
999276
999316
999320
999332
999336
999338
999340
999345
999379
999386
999398
999420
999471
999471
999473
999473
999482
999484
999491
999498
999504
999513
999513
999555
999597
999619
999628
999643
999648
999655
999682
999690
999713
999728
999728
999744
999744
999756
999782
999784
999794
999805
999807
999811
999843
999856
999857
999869
999880
999881
999882
999882
999889
999891
999895
999902
999902
999924
999927
999958
999973
999974
1000000
