915593
121130
166289
819411
723092
12434
722936
755463
598258
811380
588608
129413
674424
525569
366353
669654
993128
463644
114647
810695
835529
228795
712922
683632
929020
605218
734521
834479
513629
952246
177720
920674
193091
814611
108826
423283
799552
105911
117768
170359
121538
36668
168066
988390
817946
50360
489995
559664
599585
465601
946820
79118
494065
824159
278099
104019
126351
942887
861838
658580
156183
667001
254507
565305
364209
460176
21269
205491
74298
518942
740563
496475
337247
554236
431547
33145
368983
628292
132466
630268
550117
821112
747503
269921
146977
232631
937833
617466
622322
807577
669313
724413
440362
894013
738899
18410
393593
729907
492906
323220
754852
847898
878472
452456
980893
490030
310409
156720
511286
484162
682188
615875
362554
971219
629014
816095
389764
406130
761462
386773
834997
657632
831152
892976
333453
348290
129344
159430
178650
533601
16689
317998
391009
514330
199356
86102
708234
258531
102527
269815
120688
768869
367437
606509
360744
54476
803316
306299
389454
13662
334514
600897
386691
548324
682970
343283
91973
457563
264440
597729
297340
211205
333871
771851
924078
90635
647042
804558
392180
883656
460839
231972
2398
345850
116179
801713
892496
62337
71277
154614
243754
352848
323799
187960
365423
20811
508769
820471
147847
200822
173555
363211
225159
85906
685966
385696
220235
689532
720088
841157
803127
164805
752400
654171
923473
328022
948976
584811
224647
188124
342311
442572
452361
173389
297432
384139
504429
873954
855281
842744
275149
145756
646520
479345
729774
749155
694016
322920
478034
85961
957445
654035
126405
906197
262184
871520
442318
791956
879568
158757
549715
226707
976698
790551
742915
857474
204041
439938
118642
55199
5962
13955
343574
809892
428961
945908
589708
265600
815805
68351
979931
722617
687737
154777
558264
359714
126273
470593
451380
174803
523449
70368
146829
74052
38531
880211
782815
709199
400110
876739
624644
965069
586582
324189
147974
44535
117184
929071
698187
710886
797453
86097
108131
398137
180623
647482
798762
770782
553390
935671
890399
508150
382093
173045
145941
486557
93732
706865
36309
310014
653257
756708
92473
359499
577354
699325
200966
460719
910296
532696
62621
946924
686616
706244
207267
747440
667983
396396
88849
869123
114261
738585
449980
178811
437054
295765
193358
784637
259120
327349
669014
622488
101412
718681
188589
324424
907034
465355
967039
775439
611052
454392
272762
588478
389533
774317
259053
516515
790248
134054
99314
772640
325986
761236
238938
926868
660291
257579
659851
604482
534898
948938
131725
485741
569917
404103
35063
437025
86547
866291
387622
398364
250848
499219
603257
264601
350446
616877
976958
696896
748678
326277
377948
109494
748274
260920
285850
474194
148413
868901
821588
482970
196733
176964
766434
789718
670345
72717
738405
734373
470350
845448
347037
793347
578403
419624
554202
715247
265154
310657
515742
556348
772147
712988
816428
988475
595339
149272
122110
486165
936830
933944
149061
124806
167459
8143
143882
734760
318485
142341
518826
503046
258893
338550
5396
32580
662048
650848
422364
883614
921183
541624
732733
286004
9
258570
863003
972838
685899
785785
219575
334796
542594
410839
345808
258266
392950
442346
92990
981172
510959
482424
19923
644802
879977
858836
511541
774274
478732
986866
636578
529010
785171
962775
788022
22190
74307
934069
867761
41690
524376
446318
385580
72062
175998
750016
554670
548919
706800
132258
634086
327167
153157
323324
236050
189474
277587
232169
824725
421239
497500
842807
311076
816973
861352
288799
261823
635702
785344
360255
744146
400173
956763
849826
135621
821328
994594
24812
810600
516783
937254
407912
280168
164464
789661
470984
236445
450015
995351
201560
667363
833884
816128
19743
743500
403384
127089
174499
834465
742492
975438
469829
384053
32952
950085
481329
171015
943097
720795
357687
441146
211800
459529
282061
834375
733135
417474
496185
52247
441753
85453
933054
740122
291859
690495
726420
205263
799195
926524
339672
500655
6007
952726
351642
74405
880206
104673
921980
346648
275650
609003
878309
784796
174858
439489
848917
369147
481622
995268
179892
928196
773326
549919
394169
5894
241469
362401
50594
35200
585828
443118
760954
526662
990282
532231
131300
787496
598431
701849
301006
188657
296152
605534
422828
483205
999902
776784
962480
526654
663265
197757
644718
215372
922001
931837
391269
825263
680920
244612
679390
57489
989444
901644
534535
434996
475629
992058
414202
257280
807564
27731
936367
502092
40797
856594
341137
264365
732507
870124
901539
373362
199792
904642
5073
384769
138091
327369
970654
894950
730732
655662
737523
980826
547778
823170
801637
450225
606602
719690
776005
775088
407778
100376
747175
272499
474125
197594
901612
688274
233297
656796
49987
376619
54647
770560
865304
946565
375312
41722
596431
242491
743274
21568
41432
297310
476899
310333
381075
628597
243518
742218
37798
87359
613111
517438
29291
258811
790104
497316
259615
199798
585202
977109
709665
910961
988968
965836
497464
57312
554118
502694
193424
828460
760575
234393
779401
822476
244569
618813
249394
379937
981767
365561
740727
801611
811082
655863
836302
745886
679454
140570
120131
269824
771914
687181
248288
999398
954917
854719
369633
271911
608561
530747
207179
363499
496316
863200
582551
449
972708
169727
585860
633495
700825
626070
313142
95748
992217
195767
825361
165296
995882
942455
469752
261243
978691
148402
448175
353135
985108
23708
330812
393325
760298
904291
299164
387133
937142
796747
224030
108663
993698
737891
999924
194217
365709
444111
400556
754577
106794
983355
292689
413811
540236
382927
875588
773681
239484
279857
447704
383142
351804
8710
905047
335772
442485
234566
254773
179439
399839
793986
811926
17093
68340
617350
370137
999338
320514
123814
247828
705672
171578
532843
751763
92757
473706
384795
349533
846899
207573
979680
440250
633817
717267
576883
360127
327521
375008
208750
843672
333021
469995
280591
498352
822599
969792
847359
36977
777658
402146
448060
689779
914607
609420
120082
500815
684450
609193
783942
353928
888088
219343
683860
373403
807409
813851
436949
741371
870830
606086
609284
528501
599288
495930
212430
358533
300112
119157
13362
847940
444364
190321
893226
221275
530516
718845
805209
631556
381650
820170
991071
832272
699701
72110
589413
277978
727204
632232
254278
425042
957482
413925
231423
566324
499000
707629
686565
639601
907126
843788
466660
521001
587619
922188
184968
881565
392744
998711
552352
625858
66993
706612
377831
756005
313348
864797
726781
770801
986032
602300
136304
698666
332348
16330
926182
461502
268691
451690
992269
834408
192130
231439
326517
168481
332373
553486
602481
877994
509631
294999
948412
292980
587189
91500
501597
970161
344399
844884
825268
640094
874996
790945
430754
500085
908141
805022
71208
918375
896916
188860
661991
165840
557959
175506
241474
460639
285670
504706
895109
776787
54835
247397
618628
419676
288693
476507
954545
450589
215654
799888
908873
169914
153895
71553
740868
822911
503150
563930
917090
198634
437471
42104
709217
282370
710583
268632
940780
660379
297824
44561
57439
715930
876713
829711
527189
3052
981142
819684
207473
799887
929384
71481
754579
39377
956669
303198
234088
835437
224503
815970
685972
221742
105621
214505
782407
215321
727867
435601
196860
61818
566237
947068
633999
752476
40700
224352
632300
920009
174142
148893
571081
436368
655433
249783
591224
877040
677692
666431
260344
967239
476865
102488
868317
870147
32176
700173
247462
194361
472873
896095
669762
675547
359990
619244
215009
264426
26582
289423
7667
864150
895875
422664
2314
444753
236440
639827
906734
432488
411114
703415
89518
754781
576678
507329
511057
475222
233738
633743
406065
978346
39571
396264
433263
54401
424166
103416
462833
5691
734015
383933
518835
990028
140043
887629
18504
999784
945923
69797
691395
316153
430025
806658
241514
858838
857189
144004
851655
786499
229621
958665
530901
452586
980611
902226
829119
603714
633190
453360
36156
762365
382755
513848
566816
842677
453083
347595
430961
928825
904335
476951
683628
734049
554948
310818
473676
637884
478245
878683
75620
631147
176015
14694
166720
516143
372349
51586
370398
437132
266092
151700
253225
706333
983404
590447
563918
516705
110609
817915
256625
835197
575178
656081
981499
704119
656944
970057
402868
637799
192754
396172
148085
66384
187377
126962
262571
801112
741226
970444
531314
253785
620364
983075
513612
754242
71304
593646
879397
294983
520369
551479
436328
643278
687280
918609
368501
204929
537670
123848
818994
856729
616724
713290
342610
331607
616784
180624
230415
688084
900882
837907
484349
915231
948084
50257
982844
613516
799541
411690
172759
911939
505182
746765
702615
639631
511276
324467
856490
987177
161267
591244
126846
391113
415078
588735
151754
989223
555087
713514
779889
941003
30209
322770
302961
526783
750308
767047
441022
116310
791804
274148
126096
767687
410691
744512
346166
134986
9440
400306
271582
222715
216450
936790
87509
185775
930875
872398
824095
85057
664934
832119
221249
738803
934185
987068
876654
676741
560396
862513
535292
110057
213989
942420
724799
931619
131368
545880
657452
698207
282915
456419
313781
699671
833256
530482
185603
63828
681822
943835
474766
386752
600648
361990
418280
600990
131312
993995
593938
911583
957398
5112
637024
258528
968310
171063
670205
950308
958001
562161
459103
440437
173181
103995
155845
96182
279898
677895
833944
199439
914903
657351
787245
128217
226007
823337
233665
906617
423660
927299
252383
265755
594714
474766
899312
841727
748226
421720
79606
248907
641273
582129
930441
350827
302963
279681
758755
130979
67156
405798
652030
794929
65574
144463
766941
531974
627590
543022
31947
571276
527029
501659
773861
739173
480383
304314
425302
979057
523479
685349
855501
989687
925088
212479
784490
473719
720582
149908
845045
796706
152459
338727
696574
629805
39894
227677
552372
310581
21655
121089
110970
772699
111781
434251
947303
887907
838701
130923
65542
671329
754580
776825
947979
426320
226623
262091
814085
970378
983339
456282
961953
483965
931833
260493
507120
171387
988796
430043
135825
509994
899644
983591
292187
225451
65968
913105
476609
820122
955860
261251
649282
775170
592721
344811
147713
673523
838866
251298
980006
752697
124394
290957
574275
842066
679043
511820
49810
184372
727408
427139
834682
349494
937493
75
496053
621446
513426
79518
781624
947578
655982
919412
965988
979621
148214
866877
857361
375200
152881
163401
538857
541147
438328
875646
827318
675118
88926
490448
391329
641915
816822
428086
971749
271587
333501
792935
454942
506305
161763
321218
199922
793782
685158
34339
964225
773438
214567
789208
628430
914109
731184
448289
757229
200031
229513
45082
76985
766625
333997
916566
389516
789825
67502
330822
758256
413998
51009
800937
168306
151250
233687
512415
455351
836157
796215
64721
926969
420608
851649
885775
933335
404681
647476
382315
636900
444345
36311
509791
407007
726218
127413
671979
147803
596426
300725
398359
140614
660720
637832
592142
53190
528700
986269
95141
515408
567032
970032
325716
334943
568750
604944
18055
338055
42591
318866
707580
938689
899167
906119
144271
283090
542210
186980
851479
601329
195221
134640
558596
821065
612334
66692
730196
427911
204926
499564
950470
280784
980093
661413
173644
424377
316063
990834
85786
6269
957055
695330
373093
882682
942702
288956
592558
400534
319934
856913
442942
815099
67607
661485
619884
79353
699250
425224
49870
39158
847679
921868
676318
721005
388789
380133
175389
303465
903058
747131
460601
724587
404342
164038
400890
253404
278290
189296
737389
525061
545231
172260
687889
137867
369765
678196
802972
699671
777507
365957
404553
596570
811399
248008
469682
21139
52655
387398
3087
614664
328579
922409
669076
790848
322433
884922
197445
198703
803338
619275
947090
589199
552592
103225
914361
694544
466864
999504
636931
558749
657298
307893
951685
2582
869855
565729
283846
128569
737733
583106
333975
72112
848979
194771
30904
84134
724179
982494
460930
718303
422267
281112
646328
233685
668252
974284
566465
139503
105307
628948
441429
790325
651713
892567
940305
256111
580714
882592
409144
995944
964601
528666
715161
723536
889902
90277
476945
253771
638571
964394
915727
717455
181468
327853
805237
953727
633188
157380
408078
376473
695860
726874
68067
187601
187542
76036
806356
286482
372830
993021
637941
165233
793240
533799
60603
777462
103408
377640
189905
823849
549966
109190
907471
619866
170711
586295
910630
872253
439016
290068
254876
120034
314843
610722
149208
436138
220410
147215
83965
349745
149743
717807
431858
282018
675660
882164
36487
186930
444428
213185
79417
683366
525656
503405
201236
284760
73149
724205
999794
745105
980986
628186
536501
399458
542099
853612
685191
789277
290707
553526
847681
229374
130214
201722
417548
99545
883473
507291
144244
644185
102499
116205
986670
466235
952032
347208
942614
689303
360871
338270
30187
316056
951428
494299
807902
247578
389953
892489
766894
464520
539925
637766
525007
114109
929591
538448
870267
558753
535290
711974
426448
612225
385108
306131
474840
526322
273111
927143
632853
592487
893197
223492
880538
136487
845967
308633
962396
957818
326657
380445
654917
903417
249140
932129
293869
694992
530467
559918
39536
174856
783335
131027
623364
531551
925655
423413
1138
363
91661
359350
622365
1965
82058
246874
295535
738605
307187
715240
591301
19475
182180
563198
44521
253334
582315
918010
53168
880010
18814
175227
502198
455068
653603
288703
169261
262249
52279
142331
765969
558944
17150
489957
419568
914992
786671
424490
907288
517379
367248
499658
154015
706020
48584
869091
910315
57001
26304
653806
438817
347194
971244
601748
550423
784417
501779
846832
1672
173859
800314
845857
373945
81621
721442
949737
924140
896984
701486
142873
222645
982838
469342
625775
426936
659408
568323
909325
120770
908194
203640
766416
186826
292443
663850
430976
45898
724022
800071
68751
678821
707752
81017
232241
772515
332778
277527
51526
40397
938298
733897
609851
344530
437295
11444
185434
29499
600432
232246
839245
511047
876154
170687
59726
646211
864589
408178
410126
864248
8779
522317
164190
35640
751674
650073
276491
764381
857593
641761
377949
375637
667873
348426
980299
549270
657839
245486
521089
992288
192222
317228
234893
325655
820072
843201
395025
866878
339123
438476
335885
283913
233815
24228
893456
148986
21145
733668
200332
558613
290994
647717
306429
366086
689728
108165
788447
846872
34242
108729
601251
758265
920356
194423
603144
753089
663446
644869
782532
538179
856243
402262
435072
742547
817006
509856
295357
767189
749607
873247
260848
89972
498881
844348
524837
281547
991492
656493
975800
269587
68506
410116
227004
491040
793959
508692
776901
63101
501673
722105
96240
573044
581644
349676
263151
916367
751603
446456
354624
605010
501625
218881
376509
734876
895478
349113
611399
477188
423744
589332
179196
358685
703086
165091
338343
528355
85182
330169
616588
429588
74752
165583
453025
340286
598751
32554
398121
412702
217774
68327
123206
898134
31728
987701
974056
91098
240682
657052
958507
629632
737992
776541
157876
555787
163516
403768
984404
230492
42141
937167
851252
618227
279105
132776
950817
209032
944323
400210
582715
634474
625411
730558
346792
401670
53851
593331
174504
18888
844270
108548
897214
123374
24678
121473
211774
618534
960628
211679
12477
569510
187242
524709
656671
311418
504451
712855
785351
864801
378654
730612
533422
123208
638582
342223
30587
898934
603515
562420
33843
351740
594741
190153
270366
679797
939720
545082
402197
784118
82794
700382
581100
998899
780528
632865
730426
310695
134421
584919
781841
710326
973315
906822
329714
141131
706666
730586
703530
164883
302868
335757
66649
257407
740718
966986
437768
179562
923175
904163
83713
209884
550574
308913
203790
714647
995899
55066
864424
511799
705949
936208
909483
285550
919352
835638
578213
818625
879583
923336
919187
96889
600532
365046
888114
967183
650553
253842
199843
776756
218616
543062
724301
211446
167275
373216
485061
837552
22187
128224
810836
403259
78441
611027
272632
433000
935932
886437
98769
899662
613245
30506
866402
516177
324898
156853
767893
655641
144502
672347
926242
286116
543514
301085
800068
226297
917058
612980
985795
504148
83153
168259
229064
278130
655924
846626
554633
480411
944417
735441
783777
965792
664123
297316
546000
896707
200034
73544
635707
933031
825077
204553
42743
510228
818439
94086
379032
930323
673851
272002
343097
740045
807956
268191
16354
59089
152939
702765
810219
859145
544628
174119
866375
2919
463958
686139
709121
350730
208800
585212
83362
977631
966516
527945
33741
107326
947106
455577
997104
726805
633555
970811
574163
581588
680161
569516
832277
297275
516787
833052
758826
323924
202291
394335
682004
20192
544040
28509
458899
265378
856311
875973
690829
902832
632607
280440
16571
84932
720848
991712
813905
762003
717272
387690
692702
334680
936989
376307
78067
629869
745944
577765
973225
27341
606217
635868
465357
178578
976782
254253
332039
94204
346482
517193
732558
600352
771247
997739
868236
800069
999248
635056
577615
216692
614598
211161
972385
95889
127509
77103
875134
499421
810529
805411
247720
55186
553634
451985
824030
171390
566552
816559
837217
920887
841931
868213
665414
798675
425958
214124
681745
901178
917257
683907
682134
793645
306389
673311
723723
235555
53871
848426
540454
642399
638672
96603
185162
337630
413763
159709
946756
66256
430442
853568
504437
448033
550515
536149
975098
955864
937991
938237
903491
17047
462927
39395
152085
430172
271380
824508
987918
332368
685645
500787
284892
580754
395102
386657
664179
476592
287020
130254
475631
242083
747375
914580
376586
572067
357840
170990
462665
217177
276338
962103
177494
529399
395702
47485
529005
22208
835423
813544
100708
324533
385926
557840
220896
726711
441550
657
247364
533415
219732
173956
869015
999597
570949
901825
772914
91573
189515
492711
363451
713190
1465
254663
682219
851475
620212
194816
253436
209997
671985
115092
120463
214985
586283
185106
964174
230809
769107
567520
130650
701135
773375
6652
756558
292989
863004
901004
620574
379070
126253
251219
925277
359832
454291
107241
680682
659508
65518
952565
751166
829514
58504
10020
2589
989214
491741
334515
458736
331838
319871
705508
413771
796585
175802
422473
470308
929497
524253
538029
887270
177492
731883
71672
55284
139707
107207
179170
966276
551887
937493
427529
491448
131811
341573
935943
214953
35850
262465
875973
728954
703507
725215
321036
997643
961326
153547
468640
647277
590853
15458
916901
596612
75915
578607
426882
973953
69563
357212
796286
686468
56729
370456
700339
337028
194720
8870
87676
440886
309849
914320
298447
996444
313095
920650
997245
607014
906303
120896
131922
206489
649720
760749
371702
996376
33843
684844
154004
958838
776017
405179
197906
320357
505843
673733
669904
348102
702340
608739
204824
448797
144729
199126
469656
961133
533189
234535
544029
747123
325310
895366
643068
306851
427057
128851
693235
625876
268435
412123
963236
341059
515111
982362
96974
27098
307511
451204
975580
102360
994578
19598
755429
200842
877095
580872
759667
204074
986544
545561
938633
850715
284887
720320
82444
99098
373058
851643
370087
333279
205170
238125
570698
660831
473325
996934
467572
723131
824454
421851
46052
106003
631525
349509
965585
123497
618938
463916
825046
272722
329618
401422
268790
880776
804912
37098
815785
638535
146238
674775
584666
943153
873307
784788
994528
73452
362041
378124
50464
286938
715357
193668
496080
649469
528463
170443
32559
233541
735781
722010
156531
987109
912823
588909
513343
17604
884795
667526
343780
434978
84967
482693
875556
560781
777418
321272
508686
342470
797402
87600
459493
544334
1150
570481
879129
209225
291378
365564
401938
651843
212276
943917
829848
865340
813834
735885
525748
545128
934114
658201
899225
377983
999237
753760
185643
412228
253391
528257
829711
176271
723773
554978
450330
206345
945333
712271
453051
246019
899045
355564
463522
926395
342701
834141
955908
775796
783006
540482
921711
628424
327578
82223
122022
291578
387045
958737
104352
121507
603271
911222
48570
91431
772976
261552
900328
405511
154921
195471
98288
184178
856542
367646
693788
363572
975755
207080
167993
408241
565185
152203
285970
417330
699595
685066
718680
527566
565732
746350
887648
695932
380824
593483
278978
326206
696878
748312
353134
100156
894388
304024
718108
893346
493777
485997
776573
749050
103680
854336
298196
272346
221409
402207
115591
362999
650987
956132
827948
316892
682822
836335
107699
612420
30232
745879
935122
370035
799131
449169
617479
325890
26513
7286
174150
806288
748482
665757
799938
387088
715838
962889
982096
623557
23505
84596
262709
265425
612010
455277
597706
34819
422279
534679
220994
99797
535069
485377
738828
628566
349603
286313
902380
591202
457593
569284
577438
616011
255829
303412
414179
248258
616029
796447
244390
609292
163317
25680
553912
301097
530678
76863
701366
603568
976827
375181
745356
844397
793030
101200
408617
16688
319778
210227
495503
483809
950883
603210
893606
746430
128932
133683
114116
709366
24827
212000
72610
417834
130178
863956
943399
471857
50647
831548
882183
580272
836375
817527
234885
813186
853276
427787
638155
60401
24494
809413
714326
202532
517154
949494
185106
471789
235863
488239
576296
908209
483942
243503
562609
783579
97893
538360
47657
330109
498175
414770
455281
562520
846119
688408
150425
31724
568670
364864
115762
758816
980555
902404
212194
192281
867880
501386
906610
148
236887
558866
587704
335371
189421
551178
749601
369933
273054
211877
985362
818147
193439
714892
7782
887073
590953
652019
490646
422362
908139
140502
891104
869727
472165
260554
435723
418609
836052
20940
59613
681381
517582
879890
63697
361481
63505
154602
110821
727782
608653
159063
728857
791130
407954
4634
846489
235115
599821
222477
998552
716374
381261
570540
869186
284919
358506
31998
246288
33460
543439
972424
397136
907520
539548
48874
282297
817434
124686
813656
784519
200833
69474
143527
990004
715509
199221
147356
979752
74255
202216
676879
432246
279117
629941
815473
361692
160283
612533
383990
505488
106713
491942
477757
660519
111222
933519
196229
883676
575174
971016
207529
179730
894750
654944
143539
928343
80391
86548
330566
607035
896370
643205
309700
776185
905456
497614
36885
166218
317213
654761
901606
30240
452045
580139
909961
921691
693742
907163
615946
163138
965248
405070
380487
954773
614458
473409
885923
977262
903815
200197
792401
66153
862426
874280
351795
988282
493363
287279
268310
54525
917945
54116
387065
625051
477990
984526
769592
822682
92133
173343
311686
634908
683115
922072
203786
450420
29393
644958
218922
189728
264224
89239
500358
834357
195995
339481
681307
416403
397924
544201
537408
11370
116001
141587
890379
796959
167759
193291
261642
809268
543491
917487
502933
339111
705560
207241
547032
779308
924237
129584
686961
76416
476358
140731
696167
751325
253494
297984
87467
285489
998371
927620
732142
195714
535883
548173
347203
751428
237553
863686
523688
132597
441546
658063
914110
709185
238659
676208
553630
179670
216851
169139
100099
963291
564571
876655
140248
876758
421156
262779
548760
384147
945559
392722
4673
37264
91794
437543
812990
365766
169829
166852
113988
605432
97328
995416
377425
177823
650550
962708
754362
859499
566998
513370
263303
198625
838935
192668
979521
540267
775192
34220
642290
65799
714316
226524
975769
232311
310278
322245
182439
880104
295499
432024
759635
569392
157381
209493
430417
427744
829717
708971
359018
903939
31379
386713
769184
363450
734637
579754
693023
154962
159656
34058
608016
487945
95680
408969
225844
221765
965415
370831
286562
619550
959415
792104
775853
385360
48215
716290
953875
208774
945681
415591
55177
629077
183832
596029
995857
116791
992129
239075
325965
749569
989781
964627
221903
569574
335981
671903
927541
230744
159668
193855
706091
675092
470824
905586
4240
314947
22970
571243
12974
60338
788003
749184
506142
211739
429199
955790
137614
742050
412992
658905
402464
264486
161499
211307
251991
676103
77829
24423
731650
367078
93497
357418
833890
739242
514281
22035
767861
568640
404547
765392
503547
355561
351229
676340
50525
757331
40504
609276
511199
771520
996812
782657
413451
494451
693576
604640
952392
593032
393211
72191
311309
694229
921133
336955
292502
13608
152045
620381
632070
577532
292328
56209
273465
168499
164849
430280
217718
950603
771432
869356
185445
594965
66861
703622
65631
199495
854239
155555
405177
688250
831952
44798
167029
409188
288984
512863
319120
942797
359152
575188
439834
764668
6690
796526
373431
168676
475684
159374
942055
687660
739657
577081
707336
339083
229181
521059
914337
70167
603170
74513
780075
444514
771144
226501
268405
666079
425832
158307
516037
871480
643881
741748
759731
748747
353327
184715
97499
792345
741283
945949
402996
522502
567849
678986
640440
918069
486726
181365
49894
622711
193659
946021
388652
777928
180320
303160
981043
676160
826221
405309
368503
371235
426568
372289
5138
838120
393384
643325
705167
398210
869975
220024
883847
805093
381837
645139
119906
730487
630104
205064
719972
185971
522193
217127
767494
513379
488731
655458
121433
295999
908487
320621
495646
522983
336706
959455
880615
313002
786669
540648
66052
457966
295265
630001
36576
318561
519415
999176
424461
447771
742764
436417
781180
429939
160771
824148
277542
122896
10649
573334
6458
955849
260431
93236
763717
727596
996704
340942
638450
299041
317286
454802
241143
833570
719803
877859
88332
692692
345032
717618
937405
319615
936932
795936
227429
858428
145778
468827
630587
394736
663423
873996
582082
9002
496189
212710
633562
913650
120709
426443
317022
208260
60271
766102
60758
959296
795429
387500
504963
882399
554839
660894
539846
355585
584980
76450
711495
747345
553311
921412
85950
596928
979142
55241
534814
169847
582706
739898
212025
862051
316783
596219
801514
551291
712409
82676
418517
856730
785309
895301
832809
334589
346375
110496
568893
654469
249301
462310
204415
70392
9532
341298
904390
107615
428734
924471
695167
714566
479244
374558
573676
262819
96675
666676
526437
727782
764995
757701
918639
537382
789009
552282
510456
153010
355785
594385
494232
406898
826796
552842
397329
352877
507911
934507
114012
539912
785086
139349
309260
780525
349444
524613
335477
385484
594140
299372
648801
715392
235324
312115
877485
797642
203252
854969
504969
492226
266193
189289
742732
177393
569424
575422
477010
572674
601538
711579
721116
416046
118014
850963
375757
476899
693993
669182
126533
237093
665648
687225
680897
182448
470933
633928
77414
721289
826418
922111
29829
659734
81978
890082
435595
717353
732500
960605
850716
163790
61400
963042
589372
776354
751365
596535
731468
587586
37965
89762
211760
443325
693977
970652
540310
332373
104385
915294
147433
451297
984314
302022
801897
387187
587320
140708
691062
44026
522571
377773
747327
175887
217376
407907
456493
649326
747814
535816
123225
138186
43614
549840
154692
301436
70707
60623
230406
690369
222990
379865
2048
554824
309255
248068
183594
72313
148528
487061
135605
735183
105351
724038
889768
191019
28101
523860
874293
454557
694046
700313
387175
201958
587634
281612
746182
625643
881597
189362
827698
38287
34769
806431
770001
310359
190948
858547
863620
444329
832334
44243
291079
136461
527651
504292
392358
411223
458909
858875
452826
891843
260193
80371
655525
286669
956473
685829
815934
482134
770981
366076
306269
113029
819330
291261
728093
830825
679885
151937
605493
189244
257203
252778
743293
585789
194011
652392
954837
31559
920540
811004
150132
337905
807860
854893
572041
116861
158067
134587
114952
766820
556996
698786
887231
799334
405116
799412
119220
354310
866768
89076
604447
675130
586959
82589
926466
513025
605597
564680
245548
598860
93185
11821
606195
881193
135618
809713
741681
900423
364573
22947
39733
759965
112646
615932
982109
398497
631833
248185
581933
274855
72495
939805
210547
270790
503260
16287
281694
172647
361213
772136
534497
316712
584994
228098
275875
708953
714796
179521
107048
901918
941619
616030
441262
427305
394718
376300
817705
513907
115313
810781
310704
770210
309519
671521
778529
342502
825344
359030
478771
737029
63389
31518
255324
673182
819310
356886
109228
388521
956207
222138
462502
359874
955470
667180
117483
11354
348449
797730
178239
680335
12585
318811
9824
498970
540735
428025
83441
443250
741915
903236
845043
726283
18908
407795
168887
905924
409736
873096
823355
33447
682141
244899
610834
904844
86019
478127
946036
661359
435147
80156
945632
405932
79781
91828
696952
311977
616275
506349
10552
730939
782656
404654
203721
662710
489885
514433
55612
375113
562104
619629
623316
416628
919088
954590
518877
222823
222106
310281
87205
842725
558759
556506
338896
402239
705453
546679
265961
829128
510072
946321
987235
887644
982672
215581
353836
742148
921049
245337
969342
955626
951935
391812
35256
323434
951296
469979
529211
457746
105657
816994
373158
251707
502925
72254
673419
487298
999252
573150
884773
791255
131754
464754
264311
39174
413050
391660
541745
404027
48645
275956
32938
137253
71520
412046
74220
61767
820432
565260
813875
35219
396280
151678
649298
340158
125453
370208
890012
905411
328698
560438
846882
106307
451069
602837
817664
640049
683627
24586
706696
672548
713794
456660
859770
302130
817660
310878
783466
653722
770214
406148
435614
670688
863398
388624
65938
392976
335752
225601
890766
55586
813026
142053
96356
479244
290181
616724
590988
237287
111590
973393
111648
527999
877452
134833
920243
997833
138415
954323
516637
701743
64102
846998
629496
907538
522451
307419
884696
321233
442866
447263
396254
705645
748136
782493
457192
216615
585052
898487
398678
627417
837190
722037
361249
399662
163539
714519
798380
80457
972364
659728
343640
664019
440601
483206
403407
572280
862644
530310
551742
953723
795708
31329
498647
510913
80131
806366
564384
308654
626392
689927
191934
869543
957988
274627
680091
952636
235637
166271
373247
796759
278
739052
819949
93991
370908
844330
251963
702318
618911
468342
243405
100247
444809
915272
623266
840468
601169
990939
953022
17773
17265
918789
328697
451919
88352
480286
195251
92883
613205
869125
199980
486750
984262
581415
585701
307725
476152
745239
230562
301185
338085
127108
771859
411977
403633
109504
206881
535639
216350
870082
62052
945605
96770
429707
627498
588535
352854
534760
431111
270553
313616
206787
717440
948438
430137
129706
967019
755865
569123
283762
94312
660464
723546
411339
221355
410257
861249
184837
147154
666830
380507
941727
367265
664025
31399
440702
945369
806400
70487
47797
740209
606575
842897
780788
23877
488690
515276
654419
509918
717726
894333
748940
747935
877088
680263
346097
372185
926956
229296
788565
886422
930614
357777
247273
59854
136044
421106
245433
721082
423722
734833
688768
830856
293308
446798
989238
489979
788212
811056
317686
234360
122663
617985
672831
535218
289306
393655
606132
3142
557696
645761
760082
539259
626477
166113
503729
675374
731764
377650
372620
559133
501677
135773
389204
213834
109171
405804
385231
587731
494400
34500
988856
266104
804526
157091
427480
347214
390399
120551
431550
252452
565900
490817
238537
55557
826157
880139
984351
8732
799140
368956
442146
338339
870895
990092
600607
373994
586378
806511
554445
283289
757319
645936
983704
719611
583540
996177
501630
857977
259694
655171
94344
128323
268924
68987
381831
731628
781504
298224
710622
416593
664131
452955
54289
394150
150627
700936
803486
739215
472693
369506
570195
506250
775377
780384
376
697977
515205
36194
760992
221338
109449
546321
418873
602353
146210
716003
784329
706950
908627
854676
360721
240495
988382
166644
787810
191801
238917
714450
523221
184084
296500
925220
545156
358573
823582
483665
721975
216355
610278
740002
676637
716788
924622
555633
283337
330747
906667
705063
172990
995558
969171
256362
135926
856287
407006
847772
432309
921856
797989
687179
771412
677909
976273
63904
795680
197753
893417
665896
225947
281565
571945
110915
92541
780805
19153
3688
537852
586848
230521
478305
652373
974354
444927
255841
519519
303184
369742
541639
367914
553570
707682
192650
681901
805343
405590
520566
78472
628032
918967
874719
622326
775173
296155
117380
481083
302674
70065
633110
912783
989927
448039
540941
734377
355770
374957
613684
796343
859224
450476
222825
845403
267684
250716
682866
442087
723843
632637
804529
284486
515039
154225
110494
677400
227051
467541
968690
345544
339294
271463
997855
741804
5940
257127
91939
446548
577423
639213
810257
274810
239174
801152
655639
162632
53685
768198
174233
145029
539906
413585
442387
918974
609494
582149
207466
157183
861274
278171
148524
765256
744034
923588
327456
561846
404375
943898
524424
676209
939979
842753
315244
621717
891167
39755
339920
362484
969209
177503
529231
26315
680996
93031
352503
886754
919377
731961
34754
966117
302670
25849
121953
251689
750784
687812
129588
66381
494032
684217
132424
561439
22629
202388
246301
335822
230870
581592
709402
726420
866913
681491
658430
7713
745384
94110
901293
657452
22333
387621
215524
269585
185499
140720
676796
969729
547851
445910
694877
840560
5769
787772
99540
749904
258325
287751
23621
511440
148441
460571
83343
152489
889612
842339
152375
727578
654442
809271
483402
864318
619076
715187
960366
885270
637109
356085
847395
995329
24926
843640
484047
419191
332044
52346
958435
57910
200639
413224
71343
929137
638897
855304
165788
720584
445162
3022
126165
961588
542837
215453
260458
343546
417949
468128
801725
744196
616895
245742
435696
389808
654359
606290
377032
364536
317181
986978
336526
867835
645996
952190
574851
373395
755643
765910
595069
300361
507337
905216
570259
26950
515182
217679
668095
373019
680278
24447
603203
68847
319280
348837
962136
691791
57087
325
911214
687806
514145
831429
232327
273767
77186
548003
211098
443527
962317
575428
295186
209505
865587
643314
543749
603921
868337
641233
349654
998105
364912
608924
309367
60794
724925
716254
479379
766372
808667
535459
696522
652732
448428
396235
747193
928060
737660
966750
456409
764225
50283
817859
948992
229624
638893
817005
172144
656196
313856
233338
935431
530225
921459
868649
426893
466217
536721
883690
492527
478147
294725
64124
160837
606749
545810
211832
986637
263337
746436
882498
418761
678285
233535
635975
600347
965733
655562
242708
194442
485312
394778
45324
983030
700334
140147
244982
385570
801932
299659
135083
813000
73165
930181
186058
811869
641397
451189
933824
242200
72847
338190
65440
335228
909030
997044
794969
11371
311445
418865
553323
214387
590084
116593
303306
281712
281910
226923
36778
423832
655163
455214
188577
114794
761229
165908
477872
540555
420844
837763
642113
516709
2555
343633
816115
956722
277330
351311
868842
473215
69924
225632
451842
975596
773274
317404
283718
586917
352826
865478
294617
20028
142330
647751
815206
420814
539341
624371
304207
36061
87548
936944
982031
58712
149825
32233
919240
557039
513468
127183
89299
983866
33383
784218
506945
263419
302949
454339
111129
796452
593352
722459
668443
983580
605214
966261
29506
671864
32832
733120
349743
271463
447308
9968
510196
951934
347650
958594
310468
307719
987023
613657
573875
592032
492109
87491
512193
628618
124827
563418
538609
734822
683568
839593
929374
13490
780884
476431
999974
153172
528259
120199
772981
292511
629519
592642
185056
70915
883802
436850
466907
929558
288930
217757
405738
546310
563392
163176
617993
42083
41323
312473
463261
482921
164678
760705
850518
667455
861577
205150
966386
427331
948210
1980
612993
300807
617901
349268
174079
809330
435650
207969
201713
651186
757163
347916
223192
641552
89516
416778
110511
152934
493491
428569
666193
966923
99543
155507
246315
265286
356539
723109
951846
328656
876394
795577
947517
876695
699556
420374
158667
693849
675846
142300
817947
226805
502023
728312
128859
561108
419120
983411
521844
172980
263344
65937
580833
776243
824206
855392
383563
322074
511274
890101
72009
396240
522675
298413
486955
41663
847042
910492
106019
34754
526529
776995
54574
598957
433633
257372
304227
809022
684297
354879
914966
308158
496924
196107
246595
501734
923352
567402
522641
48610
775761
678283
176804
388335
92229
957654
60810
745866
576849
214375
639804
503761
200809
688075
567275
510048
229748
345048
200101
727262
186034
194815
629905
86981
216690
709811
348252
306991
759840
354578
270784
542452
523263
17157
38150
100130
655709
647085
503397
34185
664240
837523
362842
480835
365624
100078
254123
97207
182039
883607
123562
276153
428005
877047
558663
755005
979883
762918
220726
973030
516976
395181
605151
973762
664654
13534
377223
777069
19190
461109
544910
610746
487630
540299
760914
956277
285941
836490
216726
291558
840799
588754
437369
475902
853388
737958
560992
279144
361225
648902
60181
292184
497662
142604
544596
164459
858236
49878
711248
416235
290460
448561
921435
532788
89522
388679
860881
760674
407247
556219
417418
201904
89619
728142
813312
451866
139458
353508
469589
493019
45903
331803
851203
371907
419747
914883
937245
419087
400128
507797
991661
98145
410383
582330
559640
635774
421698
487594
24520
927676
100958
34101
332069
271178
313789
137241
588271
935241
674130
125912
764903
20737
527740
45139
285337
42236
788071
897366
577297
815784
763026
637543
752482
855959
450579
548403
304807
617763
570804
759137
190693
729667
27673
982859
881541
87796
810787
922984
694764
7795
974676
724675
748362
38645
426371
543267
152866
308483
824629
436983
793651
515552
845534
313219
571536
464381
866293
267532
341542
706365
659500
630948
652408
6865
102379
464030
692407
886439
276975
930616
925856
546108
306612
470644
683710
225664
667274
547302
741810
179907
537622
25914
136877
593991
128074
791740
221162
919202
904052
79716
422338
852233
680543
430059
564041
803696
410076
339194
408123
29441
470106
139239
230050
68468
103804
754874
581703
612223
748837
688427
632041
804419
837127
819652
14736
362607
419418
645994
830046
863432
152937
521034
917601
562745
245591
201065
113626
843377
105735
131888
809259
246927
219330
487831
42275
758245
76125
167827
988451
212191
705280
886491
581646
722995
421410
73824
648150
219040
692020
854438
939278
192583
165489
630860
649840
677157
348669
645347
19271
77225
401763
213029
287175
132842
206762
529992
781200
669884
41203
977722
76766
392388
348673
853398
905953
977773
651924
184387
246729
242948
114528
437157
604941
284492
940421
976092
940839
709097
81070
595142
962882
876275
703204
887123
670175
602866
662188
938271
572820
987914
196882
707378
963736
713129
704298
889663
720881
385119
521910
862332
118161
445006
293604
905150
910907
714207
412783
779640
933925
281142
203933
560107
132098
79198
986661
747887
281162
307183
831035
190465
451414
391565
890605
436898
628764
791005
138124
921810
476310
76618
878836
930003
617634
873144
385483
389057
420828
443869
59923
94507
316512
334271
163510
846904
43148
313605
753392
765793
613171
456136
492297
292100
112319
594529
397481
590917
886283
584562
853403
469542
513851
659444
584211
513418
279428
116594
220340
300328
652914
598841
743515
351060
475648
81834
733942
803932
114009
853869
568865
626768
178916
371008
888791
883858
606385
733646
396142
284799
891874
958703
612478
220997
853985
221523
996179
85764
172497
335644
753651
692450
177681
46573
619563
509009
377023
358296
275273
337262
780862
747975
729721
667415
949009
473330
244257
565968
794998
288167
986793
92595
320473
655140
825834
484226
338481
723669
936434
832452
129153
726177
693093
334204
687679
263286
830052
373428
490444
802810
841270
262635
854282
182780
269923
572842
994001
444585
440196
140709
265669
510546
397382
924127
543878
103985
719101
388104
157811
705768
46158
38864
985716
347354
835150
853511
932081
237762
577746
564367
457471
107748
305000
462442
52548
168565
773349
528851
605266
934879
709355
316646
89403
394919
551773
295487
589609
306170
217398
887362
737240
876555
866850
265264
950722
317135
866311
552299
351758
162332
999513
803325
194068
684162
172615
815045
464075
449663
431408
276929
537220
420090
222269
39940
153407
252474
148631
658653
551552
230079
193605
51241
520019
23546
382403
166078
685089
645973
918472
524347
302108
48695
244514
455344
867721
748888
441637
940087
708147
692696
500314
136969
9721
156749
960666
514009
757266
709777
444435
188914
510086
836829
982997
535735
787888
553576
639228
660694
133614
542833
637747
69623
619746
181344
665315
322745
250545
779935
646764
276604
704343
819726
212513
58313
628348
815478
344958
938089
966986
338415
579363
658764
964393
775416
942850
585909
16187
749801
451442
378496
276731
750690
370882
980946
870678
73960
426913
214338
165358
235518
943870
978188
766801
210566
129045
89302
528034
706735
195891
214031
838551
849815
148770
487397
360762
383207
373589
829389
26345
713228
30537
456383
867036
440990
188265
639221
449488
329725
340269
677677
512077
698460
263342
218559
875005
632491
884319
742348
699441
942241
138555
562536
458704
836223
667700
401749
547579
895799
575460
526405
618644
409574
563517
900298
664602
413377
504286
660276
977442
220255
868777
631807
80740
283906
128388
964448
475993
451592
222290
576125
69687
240252
365961
332988
696503
980420
803077
319145
702610
278927
414209
688530
526290
375507
777858
159499
572952
719289
223661
61843
216383
16101
309964
164796
453062
842693
94249
493198
266106
444975
20435
95080
55041
527187
706547
840551
367056
864342
206523
683039
697667
108392
615457
399835
30507
267244
982872
114030
532948
102301
99502
690701
364538
373166
870997
830612
830940
644772
459732
397490
371266
571522
979427
14229
728699
476521
604476
517219
640351
621555
135198
454263
217522
406365
389541
222476
197021
868999
589389
704133
201030
699184
331777
274996
756804
600950
454854
168812
996182
536144
239593
562574
356121
86231
675704
619650
862226
623444
496278
275377
996174
758373
805655
486659
659453
203163
813945
712216
182829
760547
410508
896386
225905
613765
475762
757000
94266
255867
24277
949380
449275
31859
397878
269538
487032
213839
13688
824288
61675
422909
563148
289646
393279
936393
74690
887681
100593
481375
285295
799079
579454
337837
124481
238419
339380
303952
179836
547425
90221
876207
414289
974008
609129
162062
655313
670127
261631
85826
58137
529089
454957
234470
344882
561785
64541
392779
584940
455630
680980
398726
93043
666983
46076
665656
817677
610699
447113
653904
677908
942643
953985
263575
261842
77430
874343
748454
622677
906918
895140
918244
156248
644889
908981
77146
972010
810670
890551
787178
696696
412740
728070
270505
583905
429507
71463
497797
108794
798457
731074
629324
445717
28099
63122
855048
371944
606303
364349
218626
391418
829092
768727
984013
598103
750736
908393
493222
892375
211934
939992
189678
197541
619879
830956
260023
206404
573184
144755
567496
794625
961303
788992
112078
535640
490290
492955
846603
101082
517889
76778
476638
563839
994068
46110
3958
964899
415721
908926
807738
591875
786413
500237
71646
941342
252858
12880
723134
364425
385459
832070
867069
549073
574579
245909
978590
994942
587444
166843
746592
306953
349208
648533
706610
210619
980534
168957
235858
629601
300633
572737
723988
468334
777122
658830
169764
42895
628849
860384
344519
221506
354464
805217
130028
198694
917803
297138
598647
390242
598429
991649
810021
5068
437918
117615
377377
998748
80303
108849
14047
149813
365459
905984
94971
597588
447336
893512
233237
675068
301659
394711
964803
217588
759216
910537
762005
471364
956525
206064
82060
768784
681786
667388
21971
805792
455730
834050
485663
749317
505620
271828
996641
236423
705297
603575
937922
905805
837627
664343
757578
164609
625007
942254
932318
166949
733171
786356
957591
300401
807744
763039
527958
734788
114938
610478
771378
967657
420317
37299
316461
11492
480510
73166
541847
660422
689243
109038
619206
568398
371371
31201
824570
27543
425014
724475
844063
627562
676581
185410
648762
519437
39712
269926
126635
364522
17245
362456
638182
899552
108359
46707
821957
725525
442422
443863
899300
254549
85787
11255
115712
993673
114504
533019
713029
4608
382640
593649
107251
403111
235323
736721
656338
180844
108355
410347
137690
343026
262511
190380
178251
610929
28880
34251
895957
721391
154578
126144
793268
241248
227795
386194
914369
615343
259318
395382
537454
660222
540783
102499
727538
527190
73026
692388
45312
771189
233271
780243
586907
886752
137402
233559
64457
40235
768778
11806
934294
448045
175055
503847
788193
878228
537455
671490
47719
237066
349391
44881
262978
512858
897628
536498
28349
288894
304750
106993
619508
337085
521198
259655
507450
249806
640567
377152
473048
773559
692990
644256
28441
435403
744355
805420
520652
13025
27496
161897
431640
920491
808544
875872
151566
127583
267223
665111
345856
808251
102805
123443
673222
861302
835206
56223
142476
96327
5656
388341
522371
168040
560931
373955
819650
967484
918855
591963
974837
177366
235557
520504
7021
350513
425685
911291
592941
23754
191062
745906
643209
745249
485294
241143
200214
202836
911117
245180
839234
913743
39123
192703
486256
438538
43420
212473
299305
443138
845865
918500
815529
150408
400316
561283
914204
784815
816268
975221
329844
601566
409400
142394
870155
833889
768359
827049
681537
788756
826559
76344
541466
368536
18006
547634
792761
113080
553361
651964
708387
274196
472292
595264
934969
564170
379041
694934
749589
877966
831779
13659
407518
554363
63423
448654
618828
437558
602364
492052
416196
375087
220208
217239
506079
64143
808502
973713
602220
665402
976808
165059
443451
238884
567774
268867
213849
550386
881172
891947
766256
366619
766907
169701
847691
537699
887728
999895
885644
272232
837280
645563
177122
824392
901531
62734
635353
295477
7099
913211
552412
907377
405856
513754
626524
694448
644667
123786
645659
619204
506197
329385
464579
338421
394225
698658
287364
85337
99655
218126
705145
987128
723143
2426
528234
457289
194298
69638
886332
120373
330762
721045
386651
779827
587428
700313
269346
482572
890494
754685
673127
340319
149683
891421
789735
819481
650493
180403
55609
397030
445651
729531
876647
118309
996730
102077
776049
626990
992028
292710
588507
591978
707287
442425
288230
55991
287899
433662
31439
211330
78428
888862
184819
386202
202121
391216
537990
879052
781765
669787
609508
337932
618406
760652
273421
895223
890874
848590
102673
734361
53079
783856
32560
665774
611534
65115
925109
550413
878301
702494
847245
890275
656607
589812
568197
94840
440186
256411
872107
270374
101671
37327
377270
790831
853421
453991
619298
889335
506959
143290
825345
203311
625266
263717
746969
39484
332905
695057
963750
949680
927682
300811
399070
892210
284371
352552
531908
452272
944624
47483
169895
813890
92109
863862
287344
813052
281560
607503
633709
666420
443030
105288
733272
485191
908565
424003
872983
985784
154751
831563
906567
933566
913235
978967
831767
370131
818762
547717
911264
15128
401354
393069
294988
9215
123629
489101
585136
527300
269203
937653
296748
594667
374295
553390
616959
428389
824145
941520
316391
7016
502377
449791
804652
998987
198614
717833
86630
746010
98396
753294
412780
464619
962624
601123
927926
900092
311807
286299
457547
999728
691823
732772
665546
796547
187231
366004
330332
262481
506196
820191
684619
4318
20190
909995
785536
179066
280164
312537
102137
928571
357101
206108
402241
812886
976698
400266
440647
230142
862010
291764
481941
139403
984140
535921
36705
968470
334224
698820
134078
30347
264264
821411
966347
679792
987888
245924
788452
733438
900348
83780
746872
57829
909465
170072
352489
629412
4926
59335
413909
267513
436251
918904
128031
329727
733297
738712
451025
758951
289444
562506
691615
656533
808447
706456
37128
998835
445390
693652
100498
566462
732858
472770
861836
518670
889211
989536
293968
915652
770093
750860
879103
16120
421983
799705
344232
266086
459951
333388
31853
22947
226714
999513
502503
808060
615751
943264
332868
775668
810409
579658
584787
199910
957492
797368
352735
284427
39799
270508
700529
730159
110282
529066
793737
775446
541673
903389
869283
907875
642334
769665
651819
639560
862979
599381
733345
392972
234440
648507
829729
727082
886750
229961
142120
111680
808764
405170
653311
153628
597708
395156
572858
66861
102201
561776
535052
911637
520073
419125
911387
787847
237901
852462
374899
236660
2628
84752
199099
894616
356099
951464
143374
232760
343021
133593
847764
954024
472972
602818
187354
579312
428457
802109
590685
780387
769171
507501
900347
89154
198584
388380
761286
856801
431330
879871
888541
906685
980622
418624
111521
253047
558265
545689
375165
944992
495963
236030
673119
689466
408393
844307
51753
265319
131981
414234
888812
995323
831480
334976
325117
495467
791999
553679
867172
463690
950621
198614
101120
589470
390981
421330
749573
651829
105830
103305
677285
404394
245962
392489
904133
126014
607093
204192
856248
942116
445401
509150
416210
427682
470429
623162
893788
600533
24860
130937
124493
57150
45379
64918
743965
47574
388217
186010
388914
459695
940581
565829
725037
590109
26054
6853
762464
87119
326166
263362
611020
272772
738436
339572
766978
723163
792975
797776
749013
319862
857431
887820
220101
244175
406795
465360
580542
145375
621110
720048
895919
899047
128824
731392
314352
676051
986945
312052
874975
418668
968728
651460
259806
912418
957807
672658
699011
801185
480878
413825
525596
973968
383844
341327
199805
323642
20246
38233
563600
852325
250724
793288
867352
379136
417658
434012
461726
742833
396516
511080
255237
357585
117178
272167
889539
344821
387896
806520
288506
888229
579092
906730
10268
625297
755906
19604
919797
186307
44131
201438
641014
51721
314476
691729
9308
961088
685528
61238
680347
342100
823362
388279
412438
740545
531919
37996
878311
402989
4517
542746
411337
387651
28446
574037
983742
641162
291459
651735
553569
163023
695510
433997
378361
385850
862147
506230
271290
808876
533792
628914
387466
854313
322311
113396
662512
652869
475423
840835
865142
518054
257001
494275
210494
169337
250621
459929
10425
130243
37095
932042
545095
271311
902744
333126
800150
174303
799301
242970
469163
543900
597507
583931
395852
887753
604655
536651
930549
816012
633126
581238
927019
816146
770794
259137
349707
770840
905955
376216
890359
980661
561026
218518
460097
704665
837712
525775
253049
90553
93933
93406
242854
128977
258704
355539
665377
283911
701403
427099
807982
621728
39998
364647
955591
838621
721308
207470
949798
613309
459331
540590
928246
697224
221397
161403
606916
789188
191729
87915
504381
512544
509758
512637
861015
923437
287335
946811
987190
468772
722963
522770
20316
868108
498457
277145
669529
994709
265005
600324
79858
314839
449528
300095
968267
531234
525584
999195
186955
652726
608521
400764
818970
205778
48228
10718
797246
246699
675955
45742
573260
283276
284370
834899
765456
353420
293968
239475
939261
648649
713886
915288
934465
490670
470527
746377
862253
46273
854590
697698
29916
492365
570936
779841
61816
219949
925306
283377
397599
239095
845013
11310
399500
838130
797727
100800
631159
533560
130145
411772
507626
188563
915079
770554
504002
662335
238026
662547
691875
93791
909512
921514
788402
461110
866606
309383
295347
43824
341219
798938
587384
959527
401420
531094
431890
887237
217727
868298
986590
327000
986267
707109
328240
755624
22552
921956
660432
694017
924235
918269
345431
685187
940101
619689
907105
190486
345648
62512
265230
616472
921285
200304
724459
21716
116528
106629
701747
780041
466827
132717
575440
92319
706268
740187
149235
285354
678652
725329
453597
364099
373904
301293
325889
632228
841592
659952
210971
863585
584268
943095
14878
229337
226347
478159
971024
214397
231057
192151
229003
805518
69961
754762
392550
996742
956992
280192
580103
959760
808244
468620
942628
533296
352106
938162
910140
279132
869307
698376
117983
989850
250375
589195
840837
227225
860806
246058
879233
441752
867218
128679
66813
116328
27202
951094
434352
611320
102057
702640
366269
128688
208934
781067
882255
616673
776384
701641
190625
995043
969246
868199
18758
772933
281141
618280
613919
205306
936444
858948
136792
795781
984389
469837
136102
77380
885448
967065
771766
307301
678076
730460
613116
995379
550584
631319
511612
258283
264783
48359
164421
993901
639810
599903
539903
979638
878877
324554
38281
521369
863060
933619
515102
612166
505474
910233
886155
248934
570475
330856
203860
470153
671040
896904
750412
670049
346865
756976
63469
765634
426050
869971
184285
584006
492835
908749
727688
592012
479506
671889
442187
220729
364742
76558
100504
159090
867139
422608
82206
436137
363216
786396
822254
379914
985332
680481
395332
813588
49425
373591
891157
738141
222506
428938
6047
860437
222509
949197
982511
460471
301859
403070
802832
170421
666244
67025
872854
572425
538648
414372
143435
441055
374433
902500
870516
258923
420239
520656
175947
478011
939354
298982
832188
608614
84427
5591
792603
112241
303583
958301
554
490586
58487
909424
675013
883553
324335
516056
77838
653556
71324
748140
925853
200675
368167
815180
205938
123056
611323
831053
671668
713794
545957
780504
10188
892139
580829
759640
106912
906831
707119
453096
279934
801306
52225
364320
845632
336629
800931
502770
380838
951176
203931
706525
426004
996637
174563
242368
568314
498688
620888
70687
317631
445149
712156
753609
903425
566262
798040
733332
303961
157132
862603
94811
27644
231714
277889
312812
681032
342286
676565
676231
318239
254612
145712
375089
732330
400059
875130
360733
412206
635188
938428
471628
538017
218545
673020
396182
928491
505558
696430
637974
13842
646761
260769
298788
763678
976011
956591
310462
697837
436746
256594
108184
767605
848927
417869
263583
887767
878593
664421
825477
542370
228772
567354
40601
723345
872174
446906
680868
387442
275498
646400
476653
837072
311181
466683
592937
160905
834083
866465
239362
339462
386869
96545
901186
586904
551483
70490
196292
535605
480068
495945
721871
655327
151213
959176
983646
410683
550578
121266
937748
192036
525412
381917
62381
706131
942774
727813
684868
320202
621451
833805
457712
841397
79140
253229
937520
857537
187005
727367
154646
995592
547403
890451
266934
556284
481173
152818
832555
206235
416002
803811
410299
753520
362395
72060
835472
965930
495489
918360
458034
954117
258192
690814
456968
784794
14160
466332
763024
638762
384040
193081
53586
811303
236048
812400
279709
838396
59388
532317
39081
940690
73380
863148
357458
635382
215161
833029
9430
385557
314259
951186
836591
75935
326162
208999
936964
975368
684325
297062
659881
11825
218261
728000
947806
401846
973369
404967
462960
786154
42708
512489
220517
613061
496854
306730
449473
562083
375654
226300
462110
369829
269342
630554
231107
529055
773534
270079
724466
622794
577717
713671
503693
451994
20736
772104
211761
871620
193631
315672
751049
231228
532301
602103
818392
625893
658608
920683
315133
427066
181721
767011
531166
149989
985057
514075
71141
644488
411001
478066
932455
208744
915515
698027
288209
982133
136004
920007
355062
128141
836388
52886
201796
384868
964665
89572
116546
989759
638605
810994
881309
473861
943515
201084
507741
879872
427098
225757
74815
39113
952986
496172
751077
938593
714153
89623
947772
664135
490093
570652
879915
462214
258855
984458
651138
178777
54968
276084
25533
245105
276835
484799
376181
447266
547587
534030
512323
172653
44085
194159
870670
454609
830083
228573
395515
941168
566735
556482
476909
329018
791347
243049
617495
920667
872967
541676
993749
251336
150323
204322
330598
662994
511048
352268
204803
839258
753809
86691
970210
367064
641968
922801
331423
803148
117676
945498
703456
743826
661535
471622
321978
671437
888656
536635
98386
868349
416666
591181
217194
770206
844385
181842
600401
745740
154435
137472
884334
224131
377950
191002
32467
328744
915692
289229
688887
905394
679135
652951
747470
690790
64218
490043
51843
331933
679808
673355
18643
777856
587212
716801
540258
142677
783477
465978
842124
830387
563983
294466
319288
537193
212576
902027
417185
15367
716623
112646
989890
807608
516142
488664
330944
880044
243632
134489
663861
550473
112196
983833
196733
967044
633098
419476
880610
477836
964785
854396
650073
221097
454820
231172
144546
610761
208713
223878
934954
708889
318713
448705
626045
45809
68553
293696
813212
921689
837206
84336
769834
855160
507106
499093
494482
144526
421624
682786
221052
419971
540158
435809
318645
656770
778550
941389
320337
792337
468590
922645
899038
11402
277923
329707
710303
504439
346678
684678
676813
714663
43512
957565
330907
736022
52157
335506
731260
719030
56599
19883
287543
782969
193540
761851
952696
346829
823820
39181
985969
73244
5445
427346
577840
439638
518827
616345
249325
117057
879163
856671
198447
123637
715172
831849
131158
795832
913299
234315
155930
470841
808438
646170
369354
822427
39601
64694
773859
175455
858314
587984
909187
86686
263686
222831
86312
691986
698381
709308
819149
589227
311742
532877
420536
825503
454961
68436
875872
67430
166676
806464
705838
300372
49164
422766
457170
760071
741463
234172
646196
159255
456666
909677
88975
652605
719285
510242
713591
273264
609248
675412
387590
375449
655753
589902
495635
321838
236518
209614
482435
456023
793182
76612
463397
796939
899635
374745
460161
607070
920764
603394
325339
714568
798184
546989
583292
379594
616372
221187
187097
727562
421121
631350
514174
259968
949334
960930
686642
499589
548981
43625
709441
172172
840977
737964
324026
379634
773418
139597
995333
479935
286704
503566
611814
724597
495316
479555
710260
866086
702931
302495
60200
866921
752594
179858
360808
23385
357974
768195
195149
119858
728363
934939
216543
777134
658687
908739
237904
843489
396707
378897
609193
113547
3881
200966
708855
733166
384114
228331
113516
56417
354132
651110
948104
446005
767186
382748
509996
408423
202445
2106
658969
585094
222589
988327
346268
163123
922378
718212
383811
16978
457474
603202
645396
414062
894337
381397
242394
516559
998192
475682
277858
538609
427759
648361
591559
257397
253753
534316
191785
61697
253485
145019
323185
420044
152285
156017
126051
249685
522531
686568
348521
105646
346770
952522
64429
472370
169650
777645
553086
441505
715968
30495
796182
81874
455827
644567
894658
164175
446394
33279
538203
572484
785474
929517
465139
177266
953994
504543
930005
178641
996695
398796
292200
965602
662080
844870
3219
61785
471075
298543
38625
962283
500238
892415
298152
364572
389954
88491
775900
546452
876539
448322
719934
480205
964621
176673
346876
564331
253605
53569
713643
467943
257742
735105
149294
518678
720833
588115
69703
478955
631894
489723
545678
910952
442567
89488
63926
428930
868023
451544
741383
629995
730954
466180
714902
742382
309062
433670
75052
547103
591454
255466
676963
797363
62327
467953
60460
857215
204356
395316
396189
506749
821434
792076
290638
469953
450585
574385
173317
231354
913206
451401
941142
363702
844381
241590
519238
413022
18359
258354
860563
386026
433502
423349
711077
545694
484868
909825
965370
746607
574535
832998
606525
255212
890996
643657
898479
24204
750014
684832
39110
929949
237210
303032
281831
632510
612380
830868
983041
467903
204977
561459
229996
992027
324071
163109
249769
737002
380974
192240
977171
724396
951212
975797
686531
107839
942020
728369
553814
843668
392278
406723
930016
582187
995722
15712
535019
144184
723317
772370
818586
745182
142260
842447
784346
550872
350987
997157
184116
589812
564510
310802
260121
582902
9137
490295
282954
51662
318748
505081
354343
547811
122121
958190
14810
264077
491761
898337
713400
197883
552618
980571
873053
734770
465526
698139
111904
563168
186516
849208
249008
285743
73902
613806
870334
236
945017
524772
894998
862498
848918
699661
456855
658353
474016
581522
932640
330548
942860
767953
354204
349470
905104
992303
458501
163730
944415
41953
958891
59734
251693
224190
776017
324013
732076
753146
616694
113987
743095
473118
341539
142472
278354
94737
417913
140584
924757
898809
634874
677815
50314
744440
562819
390641
629890
416476
885007
781361
918460
582172
595369
957153
632351
279692
146971
442281
318411
611441
771672
151225
988516
814990
522089
875760
839558
676315
255634
35285
553733
906483
739206
2144
913077
142118
994955
608772
842617
510644
80888
451735
310916
490967
255625
802234
929630
488233
11855
475256
943890
411414
110935
927593
346940
814088
173192
513955
639735
252128
978451
64576
602144
697659
886430
945646
219457
568907
387815
833615
662186
33330
618881
263682
649200
375189
623693
768362
648756
96431
262704
972640
762505
650381
775183
844496
547777
919225
295705
763420
235377
194188
404342
13960
402872
590340
657929
668118
185250
435127
505869
29137
701947
672848
93906
384963
29677
634006
205440
942225
660231
620193
294740
180825
933539
451035
528152
288633
205249
134213
679427
60416
70238
639977
441478
870103
589394
493448
967751
368317
681633
812869
447005
352461
426017
365280
912076
766264
175475
4454
361617
80710
143074
320290
680767
156940
441736
932781
821994
929819
368508
386891
477796
448299
336519
28887
792496
560084
845452
203342
231302
342313
472592
57283
979846
25541
648688
413160
415943
70395
342804
14472
676838
780719
478699
929014
140702
663499
478530
504984
125798
744166
305061
943541
762023
611116
563365
160679
354103
307624
307541
599915
510849
478502
438693
689181
966720
474335
250317
372359
448538
467545
724026
245389
362017
261156
719432
682088
547225
705919
881015
317466
387663
219887
711114
420877
46860
549457
837078
664961
635719
81523
389457
369129
113587
132199
508650
40256
61908
174131
360729
893928
911696
593960
336318
49193
154373
691041
601715
516301
124732
369796
344592
290364
786498
596991
648003
594590
141386
952964
363745
63933
856505
833133
198011
972800
830671
459584
858839
201527
596254
946760
915210
114431
349093
787122
44958
670824
261399
963327
789089
887348
826648
474091
688503
612691
61175
950119
671538
706378
548678
753080
153932
895453
622958
5750
524325
89260
223968
714953
193336
235820
585908
287850
670820
722196
753776
312641
28144
444378
431117
673991
801123
325871
927643
912233
767323
342951
972803
427306
206519
959360
749905
532097
724015
571814
322754
50692
716969
20322
913445
640613
463507
835651
150065
372320
153300
377780
183827
357197
763324
422557
158207
34724
863788
365115
681888
855846
823847
928840
729319
665244
747046
415839
247353
749549
185862
574332
345756
942105
118447
94506
647719
772864
376461
976276
899789
536875
938394
406003
263972
418538
359786
134680
89603
667322
266657
66238
92812
298877
418477
795266
211797
306602
567
121351
748072
907387
405006
358014
298420
578234
487132
703352
980299
395508
564725
237893
35139
158811
680636
283425
240380
137835
30949
538989
941992
349980
839304
454088
375875
122814
302506
84687
306220
809237
753018
57959
942821
919080
41880
866232
738093
408615
799408
517849
209044
624572
885450
571938
144524
971540
861666
134681
371050
331612
339692
306104
624811
716113
352621
780008
903177
597106
140526
716432
178126
50967
832242
190742
410855
705173
41553
938915
646075
280447
959826
367498
48754
344459
359505
804888
936275
170048
259015
300522
416867
301853
415423
450069
858168
171571
862208
72321
419367
137128
340572
571279
434639
59444
750359
241843
344228
212036
24552
468320
515512
786312
488595
523673
778586
786962
226800
642448
501003
648527
749826
951346
407117
287715
737555
790310
117131
290769
740000
34516
260835
30729
961908
46125
920289
598887
451089
320680
4552
793389
488204
465697
346796
222631
901164
179630
115019
637326
584436
98639
705561
339319
415675
615143
810312
225587
219251
762476
539482
454494
539049
245341
358366
637330
979301
825064
672562
860806
902215
310719
942168
442318
321522
769381
538975
252722
396876
72510
219561
720843
232462
480765
820631
304668
805726
752021
786594
882269
721281
518254
472665
860073
568419
328976
358943
609892
785908
130661
563517
614724
600329
837261
287077
313867
202641
126730
520781
590953
983257
593382
669611
192792
801432
828656
962172
878113
427561
877886
469420
286680
37741
730128
252858
453611
162293
632075
606139
452404
261862
868667
262279
669646
953788
685114
438082
846678
107334
321033
216401
812610
514528
526385
616045
314032
809927
381717
459619
217708
592860
410038
244894
405408
15440
999234
469117
805585
402536
724699
627306
799808
798975
499582
594988
379972
847801
756925
515502
593852
528668
740685
231451
256622
510868
447621
789005
870866
88666
277600
402214
643204
4849
587305
323639
163234
676257
384798
620804
452902
564853
974778
766972
617367
570754
30559
189776
434
100496
543882
937383
524843
648801
89775
321795
544299
830204
62242
791186
865820
251695
75449
620574
585584
725703
636005
496685
707119
586428
738426
588180
467395
367954
229695
4643
220229
358632
699014
541820
214161
74254
185446
126788
520101
390000
928261
601267
41120
726372
483436
289085
136367
541411
655202
691232
785148
539631
121041
565961
445182
864970
411497
614859
201588
768109
97798
20394
809176
31296
230447
87115
686621
552017
39113
581238
388541
150190
89531
289605
305602
76179
883511
598195
210035
285859
3212
924924
361537
944214
753079
520488
828527
264782
716681
930647
283979
487394
277625
370248
566072
319604
176705
782546
516167
497943
500923
920011
331261
875694
786777
261010
169979
636128
89457
11276
504308
710632
108035
261311
690843
577017
55889
309318
528974
523305
727517
151428
609093
646119
238104
283403
475841
720187
899019
38782
450489
468433
198443
467039
919488
762224
654000
346150
474029
845455
874740
729782
709376
792719
874733
984065
122586
893809
507212
90584
131797
125193
176163
455222
307893
69980
870720
492214
601312
463472
813505
966478
653338
464128
700998
996499
814262
322350
780262
326594
156140
277739
947928
476242
754699
460573
439993
274072
737882
225742
2384
691134
557267
18429
443302
855681
409169
293831
217149
628445
418814
423415
560858
837081
219366
343270
351520
378686
207062
334436
318554
36584
100508
441729
228309
440140
834993
185724
240447
438093
421302
568961
131142
441243
309748
373855
958746
85099
45085
914093
581537
584762
748
379029
330210
34386
886161
125227
292634
275357
195950
18276
295326
353694
596507
992509
554616
283070
636687
224034
115106
877824
222255
133046
589790
768973
166626
716315
943775
803328
462050
290677
960812
488985
251041
173462
708345
116266
466124
211636
486054
459513
616946
193434
375804
573320
91484
817928
801154
243618
671462
733261
279387
884863
723337
441297
650663
999473
856563
758660
209500
95941
678403
784988
385454
494870
595944
943755
844244
149286
22976
762507
2167
226398
984712
603713
269214
583243
61347
607716
18084
875735
527388
776346
279871
805857
359665
41104
904428
952603
3498
687156
676613
695062
460928
135087
517325
678723
732909
614061
254197
322890
536111
986208
618215
781062
972232
885606
480130
943484
44513
665635
925379
293066
838875
942159
124282
238569
67805
497986
911833
526697
552829
42731
731185
432602
966921
84391
527059
56936
852717
219302
627679
350701
658282
184259
575674
816358
606620
510390
58631
578492
419286
698860
64768
684680
663301
635158
385889
280193
269921
40884
91987
900951
494276
91069
703256
705218
86860
689115
484200
243168
881431
952850
203900
157088
684925
612548
425724
897762
457234
978840
489126
678713
737827
38486
334451
770237
556300
181776
46475
200868
168178
541068
584917
134398
324826
888886
343824
570020
764666
782886
406702
872795
800719
220959
112582
139608
948362
928707
213716
283354
615272
453130
20476
843405
60899
923131
841899
834224
877916
994598
665042
270743
97502
448867
794020
554249
275801
659839
348669
501191
459018
523188
747645
637072
320676
218443
116074
367842
927770
335393
850595
818370
697410
815929
502408
885763
968779
64682
984178
801185
15922
625134
660690
669429
971295
873297
272559
861022
214161
682201
904542
79381
630956
312436
85826
598182
313564
358298
835733
673987
480243
372548
613809
330804
391184
190500
650720
886169
53453
506587
234756
202345
960819
158376
559876
992246
954001
739776
848687
695156
931743
119358
534532
913186
294002
785860
617335
983937
486243
555667
215200
873319
969515
97795
94858
36783
950852
377570
326580
545675
340358
704117
49458
37972
399838
694855
574669
855921
553406
698552
389990
563043
565437
935642
739307
940580
261432
690962
952886
337460
433229
375130
756372
861719
980077
810530
541351
265009
108565
185177
861372
678818
886979
840864
115191
959357
141379
466661
453959
314684
400842
630307
953294
467230
846296
412265
990433
34842
464847
23914
734271
745030
796269
809038
898287
609114
341738
974156
675527
516319
560458
585493
722058
527243
566739
778595
296184
436382
755313
788515
508114
348125
434437
340583
157449
501014
146894
899186
539852
308067
398295
361278
404387
333537
776565
328704
589272
230024
607574
245614
173249
912037
167115
612653
417377
118779
492167
279172
426407
691322
187541
348120
537651
959434
138778
487434
385794
68022
410764
593283
458315
297262
356211
847923
567871
439685
919328
516864
895002
638738
322530
165717
274544
213998
996982
206347
758204
738053
58804
516319
846249
308555
360687
122312
429087
298767
101871
93383
616172
55638
279914
957681
374404
54293
338
141500
378084
126524
245471
165313
201460
695647
156689
633297
820621
339675
639024
2978
508736
192356
476079
625507
666223
553868
990932
516986
725908
352284
900765
271501
212534
634347
471922
617053
784094
854097
57333
718876
411602
987973
632339
16418
602317
970527
22184
308413
390291
473836
269635
678021
456855
61323
441073
215765
420743
782884
822251
175919
474478
230630
427516
419441
678823
685612
782538
435511
894967
79814
203904
640130
79613
517688
130182
157430
510421
644552
344829
179971
150144
574969
754265
924403
680128
611416
473225
79045
115007
131942
641270
736388
924633
297583
136581
97099
600948
214157
924135
249369
169862
882418
950664
491206
152809
369896
710509
853551
307494
9651
450098
678348
27073
550678
339882
883516
320404
312647
25276
235876
355251
601457
293870
46572
56615
870617
763438
295373
329933
17274
468685
171177
130729
446761
595580
627282
435509
763548
910213
884183
543948
27360
684151
899164
662141
115280
432809
522077
327453
993991
80858
790749
653981
17275
977682
729222
167148
610231
373942
80722
335904
948514
999491
737084
27032
995965
863599
899433
332883
263032
943429
539954
265619
715293
195527
768219
563948
751991
339209
518772
568539
894697
601188
667196
8271
255913
577021
583781
915483
325190
550006
527939
527307
111439
389198
189141
612662
761632
880074
19546
198681
557754
630633
414928
856660
519554
25301
846302
699244
412308
728055
625764
46703
97935
266090
239173
393105
297876
511397
985216
373942
406464
876333
74425
828055
77197
840876
170029
424851
354427
518905
721137
701684
473244
735063
197678
419068
399387
927567
742485
8087
125737
765219
393825
60786
785015
932655
569805
604716
856093
477541
721831
27736
854702
437789
910784
611356
141314
329145
258614
369352
950696
639401
69394
819799
736364
326744
507451
429889
931354
844103
301559
998258
501921
676466
619372
337170
45894
612338
952002
556084
426838
147070
377474
380744
757214
741744
511425
131370
443280
815426
727269
497528
493258
93869
147227
159241
830608
373032
458056
7803
607980
947061
587965
339804
253021
3348
712472
35002
382409
585658
316516
387108
838984
955575
815185
940681
720757
337797
888498
925212
100567
147258
298884
705426
873721
573407
648329
260009
549354
438917
215364
111158
147535
611532
159761
298593
801633
532567
186070
243628
720688
176069
544287
203869
623327
231083
699325
161912
437544
927361
206814
12505
482003
915142
55076
631020
875791
810871
6373
890941
50118
717010
36416
164949
802737
523423
949020
337835
17130
611187
330619
360526
709119
486969
867965
847615
857761
123297
11310
42735
213711
176746
573120
956429
464186
975497
503578
321279
129327
937155
247184
394603
400329
143649
915766
678837
319353
375323
610787
531841
262801
23068
925454
232570
862092
402435
553126
567721
430887
47995
474661
31483
94168
685044
375057
430074
310184
457892
591659
689635
164880
388267
200247
165679
479657
837367
330825
60510
161860
61015
696000
36049
754930
774992
788372
802994
993942
945644
518250
913812
972683
148233
436747
492378
29291
195570
395584
857465
91896
646516
203314
204984
3122
437256
158972
199488
726186
241965
715417
770827
24620
482824
489313
975810
448366
646258
950542
190946
117094
257211
44249
971147
512015
652344
35228
205890
872417
284235
546072
987286
212419
292430
481372
169603
666475
918362
436006
860967
841945
447072
819689
75065
944592
619529
709394
908071
91959
58693
609673
306096
881222
631449
937421
677297
729250
979194
628868
941291
92498
100819
633403
542655
400362
390122
56270
403309
388839
103273
887073
663762
983330
440343
727512
922152
758951
114969
277100
402627
326932
831738
846341
355495
897566
310932
429330
826986
927257
600675
941546
400920
491294
434118
376724
261147
385653
154563
526024
214313
255786
832357
300257
222976
510943
24307
308542
678605
327865
550912
864719
879530
713813
803947
851035
609932
545501
835789
713516
490987
204709
402383
129230
856281
315383
933075
552534
693117
587414
120274
659740
306531
253468
106397
253060
887975
314140
17988
638681
323392
56266
333509
785135
658770
425198
704473
169248
524696
373485
242262
686129
799408
820546
946231
930174
168585
969977
415207
767460
495950
814352
726373
964928
495676
667791
56420
252440
372194
518120
101652
350492
825066
988131
104287
669871
557428
868862
988585
102129
246928
715325
910004
98412
68913
942934
400717
409677
423375
309222
234507
916778
665820
146449
893970
700440
682967
703227
861845
786313
393144
877456
897726
12644
287641
501478
713302
342701
254525
136151
84462
231690
52784
571174
463178
118290
595043
410758
621443
566183
549854
268914
195410
625474
661555
858249
178923
221939
739811
262638
673047
940635
405925
859006
323397
993477
218583
274681
162506
870435
288231
972553
443634
704507
490370
324141
566761
193125
45666
491990
116301
572779
949238
258268
441852
432744
50340
179746
569944
141820
884718
143167
883455
224879
91790
160980
380986
599867
789121
158932
528485
408113
274666
293726
440622
65201
120618
211468
909301
873361
269227
499717
734965
262939
467062
386234
733794
436614
256140
721409
69986
591511
658847
761248
182595
147604
551868
273124
949242
231314
129060
794725
761396
383114
894683
880394
653730
322660
47726
186304
271533
651189
29228
441883
26663
319563
135715
158328
128840
511061
372867
782121
772636
292133
563996
323566
117715
652727
520051
458188
672879
742300
313898
436142
873979
462154
369405
619136
650019
165856
10575
43220
159256
822606
332690
108866
499608
717100
55248
15149
369483
33347
373644
577829
965595
136343
320631
955789
734871
777607
810695
654256
723573
198976
348859
931393
158326
316150
946580
342902
528935
170596
906764
31643
215243
170348
349311
647878
818641
290133
828250
942684
883465
72010
295073
495784
910809
642073
645479
409414
936919
26083
984824
856069
760799
334285
548324
395703
102725
660893
415805
115662
991480
158990
526186
537856
929427
609570
444232
824411
901267
472380
525650
614347
94028
89855
871159
629836
510316
694526
210915
777019
709808
294858
64908
88907
967437
528801
259965
778827
696679
418225
86567
333352
503623
874566
911099
300197
831623
114924
526432
252654
849119
28342
323614
973556
888393
657117
859092
4560
572875
36435
41915
546527
707963
610063
152649
382529
929226
475346
46467
761083
854719
706428
850190
152236
266311
498132
489506
256944
490210
609683
916141
645060
568887
766463
75671
230091
587288
606164
746045
780607
152840
220354
907056
310784
399438
198261
913982
437838
919835
648120
161317
67844
60660
194041
622718
421
294531
323499
440865
723004
450258
341
725906
491361
634602
250442
846601
492617
724363
504678
592020
619372
317614
274848
597361
603727
870953
941436
826755
771657
927133
600117
693165
388430
556981
70596
600909
487854
70639
250392
860597
487901
712743
200463
783533
742458
399300
577950
697560
94930
991364
502091
180181
610085
126515
41745
432694
720818
793305
875466
72049
373071
47880
871892
635310
886520
544041
622434
798460
179385
259820
877661
925905
644385
631954
25646
4123
781762
734766
940787
211260
430774
685846
6985
912927
308917
933593
819676
390957
521708
547149
592749
526356
537487
370545
756937
741836
521101
236527
435865
641685
228307
53182
601465
586734
706129
833533
588893
159770
629205
551636
412824
912380
890082
131139
706066
319848
403261
367529
877445
448763
147734
103899
647936
289514
900027
10654
684113
513979
410190
325966
639240
67608
636502
30423
864923
527985
65177
339620
600560
457925
722622
998011
549773
376252
125436
184492
373766
548183
719825
514121
864089
100590
114197
858687
990171
609630
310116
543581
461086
668859
312762
959654
599938
354937
536404
454500
748780
355159
897691
512809
542981
289813
389452
901238
588174
965221
159036
163159
855586
121039
901067
509818
288043
505574
534633
309261
341972
819870
466650
33908
423055
297820
561956
689197
116293
782183
942669
53717
595054
430396
799263
101166
328973
840061
996470
898939
499678
517125
497803
824038
742316
98323
481995
104548
182769
600019
957321
313642
945368
810025
867656
139210
532118
99940
586229
609290
974589
373861
949715
536540
886096
427216
627120
501874
899872
274979
317842
650750
247001
288002
63490
46449
573995
221522
836140
488007
541300
893876
136010
302568
439708
703621
256849
981595
701463
308096
72114
4589
502842
280529
142106
780616
274516
458326
664168
450561
260068
143650
770507
687407
143012
53867
813146
456716
631164
715357
781614
377635
617242
804721
497651
526547
275367
82764
526807
313306
74347
658779
148158
592005
959718
810917
977369
994149
844037
331242
385471
721487
641143
444415
494941
482726
407128
393946
104196
823865
989506
472740
422174
531798
86441
742975
903929
625043
907337
422769
694821
224086
560574
522030
79617
375425
682800
443252
970336
968838
406610
921268
574681
695044
84495
977698
722798
543441
764327
1033
196512
759429
354390
964937
928250
38075
528666
296674
325619
566109
796771
796317
466791
563328
102792
66113
100553
771956
989503
588097
978507
241827
877022
496065
216710
652698
701755
105255
433271
959511
378727
750054
773013
994096
841665
313920
446802
437279
419164
366275
619703
923544
480024
838858
169607
685288
184105
956953
851582
617083
240057
788496
287046
931875
801690
205673
215833
770610
225863
436205
952782
414677
183578
68322
942344
982296
53441
862454
240919
205670
302361
575169
843513
614107
673711
162790
104759
435399
235011
788924
145671
829868
635472
657762
608057
636476
182759
888659
82536
922000
511140
582628
265473
152440
781618
952773
516678
356967
192489
774311
667788
280398
196515
795022
316907
466100
566333
815915
303046
72851
546442
50445
204353
65323
319097
863325
253504
849152
448253
98285
831221
484720
1364
444447
347069
254525
195318
869015
19358
16207
782149
710548
903910
5478
647907
481454
149534
807930
718612
50781
571675
355709
453326
684751
599018
4538
147613
425600
552439
177394
226963
132449
109658
346120
351692
297555
339653
827619
915647
201418
323082
68532
494892
103495
389707
466186
388062
290469
662455
179653
580405
819634
25950
296387
932339
813535
919603
851559
312719
774071
582337
720082
911144
415644
111376
785407
541529
619911
883680
818737
859820
309159
783901
888759
411743
282497
577177
785527
387491
860615
8252
647808
978119
781910
728456
316467
571754
935230
377664
492838
704400
340408
326600
579996
340361
437467
652963
88103
835626
70209
784320
330020
384814
507688
329971
569769
843332
147172
322586
91390
371017
147680
562340
120067
310880
654429
252058
348368
901007
967377
639048
330359
671217
614594
232559
945631
231591
302355
354051
339889
605856
847305
738274
634237
710535
580190
432401
909120
73658
86072
795638
988636
765295
683547
145652
452604
476093
729172
456415
357454
706734
247288
922137
949279
349623
447656
873092
238660
574790
982380
384962
612496
710495
95189
143753
272597
975610
134383
961518
163315
559231
107754
775653
807394
277500
868765
476954
103013
986654
80847
838212
267244
962259
194145
870169
750591
787149
949671
426247
504727
228048
657754
428719
241827
234069
85639
719873
108875
658270
220630
733784
100959
743660
334820
816193
324966
631235
305855
207877
574871
296404
938056
347824
436717
280637
160461
436042
180112
418319
311976
743956
20595
944412
964639
644593
951863
493969
792785
97390
378440
256110
706227
299442
241883
673776
686360
866039
153386
743396
44348
130924
804897
84371
487072
798541
277441
594783
895363
945697
224555
821298
862316
891206
819672
754158
121822
45922
974683
71196
551948
716763
113961
56280
566457
186832
589748
255315
410306
202486
191059
849719
519980
657557
698064
824134
876632
866858
485454
86150
271625
308428
782304
305267
323077
449414
910177
643058
239276
605012
831024
721844
983354
519942
592723
853871
815849
504844
77736
653980
441767
922920
96185
432849
465714
247206
757466
923423
358193
170421
253628
956668
228637
81240
650265
823365
574568
174761
700044
19770
796030
490408
598043
25845
494129
844084
210835
386067
242045
46253
329248
428687
547719
579944
192778
10565
980603
755691
713888
288159
468865
39234
187620
675661
572451
425302
109513
627884
123681
754088
190636
143048
302565
441793
686123
719782
112065
169086
233130
816769
217622
261698
435429
781726
935081
747668
533322
295589
25042
757032
347021
100599
177289
460691
946985
600254
572696
614852
55456
914590
729499
889069
952980
15840
420330
926766
722589
375399
858111
220274
896739
11056
714298
4323
10694
119772
445439
169262
344021
389050
755965
779671
86988
665252
892705
4325
635479
346900
414361
830141
338025
221272
498914
222360
310514
942009
845789
665268
885434
77842
228822
190159
706489
858187
654949
42142
170027
823614
446476
482976
629132
524960
969868
202815
773627
785922
910416
977170
714164
650032
431873
720914
815661
328386
848703
652014
402719
879281
347449
114698
376442
507978
399650
956988
328788
20836
671891
977090
117206
474533
473723
65264
203980
371085
730380
87143
185024
159057
714993
409269
136592
638577
894716
69578
85235
907372
626163
830807
483381
33277
808640
572497
713056
524147
429645
206996
36342
650397
161150
999471
526561
983262
484180
868997
508337
332664
706620
41480
322542
284288
768743
473827
59398
145198
986076
654613
978560
123200
296464
457212
626127
466201
418461
637230
831288
958708
31982
467530
198180
234571
563777
24110
58134
824631
49586
31009
58071
117265
474279
843416
54433
485152
222547
606410
611526
430319
706670
678747
932218
803396
58626
132468
927118
123454
64865
402089
75717
16346
137944
977458
335412
883801
498152
491293
841738
373900
968833
313429
311776
407210
50649
164227
116064
52146
410202
143205
680481
114434
698880
856449
420395
816926
188032
595076
800170
260477
558452
24648
862207
410514
35518
251408
773943
734844
818256
959468
206369
375910
39176
595465
322588
286587
128288
437452
470090
264100
598833
841748
151303
597978
676405
733832
386847
151925
226458
898109
832474
419464
117971
673592
766588
707552
568382
553028
841303
227240
716967
935822
355396
519698
581685
505235
707239
683502
909222
748469
192045
199263
999046
122136
906477
700177
235599
218677
457476
285229
773272
841460
69154
898213
144027
439902
131343
352030
452727
970044
227071
708485
549928
876294
551694
6143
351664
628487
847565
246258
606513
886630
993708
799650
30302
493960
536791
891624
778260
395422
837341
886063
215239
387318
450633
712200
948703
279138
218393
286165
751199
339364
303252
968941
224325
656503
240023
544777
30744
141729
229038
778406
240065
636434
204932
563693
811395
638097
224403
248048
666633
579139
474744
692837
744704
986127
520817
354555
714737
358274
799660
275124
847523
951314
310750
278109
434673
840258
72667
918708
949108
560347
277767
474115
214395
883694
355033
450007
991805
674546
126732
664818
211995
855900
29491
995222
937792
910140
177435
668273
366843
798033
706442
376079
237507
875897
674409
499504
222167
114593
995996
476699
627335
851561
73561
698519
741794
876637
903035
623423
200969
104842
227562
979031
994979
87082
528965
812590
471610
879754
229467
460658
674093
240482
796766
823561
15122
447473
636060
251040
945395
146331
362958
100845
11264
3438
437943
666468
21947
50535
712673
122883
110780
305945
909662
538817
143778
933560
106550
50924
731851
848407
606587
524627
387223
752820
29883
966733
485074
933694
573856
623454
957664
702992
887704
424041
403613
716101
635125
840313
767256
752222
55253
618362
961666
713818
980139
852754
822792
975638
225218
297403
352866
397819
981583
628466
9219
544746
897385
600093
809449
724889
482516
315839
967114
365943
263910
717074
13810
377403
323452
845570
482025
558016
475997
511346
959189
876346
995813
629593
767787
432144
498010
107904
687522
696893
86881
218947
477130
950078
140697
731132
402590
928421
577690
797843
422883
613192
603524
691969
959100
383937
779775
847272
390874
918618
940136
280584
344599
223623
434329
159119
174409
975664
623084
457068
114823
856436
671036
25436
809538
242213
923636
660373
94433
594710
115436
630258
630382
58769
592472
457712
825826
197934
678685
109700
987981
417016
14112
731302
592109
954980
684954
206307
189106
611834
396211
95688
941360
568725
34561
222530
798085
278645
793126
696052
784868
102148
685024
515095
910324
822910
737300
774454
483558
237292
613981
812711
363078
349133
3045
626656
874980
43119
869333
60492
828758
291670
855871
331017
536307
770295
410697
868637
625897
717671
231512
387948
329007
573661
272483
660185
488304
991588
235604
302189
259757
475194
256208
148668
693196
353228
749867
589086
972964
101541
844371
538396
385377
330592
966402
491236
817240
209422
447611
423842
859869
684253
657377
786315
790550
547974
561233
195195
345523
191663
819108
916122
748230
638523
912216
875136
352678
250398
904652
618725
978034
903033
479354
474339
384784
356645
949625
427826
989190
359205
187060
43745
282649
649359
465002
435325
118330
398917
438190
249915
653454
16306
697591
719405
283439
153971
720195
787076
904170
588485
9333
397129
290459
993216
858951
897194
182071
992885
167550
560822
284284
264280
253948
686253
434251
474590
725729
50769
414873
162089
677054
613218
159540
177473
732626
696028
664399
955421
131874
127420
735200
277965
332103
194093
957538
306080
92846
524308
12449
586317
387010
275539
890205
767951
361256
458066
718415
760255
355307
746665
460608
840851
821021
388088
149758
91639
759624
10235
204848
598634
212547
836539
35793
504611
105351
446
936689
413145
660760
423002
707111
280067
677917
694244
182473
36368
696350
705862
198259
862483
360136
276184
822693
580388
518388
763811
376469
652665
200999
879315
466117
144451
971752
477994
495605
268272
983028
510010
889944
824375
586086
757542
916691
768329
928611
421359
588343
532220
838093
340093
731331
584102
157923
157917
342019
86520
744157
978515
850662
980235
274476
338228
671773
676599
904771
230529
73349
439310
715328
956490
670359
141378
467632
104578
217536
400394
503178
585224
11891
921219
840250
831313
495075
594514
767781
984908
206251
659372
615764
754519
60363
232414
562154
10875
526522
94695
641671
739668
630911
208644
433850
1080
679117
360695
885206
463148
901479
214234
986772
512892
706298
813012
34269
233246
170593
494500
369421
225108
812124
424654
875880
327822
46309
70488
491883
44023
237048
385500
617663
648196
885006
697277
897651
897522
783206
582749
403592
992134
731940
331678
257817
743992
658185
891675
333708
390328
243468
675435
383147
746064
297402
166051
449848
755630
179678
502895
563052
907160
206106
129642
37176
518779
251681
911994
378413
922479
641010
391164
596752
948659
934653
977967
824585
201989
39329
709093
604591
275375
144848
262573
92980
971787
823091
901365
821814
566965
31947
276788
470505
74196
980420
2969
154765
665497
557192
8187
218365
965709
348492
486530
660858
670114
923255
65032
785062
354233
407131
410228
672368
93154
118580
319905
390692
241372
674321
163122
488815
692734
488330
170702
497200
465224
42946
942143
786731
695398
412451
942297
693483
153791
254291
217567
686416
400044
662216
688708
879442
701701
94532
34534
522690
633514
779142
302705
84801
315132
179725
490261
31586
259153
886817
887635
782048
242107
382768
331998
580871
126880
668748
757994
929816
465408
373898
792015
784571
540920
303251
33303
274178
316067
261607
886292
192415
668629
934411
43729
75618
897058
84903
109033
217062
236593
389801
630274
474729
115823
298985
13667
493438
634100
752286
268492
217519
537700
648744
987435
27815
777920
611875
156585
842691
14629
334211
699743
849159
36018
11291
562520
948726
695336
572051
576604
702158
794722
68440
699029
977545
311703
655497
522343
718646
59111
752449
66273
992728
674331
399788
298089
900069
102068
948764
724999
452887
898865
13120
245826
876840
513651
775704
195427
309227
33200
871218
816620
358844
325731
131835
667876
935576
432347
828421
381023
883828
700329
393350
636691
330591
314838
86432
821973
96954
641258
521141
759354
384200
824151
831669
970483
244290
664
521722
290936
111161
629999
621443
166761
597824
378674
353233
608092
550622
387975
124694
550900
58428
13540
575118
863811
292236
690156
69900
744511
197941
860104
645978
384435
962434
662955
990754
47212
571959
599194
347038
553610
937919
367824
808088
157466
823008
726751
378731
609143
440769
860911
116367
294409
228774
950885
876490
365052
504679
133294
640008
93744
786989
88584
685968
258074
887767
577588
890091
47263
88283
326999
357093
372784
580531
111885
514675
265747
949819
511796
323801
417253
612339
69805
979794
659481
472076
339062
888018
361767
922373
918811
919355
534228
303606
647578
564878
706890
500773
793878
377070
130269
240984
77167
63295
996133
387570
438409
250296
599381
162227
551329
243649
594063
935664
884732
853016
948808
534870
152202
981264
625315
514381
382281
173274
740429
743997
312177
164171
800275
851101
758988
49956
949147
837224
981773
359942
854209
131275
492348
592167
694737
288701
340388
151054
213853
480480
580423
535692
419783
686050
907529
841945
671456
398695
355997
708244
618733
634879
153799
842224
959523
771427
350471
548122
246742
368562
497741
250637
689194
527019
963321
772593
978716
736927
983273
560947
100674
115791
277485
780035
745229
380920
951900
558716
617366
892089
530496
262078
747446
206449
523187
549183
168568
975604
989303
759140
304952
708210
508045
835356
186909
297894
537163
59868
804642
121486
225019
160688
898873
440628
927863
130003
534495
461700
690892
63802
865902
265774
433020
354539
175205
972278
938742
509425
576754
642373
434093
85028
250259
554732
245940
900239
147040
873606
924005
756044
368621
987543
926658
298026
253836
194862
988390
915136
259145
993193
5178
879209
292036
416561
176223
665832
587331
651705
235141
54711
351358
672763
273971
826358
139516
361396
865060
498023
987034
574561
919986
222331
951753
720130
155420
481746
304540
670388
155553
537877
996080
328365
938725
706173
782299
118133
902810
403158
462212
52515
3092
622224
214264
827373
613145
176676
812461
691722
272791
8371
714086
441528
899655
203718
24122
97599
768154
514244
696567
25379
113798
747252
314290
770608
408515
463322
900985
929216
320775
807684
767079
294933
800073
460882
23382
15381
681925
433150
296676
892029
370129
457092
926719
999199
743220
424233
361468
783129
316396
214776
641741
486727
19327
289950
752685
925269
374470
538024
155425
535622
20081
19709
713843
183164
676682
995518
607237
632200
824026
195402
889781
911622
210817
239756
476137
361066
533979
721496
644652
450706
459719
235821
34219
690241
846778
540044
855330
210812
279390
28468
206468
272718
838675
918182
164128
324315
94198
951660
37505
723042
28524
6629
394782
127436
632193
518537
523122
710480
783060
668127
749158
444135
531412
721714
539054
645416
662225
698068
350639
696710
505000
271996
386344
622205
13067
745481
386398
272293
784083
495589
849183
161625
576107
725914
736238
517850
465184
12306
277714
926623
137292
269232
63134
314758
254866
358943
556397
529151
656467
875568
727154
443289
217125
22660
372696
689758
713200
838420
918112
899279
222618
351892
447958
463791
55416
438877
129714
791652
584067
586162
135184
149626
565993
248133
868324
639546
679872
638602
51174
122959
751402
823819
882283
736653
71915
761513
715191
381
196792
614403
575200
670305
611571
152255
842224
176829
812071
431085
173458
680655
311378
824750
821843
495821
158913
266187
427291
453015
308446
629848
540417
666259
647921
390094
589484
998423
517578
704511
396531
765237
520368
494374
848766
901734
963527
653100
909655
465899
376558
286170
565367
749944
987438
274274
422711
755954
293626
392818
326410
737681
557831
271014
353989
162771
451738
899512
109900
602255
974197
638794
802434
366227
235283
835309
161861
116079
772498
9736
832745
558346
258384
549875
307719
829245
317101
18950
219598
871476
321925
704365
452317
204232
612559
984033
613940
693715
10832
557462
566087
3464
371012
863149
27179
153325
261927
597957
819105
508746
956212
201343
808737
868240
418211
302008
418524
914550
572319
376817
862514
322297
327336
570783
804938
838124
90832
994986
414834
88029
120878
324809
915896
900009
747240
236340
945312
467837
838851
561298
861612
525584
546185
438655
202921
910026
373397
324050
727473
700560
499859
466550
750031
965060
710458
836776
455434
506128
514231
909075
556621
244015
106363
913645
925729
361918
777781
137208
109191
430972
898592
501753
496220
154612
915938
352465
632030
321966
144411
469431
91256
418520
728373
208164
217313
488615
739013
243486
235659
965984
346559
833425
193471
588728
523252
324748
135313
208021
622424
236378
577038
205643
906066
60328
63540
77317
912597
351400
44924
788649
536571
815544
175528
605458
907724
59896
238635
112275
214699
844261
574606
675635
751093
884671
259492
944920
926360
612195
21591
787844
757381
608173
711030
206847
974108
537354
106428
122416
19348
728933
490625
297091
164087
97705
344254
689738
724575
589899
771256
113091
990741
211122
843004
928397
233555
757849
550038
431957
686036
229327
226858
853012
731851
448915
183029
206268
735759
43301
470270
47699
759198
255075
287122
88367
36265
888159
224869
259995
95681
642570
132665
828677
758862
382714
614112
500965
725155
22720
219623
229378
28134
675265
606628
438429
817276
925193
379343
916003
255199
1996
652559
143758
608242
699350
934510
872195
687744
106886
519382
88741
549279
467028
181108
418685
552703
627285
536533
817964
771856
815822
697371
109967
349543
414221
260756
758162
490541
212161
333867
401316
338727
360449
452116
940232
832117
683677
989378
516952
250368
517111
233880
107905
321116
880990
72298
332224
5139
657190
272580
313538
460925
264195
974769
652416
57276
853710
776325
416149
299060
870221
801257
236394
932834
152104
532418
395911
499941
527543
307290
362308
632642
125220
967589
633525
740374
750754
451688
231306
536087
185954
1894
321388
214748
412618
90665
992055
947367
749868
226464
315122
141844
506123
572817
743573
915235
153314
677540
733183
187619
912382
419527
57326
138764
452008
615941
869673
401653
439847
553556
401287
622500
358944
135864
520936
46932
34118
177692
331460
335191
921875
714276
295415
410594
950146
780033
783239
197823
120446
390361
716251
69283
77192
69478
187934
534720
972462
855995
361990
783029
431677
161334
149376
25333
145816
465906
171102
893198
547423
436545
52577
431964
163400
996859
652951
79728
409790
742391
562235
953599
347436
278032
939096
366854
647211
762582
760202
915791
722602
499585
144094
871206
804644
764338
571919
390504
34252
366335
326276
318833
744352
34387
988315
326238
597991
882702
331533
800445
788907
694884
44426
926944
294587
977643
346529
471288
3158
56785
906471
774009
625308
374933
418314
554647
251154
693248
30358
402070
595
727130
608913
370225
284088
648301
928175
831174
418513
778987
497119
166610
626701
139768
343654
649362
782060
659146
213251
651418
39032
710162
273935
111485
640758
395790
938564
726263
514496
666614
702127
394770
774681
349454
365263
239070
245708
355716
83081
600139
224099
829433
317902
274108
357811
928336
405985
97998
394896
123702
906750
584877
911437
191760
78062
652018
764448
934280
60101
713494
256937
667300
30022
854470
81349
182604
998790
985506
857219
162833
25568
800023
159102
693433
522168
367223
790059
770777
291693
687918
242640
790918
953303
13726
504893
913420
877054
677766
719661
14325
113469
203030
354846
571667
830374
696558
661243
417756
60335
233644
207375
336972
672792
894838
470464
50334
983805
81756
357139
255334
670533
500360
901546
26980
873737
167397
258974
335093
687338
650039
20602
244613
787023
597598
242368
509999
319377
155911
328656
224264
450000
347756
562890
321303
22989
688904
292260
726284
230845
644981
889840
301042
415991
99332
650746
477601
427532
3142
839306
760003
414542
799615
854254
26141
153991
448211
802798
692974
240876
523079
990153
929435
88625
931184
559475
577673
183461
849810
118025
792987
924302
356245
827460
820509
914516
536975
227367
410419
696817
75733
512062
233727
588522
524285
549860
664517
336302
778510
999744
187633
484865
505334
431115
846334
226310
81197
599778
382125
40928
875599
43925
686516
718006
375859
367239
45151
912248
677798
728974
173120
264841
96797
377074
545205
245905
848049
783958
216178
984303
825184
155431
234620
628848
128075
70219
877935
753398
18192
799541
958134
292383
91916
297807
624642
792663
513405
907325
610268
286346
640397
152453
368398
658813
165408
1748
826361
33506
940405
115801
800105
339384
323213
566868
428145
704686
240742
718120
144720
936119
453509
671790
561564
239769
507169
755148
792843
589548
292540
315272
502073
242865
164964
43621
712730
207366
903155
120072
790709
478117
965963
351424
118451
312185
970767
538222
250054
671255
266035
800164
816559
764835
476354
230373
978310
693042
580125
486283
987809
477516
40728
941913
600919
791735
935421
255488
168953
824454
984961
812611
986755
27890
98856
574607
455632
980760
51418
637312
429367
981353
831274
163550
490022
608809
761452
651682
111093
154921
740896
179293
733225
170817
643493
453229
366933
959404
21700
564204
488169
148016
532621
497225
785811
210597
293431
550738
117467
442940
797532
314413
41268
611570
385635
145079
795040
992356
935296
646849
642178
464997
360444
319040
384651
771409
862617
338988
610438
378885
784787
553307
802787
254332
407168
5665
179053
20278
935270
183874
708419
103956
342135
257821
279536
188989
939326
771643
785469
171226
823651
794831
336952
406842
483002
591216
359089
741619
775084
148520
909261
21299
635224
252857
623860
522542
722777
553932
408911
35006
610961
882376
333508
248333
384639
395071
931693
603301
490551
862585
499222
202118
751877
931175
782354
48058
748849
127905
498306
235059
540410
896619
388857
675349
753313
344079
739547
153906
486916
461430
668086
673475
196864
116998
127552
483315
388299
495715
715176
968779
843832
515013
769393
84548
721887
236782
701251
277585
277946
609335
748338
743440
422940
183263
841399
197640
193835
95985
87868
162457
194257
798691
730304
176557
250117
905899
186030
459965
416715
919793
847708
972436
235507
257972
692108
851890
428996
871867
710327
195044
821474
959021
375754
379718
772648
581108
122045
810916
25631
279240
129179
725989
915115
529135
187883
715722
646339
908927
767144
789634
771635
573187
231985
460895
423912
187720
198001
938093
725388
350662
807713
975044
916913
721342
328429
330836
799903
680725
652527
905082
537495
625356
255586
477720
644471
507543
59249
430980
344340
2660
790010
39093
906457
564016
195449
885992
783904
251203
103365
733429
461373
796812
655846
651215
766544
173730
71096
758967
520096
306945
799655
546565
803644
479966
881004
489379
638194
957847
967256
441825
291873
587533
420784
580251
874025
696712
153139
802299
569829
740114
257941
407289
722238
81716
505009
620248
422600
722243
402558
418223
448708
322241
948599
942069
299403
92022
918977
179281
522594
795846
526414
367593
773820
313844
963524
838571
952985
262107
126935
908854
511540
384490
861902
927726
57229
158058
333537
101969
312159
215430
623751
41419
113461
354824
830454
445424
122314
443181
916021
486252
880591
659752
150505
84398
844825
464615
483148
573252
281853
18748
290237
121561
889133
126206
824069
170394
221024
791877
72576
408185
842680
80273
498442
888088
69353
732708
857223
360868
80478
762894
843894
17308
648248
30975
87780
227301
139412
260235
651536
151552
730791
616358
512287
573722
487572
961333
12187
64444
415414
122497
881308
557072
130073
754980
315537
454937
967119
665797
80247
266056
797327
773414
509369
334116
803155
107181
4811
860395
954266
327128
503735
840779
238147
123732
134937
49815
522470
981211
111357
849811
910474
776991
791984
727312
513611
196987
710662
823913
385226
657701
808099
230141
47494
735883
191074
797378
855653
61846
692548
411592
757073
958358
739817
594114
370475
663351
721623
623729
558898
447478
253419
623008
957200
202677
677894
260495
987388
899211
335636
315653
378351
255926
204000
109841
154212
512581
427895
759048
211022
339365
8911
695736
131984
299851
423870
915875
225517
671534
634350
378394
604245
576110
889443
870334
946603
157370
969867
456820
605792
111037
214357
520534
845849
55130
905662
505501
223041
756712
459198
253729
679541
816920
236052
293328
578351
642952
704379
991323
746874
991643
687298
902310
21974
883583
278621
436272
601440
617571
62696
346369
868371
905584
205732
787062
213899
70907
738753
651977
401110
494838
407666
851998
993662
192703
442206
492374
307799
719884
58992
297111
746310
85779
954501
526720
257451
748683
140878
196135
809351
280195
389460
778415
478834
183950
943348
695840
364030
183353
383236
691701
272918
68478
962386
828584
978162
821160
329209
609618
106974
763499
312951
635497
23197
828150
583454
359147
120377
735278
749546
83922
294230
992543
393276
541408
688533
415400
360798
378486
226930
954337
194070
312845
81204
783277
641205
565243
728717
994445
951447
456741
344424
327613
899919
957430
808819
116564
907740
501501
189212
84648
333629
559832
868319
788410
891399
457044
924150
196824
237451
154251
464409
277207
50893
767281
957330
664687
380565
512206
514107
889557
976491
554436
797437
59701
152502
356466
574078
244734
793461
911639
683800
588149
39288
872815
71390
52205
959332
624991
125321
536157
988195
641067
295063
894800
983058
987166
482615
970834
878188
760858
431053
569493
739521
492261
901982
963985
732305
26837
188633
681279
435386
175522
746500
847946
747864
357691
775198
761308
613620
860248
914605
238700
808016
579482
732412
546914
43616
391009
603198
283876
921099
338380
417505
54757
562832
889463
995917
657479
488050
778385
626263
219536
709027
540182
241633
115578
730237
361583
302680
766811
642771
430185
639570
840608
916371
874632
35735
14279
317085
423790
613700
517126
950802
835135
716870
583935
740222
57622
316739
922952
269636
581076
95201
539591
298222
795524
553625
709192
379109
239304
458595
389690
256933
402701
691027
817036
894389
482145
209801
111303
670166
672043
943233
807805
597391
78362
453154
180627
148468
725584
857052
626235
717008
979653
100177
162707
119743
885976
490003
882955
160873
391527
844178
116386
550025
872091
275169
774556
559055
362367
123381
646744
825676
505552
715381
547477
465617
885152
884864
161987
483297
392835
735309
503947
729302
621508
47257
87762
647287
303220
557691
604483
394663
75224
97946
876420
871302
721151
154214
738907
592399
519550
132746
835289
907493
976788
375666
465349
807355
939043
883867
737045
358271
341698
85082
981942
598058
815007
68561
503768
844353
165893
349884
350344
497117
291410
347509
690124
928735
418831
825881
237854
77498
206089
547505
916613
369759
11181
337312
177720
682070
640584
83936
440397
991896
138243
118649
70977
711272
65331
753897
473061
645094
820114
815562
434253
102864
469888
716174
644790
864148
799053
161447
367317
163795
704037
572437
11266
332762
271606
890131
850593
711414
828620
812276
281711
995196
486098
901976
956986
435583
16581
466220
182833
341364
974471
502043
968194
994701
591820
8156
893831
773894
917128
302922
706346
368960
963194
927035
696371
722000
999121
467039
932234
457480
39083
839265
153812
595953
384963
307029
306088
376614
63159
640708
890919
531148
806229
228627
629489
355268
243132
252535
496986
388030
824487
434825
718932
595924
592753
446779
232965
509260
236499
650323
642238
158480
994985
451000
327063
962903
872956
870548
541823
166314
899129
467493
847646
248709
999198
25937
68146
498379
239105
482
609778
350499
103468
390885
291395
336310
468867
841281
223309
430490
766054
602208
795463
731541
782050
908881
740025
935476
830143
555230
332844
298098
3331
983278
657630
423288
835870
492029
858603
967313
796692
678921
391459
727036
368925
880826
166048
997836
70282
623033
11668
910087
460437
978596
833881
389879
130176
334551
471212
521564
168311
556105
505202
873432
987440
667507
688401
283292
715332
550055
300
930476
70844
959102
312522
564063
939252
234294
922496
667725
639803
412499
403450
461248
467214
512412
987414
787935
467387
118690
632895
177467
716353
189548
861999
307116
506397
504345
130587
53674
999880
395782
673496
620012
635092
266918
261697
709165
269903
68565
544170
813331
885490
638117
726733
171674
381263
310139
581955
960918
523742
420943
706028
206715
624202
392089
753181
560646
301208
215396
521953
533080
791601
867372
489546
511046
248277
736337
811044
637844
866433
255942
567145
718869
325976
621749
232045
395361
715829
328998
390143
180845
357984
747727
207897
131703
669968
678265
552367
477153
245063
867351
876140
239687
635065
22887
948555
430199
667140
428507
716552
505967
798604
588615
54335
616797
306022
286090
210383
77059
124624
217136
26568
542854
936129
106240
854215
893397
330866
505077
982908
933263
492028
153864
410639
600919
110020
12769
208459
796922
722053
783447
209278
855092
287571
235595
854691
598721
275099
759323
712486
938177
758996
542597
252826
825519
649225
844040
923404
659577
446457
109036
936619
680641
238053
130311
668430
354464
535331
985586
810860
787023
194252
975689
755693
650562
165874
662538
716723
995537
327628
644151
402695
817301
389091
793986
979953
444382
363699
969268
651771
559825
380808
379826
747431
986230
713888
38295
614919
859372
340823
698621
617539
749933
938150
187197
87296
988091
117448
531291
672864
494924
976141
233943
712982
258394
560473
543665
111299
142481
249703
445605
258153
687107
624066
528239
521741
581370
521052
858308
766299
517262
578718
771649
470667
954562
234267
219679
218800
844729
553433
214664
604657
40371
361591
927329
620995
116183
50920
498236
835135
610719
847186
163729
576433
801268
426674
578694
572205
671238
108767
237376
846117
12835
446444
131328
46151
333111
808946
349740
95391
216659
381778
730435
775247
664715
556733
117747
578102
631583
254313
120985
719735
631294
468490
117334
18598
668006
928496
817390
48209
23900
784725
924956
769206
538201
101737
764081
313516
462894
625852
332840
149609
1652
100670
736367
651665
975238
276804
768687
148584
122553
835292
156816
220309
534766
880016
373729
243935
533659
71443
610211
917298
729318
456584
489265
504337
788327
381741
785255
105954
337655
678747
695805
231188
531187
315335
44975
592730
483599
531568
515681
915067
29313
180822
948804
944782
577452
272159
967659
363502
205322
648169
668646
102033
408009
525219
421889
284512
435570
630558
955848
371592
272103
461107
445563
106941
354490
588766
649315
259651
559938
861484
528901
469204
33939
499538
466875
961048
754210
507537
579214
525066
143696
865042
783739
984104
949395
150984
338692
705504
985726
39900
70822
949355
629193
322651
647202
579911
890192
892887
240367
550851
22628
374631
220619
404564
87918
974576
744259
806942
643221
679861
310166
222109
538246
695992
167443
824183
754575
805404
902845
413664
319041
451642
940794
971683
77505
311912
673366
426098
958505
90332
632757
720805
615478
888442
608395
264804
105496
989809
366878
829741
270470
917184
264524
301174
591455
148553
372337
486007
922343
397306
472379
742345
283362
623412
490239
831162
912553
239787
22839
822899
938439
955753
496539
311423
239667
456880
125292
196952
246963
561335
122878
114885
324159
304071
239753
760469
279369
324601
225349
84963
394261
133455
673307
316685
268242
266081
470492
332934
375219
81674
98677
422902
444258
897095
671240
119162
554918
439937
449272
910254
183555
568587
378026
192382
240075
518603
453015
622346
963165
369842
598914
278599
580530
52142
815849
115793
470446
724578
459296
510602
887143
546931
495983
283249
161437
565257
68986
833723
206615
263182
209720
538381
554052
979550
919915
618990
118346
813440
704046
478822
898362
207641
739118
752309
713039
925025
568857
370377
198176
366500
103131
309202
33431
562124
374391
755855
533439
761921
344239
105545
445011
725034
413484
48071
774463
239620
833584
532467
731187
37052
286473
372239
668206
68798
408426
589644
661114
247270
658802
297562
949180
473197
794152
640023
793001
875498
665356
243097
720021
962281
498306
214613
191773
677495
327462
511889
130728
590656
321730
132345
122145
998861
563018
263046
560040
408319
191022
636355
692141
981054
243131
674778
706636
109664
722560
970653
402049
367107
756131
658439
443514
301035
979478
884374
437456
404988
962943
114607
243024
487837
295329
846283
66411
671390
219431
7809
826357
571508
736681
345952
951725
603063
192243
623737
167220
240772
777022
138818
511379
754237
570835
731153
618770
137605
955875
966489
461945
263402
554272
945154
721568
861041
351147
363968
190612
728554
549377
757295
336685
260759
470355
341272
74242
178670
301384
71066
617592
245133
342489
535691
113321
447619
822426
904106
973772
912666
685797
56806
827094
174186
41509
150059
477147
771906
556518
342380
192013
48195
81746
307411
216944
559801
971445
671252
534552
718244
406098
44213
991253
417592
470523
33490
122206
373069
594324
551980
636311
979556
15350
462653
810184
412578
831363
288142
726276
449845
350733
285082
536723
655663
259067
997025
881041
278469
168646
725461
121798
261958
38585
614696
899409
410826
951811
34201
109288
985989
797080
694755
596275
968091
118245
871981
63695
155039
309944
286505
68477
756562
197080
283794
679864
991293
606929
853673
938219
297012
300080
448325
489737
893840
312463
228958
660754
80037
15405
416105
92772
658943
574523
265722
948185
151033
886428
392612
932531
582569
268308
26735
926938
875118
87043
98795
671559
766158
906139
306039
640908
424383
848780
169537
741923
51189
886422
606548
351740
169998
724215
986972
960784
518194
607266
619459
641162
336442
138469
576847
523089
217138
46026
720783
597288
41146
448015
551447
186533
675476
309948
45360
277063
325402
668624
244046
609214
944681
726324
739210
607009
992576
167250
448498
909209
482666
461213
594763
684669
899479
284440
272812
579461
280349
714176
543723
798686
570700
516866
623923
591900
390436
4425
404700
324797
310268
631678
92577
940375
186749
46087
783246
196657
309896
475188
625506
63834
355961
942229
815660
306694
312302
503268
18512
660842
349629
869630
863719
404479
588887
464716
226787
853976
658179
299133
677193
668470
943531
87376
642258
183830
604088
49065
982132
337841
646417
594938
709377
48450
308207
210690
429161
693740
2477
47479
256055
788369
767457
795641
833144
903028
357152
735370
1149
190617
753620
647221
910242
692599
280860
749431
123944
768015
101120
155270
250760
508526
729516
861718
18729
385680
946760
255471
474259
279070
355137
282621
910790
476120
150259
543970
98894
367724
682507
47060
461328
893915
513948
103955
620889
522067
335975
95505
502287
717003
880233
278735
807926
877950
807462
809133
254014
875001
942338
392377
846593
949632
222464
944962
754709
700523
552368
154325
862005
766274
922204
507742
44255
844481
8061
274980
524040
792541
608706
447915
37157
736526
815913
925978
26345
332126
326553
661407
330316
91826
616292
570489
590753
954447
733418
151232
593498
314979
921909
383495
36869
561649
186205
698518
120770
877940
165689
726737
848801
656156
940651
643268
834152
65286
345605
862851
660799
763533
558788
5815
219404
546351
13510
667863
135979
391713
763945
752615
973202
814577
772874
195314
931196
898543
34701
190273
793887
945641
581390
15467
117795
56270
466132
625620
702338
828452
137230
256842
155334
522542
395237
326493
548154
286645
105957
353529
705102
111463
863707
312018
649846
731913
602450
642257
747408
348262
291073
226780
181560
550991
506134
905498
426549
830545
767492
967134
482602
65921
820266
306569
166986
740238
758926
627105
307423
328307
772239
66168
706418
897645
938727
797689
595082
529271
887063
8116
801623
102387
747193
909999
631449
782452
621872
243698
940182
49127
708997
422753
720517
357179
582431
766327
532480
150895
376092
592518
960450
750633
162186
932633
480482
198209
594365
576201
373927
582912
381998
27941
807997
746653
219087
373592
627991
257062
276009
157073
254837
45336
219433
525096
992335
639492
292287
164524
818996
616784
131065
576151
281246
459023
209834
85338
685342
501250
918880
919098
394632
764705
6798
446216
220085
895761
883824
121883
51429
409353
928154
89603
620540
867263
880832
664546
638760
125279
748219
643399
937356
180801
278569
35509
174084
363315
900428
452532
880926
351942
217174
538790
800017
699812
46320
126725
783284
846290
61041
840876
447913
233085
646268
252135
306947
661154
761532
397830
417377
630148
831718
801548
528031
374398
341164
526557
265845
796557
345240
822087
662576
321794
817134
938345
786038
964685
556249
409612
357598
401066
191392
251883
625045
267391
696588
193076
794721
149014
572264
254555
185259
762282
458648
281716
965224
738401
778913
320769
145341
168389
891384
139796
758508
82206
617457
484632
776234
648239
125743
837847
176106
139187
228926
512945
352227
835107
971455
814956
151948
187840
753896
935183
604199
703937
746513
359010
859109
964492
340353
960335
34272
289487
548568
973281
909479
629024
432638
919239
962485
720562
243607
693916
347500
24164
42469
847190
379646
49095
196618
400078
42853
405132
592030
160110
198364
196887
597702
729390
516057
276953
899863
920714
484779
638007
590510
294041
804508
412776
395334
967581
403590
689167
506616
411000
523964
499867
388350
901200
83173
376653
379757
618303
612391
651697
576401
343749
796713
737408
372187
945349
508881
355810
313800
272636
913460
396240
549815
352608
825086
361051
246812
801915
88648
923441
91333
404648
923429
388161
777956
731042
521965
374549
850741
487116
138148
964056
757656
815324
321552
671336
384721
218999
446516
915632
358652
3143
960213
414314
154549
953654
760464
417289
925053
150799
336823
973163
413885
142422
4268
97430
335321
82588
744308
623454
131819
973911
463901
697782
933488
987168
986211
102719
566541
297765
235427
458098
498640
881192
900908
511190
177923
301972
409885
213397
720874
124488
565110
201840
427239
346050
670677
807627
176059
640137
663438
316845
526206
681346
244788
266182
50997
424267
124644
966823
685503
274801
555195
802180
222077
26007
771706
84861
281530
907682
586384
625318
742222
251338
937500
424521
949627
830991
751414
460761
464173
900322
501979
73331
957489
26194
306768
406148
121749
213504
965283
158425
246823
83440
70007
706953
196705
418744
324194
952661
597745
334925
478020
829559
970359
887382
206587
36602
953224
580577
618456
821405
46533
32038
280893
385469
342145
862908
418002
284223
693622
158335
476321
600770
184254
847463
14806
709098
78715
409257
493113
188637
447679
249034
859971
369166
5157
119705
769822
581404
350703
244148
694429
337151
354384
622788
428564
613529
57337
699752
754684
387559
590885
71678
767639
663824
328615
125949
76138
813365
440640
936275
68266
667527
2107
543961
22746
686527
765453
720577
741784
805564
18383
861290
948430
148226
433417
964519
610362
920288
600516
700392
415253
145370
977567
586980
551869
341258
152989
467713
727021
673624
961127
599734
728984
295130
436910
900522
343387
194842
957959
535462
631211
682949
54231
80807
279366
223378
650970
663172
390036
438632
321079
474036
169088
256243
807839
80306
397757
297344
891307
456309
714870
988053
853685
810366
932151
96657
510952
798056
56661
648708
60638
618130
58761
521552
795349
879984
114899
246511
791449
783952
35290
553293
232172
935610
403839
868351
432003
590013
213534
99368
669598
908711
224679
479503
624731
630222
283679
856016
232061
489158
442534
319350
449447
282330
459730
172641
912075
440910
37544
985846
32044
796538
487254
303525
231077
122003
225880
484194
737297
191716
260857
750288
503641
65997
479935
952379
330264
458828
969351
208976
676924
140172
529468
632284
655857
958725
584777
974214
434022
940341
67118
490908
433982
774001
612002
407214
614350
14014
415120
963622
635621
964990
187332
551442
606752
519575
898180
450423
382358
520822
562660
412099
851441
463583
761160
423545
454822
553313
171235
291034
89780
861617
89018
734191
505294
892351
368967
346905
203779
206063
233413
208823
438145
12961
241250
696941
387732
126822
371448
771821
944926
686741
455215
858654
59404
562016
486851
929291
37694
15426
34490
588985
898385
988527
661983
609406
36684
97039
780149
42371
731591
958549
994079
267351
752370
617491
373712
690928
410747
110769
786672
102534
655717
731838
857805
206664
341058
251683
939891
471955
772948
489302
571162
208863
670680
836952
585536
930406
281922
123987
817929
72522
468899
243311
405733
935137
989316
701625
959337
464694
583085
299941
690627
509199
860691
559663
77501
572835
676680
982185
513445
253950
179273
612510
356221
394315
643021
381885
576035
385553
37390
31021
331191
77077
620052
840642
178872
25726
692418
118007
346043
398676
927995
859900
978171
379547
911843
520936
169711
986375
897445
273467
237469
837835
280993
812190
237047
983200
80387
686769
782004
753451
570134
81090
154344
635584
230538
121803
236095
506270
812304
158422
719070
295095
972795
716449
587866
15004
485085
799317
921200
91775
767125
578258
413542
2044
860354
4543
961116
230651
220582
945739
50462
619925
277376
327065
436266
738165
172612
100637
52847
21260
63730
584724
588013
784232
596580
500321
590725
661218
813769
352355
199839
869550
539104
751231
137661
547238
852163
651505
497062
732197
155513
599463
821584
612346
483733
976348
133889
552458
445291
141982
480709
888674
729826
842872
518179
687839
688403
4246
255510
145057
275659
971246
84194
705338
620793
837605
629462
158871
137014
232790
5495
485053
940907
913990
33384
176557
619925
676312
961667
695427
103845
772811
98310
162351
424400
510890
346636
34176
249258
39517
765270
651411
882374
226762
382111
907481
806473
114315
902826
167042
371817
834480
298125
570158
767856
149630
654414
160353
667562
274859
99899
507749
104028
578008
853012
723497
15072
441050
509226
296283
165075
430054
544998
27002
132520
689066
185608
681256
773154
151659
250800
823048
852747
83948
320156
69583
81988
770982
645793
148257
79083
546388
102010
586590
541764
396677
874918
726001
347558
808826
456023
87607
366167
378111
279074
647194
162358
576515
858066
196125
324240
590597
461752
50689
666682
229457
840953
442436
424589
883782
768291
411388
320585
216290
810582
220759
125068
326174
958912
343754
983363
58163
735093
531778
309680
247262
518727
281387
646192
404730
951389
631663
441898
623113
707005
822237
733936
789519
355597
572244
305477
742738
844433
86843
518500
841676
891983
648993
441386
414920
979261
346798
137710
299816
598141
289897
803303
220336
885542
37713
900771
24330
805634
63017
221391
842888
792318
976799
905967
9194
331332
201060
98987
701781
142321
517974
31206
38083
689431
916192
786822
309189
522546
858299
500993
378308
609851
403445
486746
484557
187554
964377
952556
9080
982892
115761
417958
916464
238643
942183
155139
684359
241907
791847
705709
659439
740138
303912
792238
328077
316182
773315
17011
714574
436137
320455
248458
820129
719398
221226
792959
812573
751625
636921
162661
517415
45395
626444
217192
845328
575406
427758
295248
612680
523996
143092
287610
25906
381057
670192
322353
151914
352700
68630
19334
677965
97290
757945
462513
216140
176066
781193
720454
604148
136226
481041
138597
797369
905097
535772
445197
753258
423662
277191
248142
528218
643843
228059
236935
542494
814187
17409
942666
108568
387145
17751
806108
658319
977234
557896
127832
313374
67039
559531
42764
814014
93904
67533
726260
660301
680979
539212
800836
849843
959153
819792
818584
420966
814104
542084
136555
381357
257003
792501
3316
817369
867923
410587
108289
204934
736526
390001
965375
433010
72539
801086
995313
980222
249085
519726
539672
91561
995401
685573
436507
912481
2800
443522
523368
785021
574026
748288
351107
861601
199364
241955
607813
868627
11425
973192
111408
692438
709764
921216
180546
327551
880581
878674
770100
769921
821319
960050
920579
634302
160510
154993
149506
278798
349252
789754
854187
561693
784274
323070
477344
588915
614675
883359
652337
703591
759076
637297
127607
512787
943014
527761
781422
659349
657964
683596
112915
393448
367344
110470
889257
421584
451580
892759
159126
553777
761556
745150
754825
600346
811449
475341
942272
445435
180245
826430
670900
780738
529468
548712
693083
257854
177986
175133
519046
159161
997411
536824
518237
882067
940239
711663
293403
797071
713043
346774
757971
406734
963088
643610
218284
673780
729288
603188
662608
675053
535500
537220
306198
316436
858316
339144
760963
600594
389428
579435
51436
344838
612879
851800
177321
697200
943847
190133
779575
927767
660002
763813
784350
518970
39200
281392
608270
5209
695472
191133
264186
558964
370371
159142
251773
178383
79470
460727
635730
418868
724845
352250
478547
951906
732710
590934
801290
138046
3963
528375
55474
699639
381491
86653
469771
133386
685773
382880
244128
885427
212433
400574
81634
176119
520226
519123
860192
949804
789405
366580
594152
684311
521040
954677
516065
629918
561303
562668
226713
527652
479516
14689
831686
372500
337546
886220
541938
335193
806699
527567
760019
632536
534634
724957
876817
218065
594464
670432
574232
251044
98564
237320
386525
110334
409374
262309
184220
85398
341475
149154
444003
10897
687658
967186
609415
810896
358849
543276
685962
125049
902837
79648
311245
374021
668911
15758
160232
945276
300157
986105
808237
492450
728649
886280
426184
418992
456351
657240
716001
580405
623175
850017
569401
333985
515271
806882
79248
447430
280877
938989
877499
380838
341527
730376
32483
872918
127378
439448
529320
456574
344611
731865
365800
452519
35310
210392
659946
799624
712778
71981
497084
808822
411440
817133
368162
123794
715466
458127
876049
22079
125427
356271
498880
311820
984813
392663
366245
250348
591903
410682
414407
698137
731803
625857
803496
119157
616832
412782
23486
615563
223821
465581
723485
637791
552339
305159
203165
2545
813463
285143
198690
423957
310858
538240
702227
713298
718423
439099
323219
828659
944577
616755
468333
198883
222008
230511
834268
323155
624531
525626
783518
418760
407150
923011
2690
773121
5350
862466
246303
95196
646660
26742
77263
594552
828196
14340
329184
86085
290301
664614
579339
165027
517566
966506
179254
991579
119594
468079
230788
4115
235103
625764
964320
716784
421684
863668
930371
240668
539837
410089
186843
961839
935511
523378
230640
669701
328316
17771
648913
730850
565963
924789
695251
349373
752046
317413
826174
592264
234581
126412
276550
916216
850446
225889
253871
479971
785421
344653
78223
309408
516639
496326
259777
503754
71021
9309
74065
118622
939212
124013
551270
423551
955584
347897
201754
137437
132455
412339
279219
374664
469239
887451
210906
149411
505851
181699
259123
525871
149311
738609
746858
960928
927944
345250
60182
375926
780641
116491
258124
780970
790276
532595
246647
284234
942497
503197
796923
978298
717052
692585
591233
861872
840842
565277
233938
569793
290493
594997
688152
311676
148984
816656
372676
546249
34468
437614
624522
704906
239770
416306
974535
544748
442005
813339
215583
570838
854769
131640
551787
952708
545996
336375
461835
111570
684605
525829
8284
194835
449753
40325
417705
350957
562707
118474
811875
923783
515986
694868
139732
868516
684170
567972
482484
526517
694853
858270
832339
160231
799268
337802
226191
654888
293438
127520
508802
68292
483123
575903
788816
6336
251339
831445
47987
635262
851294
777114
53039
622640
963960
504724
586470
835665
893973
702920
72426
645659
89948
825312
903676
430262
500025
128041
261584
74510
366696
106284
828436
139094
425430
608588
61418
662436
859577
292196
116224
686366
945807
671857
999869
759605
997696
777024
595668
123497
721140
229142
134432
242776
846628
946848
876780
240403
951875
577137
398324
53435
236871
199122
619225
824886
938732
419290
984524
742876
886365
373194
83347
195404
962741
495631
722960
36291
383799
48870
662382
529467
524288
911161
28786
46329
650738
983445
917757
616267
798291
172486
263726
153975
504312
33732
577532
650693
303535
270262
599545
64154
864345
769346
362512
400107
804330
239531
525748
701180
94936
245892
264973
532731
838716
633580
531621
640226
849531
397064
234180
427994
810637
100911
536163
649011
55343
171454
307736
644440
383784
491699
626724
146563
8938
357913
625108
401429
308294
553945
738104
917711
438422
818522
647176
660333
943798
612640
460264
368
365373
625471
958592
904483
836007
902682
760843
711402
552348
115318
75258
162648
817934
211947
525591
251762
681830
596315
267025
765011
900403
150647
476888
842390
225893
664769
713041
508533
354495
908407
25201
440698
249454
425938
28826
727991
353106
972044
31052
186297
574719
752280
270609
511628
805112
107512
282233
404276
946071
334360
391068
222764
449246
656757
133391
870388
396359
845794
126859
262435
987160
902492
708960
643268
458162
40285
81942
201460
661982
40899
384136
231352
156393
91089
672460
243454
132605
535302
63689
236527
541253
113245
641874
89302
705585
365824
800817
262717
46888
624799
322713
972368
984590
429417
521763
984123
941994
430058
957121
546110
202021
977381
685925
451861
397461
245209
436456
551433
906829
134498
25391
276760
957481
402266
321568
216310
506854
536398
420284
408880
653824
805546
95806
946129
379872
843320
598196
766870
171674
306333
16184
525151
633073
42406
177056
821709
635537
34182
5598
69035
34099
856810
828030
211446
850313
616689
508220
495741
320594
530867
309219
768267
441426
900775
212398
339748
258948
365173
288762
718058
887595
916171
259083
53908
17559
354773
188318
825134
455815
2851
63080
110688
212389
686458
77982
652718
974756
358093
280517
716631
446509
133872
842746
54547
905824
813754
305549
876019
549964
689172
352081
91077
310955
93148
80938
782984
414702
538064
161608
154139
656825
313971
874385
196125
579232
785081
497651
341931
128439
223250
887615
805522
658870
853709
789085
644865
837811
229007
437027
431383
131385
66349
907202
220759
967592
474706
404977
61330
44436
206440
609227
772750
839513
772350
155900
286703
685918
788248
430945
39343
455719
680634
808213
286006
451705
357559
426068
786720
479181
367792
903439
995462
190824
185774
13298
131600
143945
272446
252541
516469
534291
770264
810346
300774
896703
696705
968429
206731
452519
127775
761854
596979
207935
303298
706406
761353
355731
814552
561286
532549
369449
183486
927150
25786
934210
216565
973915
423046
749498
831753
763867
163242
150323
693486
151583
131581
828567
20045
685573
414346
440662
297269
678558
114556
15706
179273
4837
457300
309648
459199
527263
26283
213462
554745
326600
586381
105675
790286
407942
782183
474522
327024
498182
834417
768094
289972
840344
165983
654542
755673
582284
449468
28172
329100
354783
321972
866318
550083
150386
551039
629149
501155
201357
315838
495178
136615
837004
264940
146430
210794
476690
211310
504115
424149
968599
511700
238935
763680
920411
20933
207659
25959
329606
16662
599649
387363
554832
925091
801107
926742
834521
878429
566944
989287
296512
969360
741722
146328
112515
28629
291352
710823
122511
943730
393304
683921
237997
369481
403901
12459
359936
426213
208008
347051
700046
590063
17607
352997
892602
266729
402404
461755
671821
92088
694366
993768
127884
660194
489340
479836
842991
445861
634875
907877
521108
352005
325670
47388
176567
305754
460107
566495
487316
892694
494330
517810
522050
878783
138734
26081
792816
792202
904682
203911
932917
143888
7598
589107
744928
577111
186236
749835
723626
853037
320257
559977
698923
460265
614251
939206
940778
652890
982900
579220
70731
195117
263030
95757
585437
674248
417510
785671
210772
82667
655445
913718
46164
888034
74971
464915
339412
93842
618803
58565
305470
299942
856208
836515
290284
407330
371068
240247
59907
745337
849241
141144
185912
663340
433530
506454
38639
928830
160744
379601
883280
400054
788980
169387
89722
311813
973940
209135
369846
75697
972869
232425
726819
546433
537572
188157
500807
681568
998385
117429
554477
211640
864588
285342
526684
475464
696052
414347
518650
287941
671221
219136
977670
979645
861054
941900
264903
309747
591792
144521
514767
294084
665538
487069
114450
871835
962698
191939
77287
674543
309597
447898
326559
272863
862267
135773
508857
859871
229862
862010
967293
38443
301222
337688
857791
970174
644082
756845
296974
102137
361765
108004
195566
393199
484554
999115
23633
595647
744717
429806
912231
555973
934857
632249
555712
860513
792043
177998
231433
757025
53844
45803
700577
258323
484084
296617
398489
273672
406871
684208
863409
60481
649578
75798
658256
426792
109492
64720
814760
98503
454997
117833
687414
768079
899278
983741
638703
901704
849170
555403
964132
675776
32389
943634
77974
630539
839536
80352
119410
834734
238228
460590
659648
824040
52115
942540
100485
253508
64986
946001
691631
496502
803456
158845
362658
101202
836515
454842
621584
319762
34405
226826
943566
975511
438435
1484
408491
495310
868406
993675
686346
282923
231593
670522
576972
90314
175456
320127
307318
547401
5647
918391
498023
174046
792574
122830
684621
708329
797752
549368
543350
830987
109326
922134
542627
694746
718169
130676
527713
601521
296504
543842
607463
887718
770830
811236
714228
240586
759882
337138
100943
515674
500465
20310
624765
619479
522078
49612
529655
605288
726530
740856
180258
571027
359128
750160
830100
914487
425498
701495
385900
87577
863501
64646
275418
401798
492289
260896
82312
129242
184619
900082
517011
146401
273797
977428
905480
243049
444795
957402
134903
256270
77363
164902
266622
936252
216415
536283
764541
812476
276434
817792
123958
839083
167213
255143
233226
830017
447025
361608
454517
477790
607628
580622
816655
188094
588171
775426
467013
969775
612347
871042
660411
738387
732538
641599
612675
103039
391077
555024
544398
84224
731397
474037
439221
842800
279531
677904
800661
119518
665277
562582
506598
236348
645074
322174
774823
968266
224973
490291
512977
495008
620725
791027
105658
627293
98559
551
209753
266925
851681
622715
200366
603504
223442
804405
88698
801553
282574
543098
383561
783286
771464
823792
251723
334032
706093
476043
87118
973082
537532
866207
313879
142083
508336
491867
659041
292453
285063
683166
749707
926014
367154
690925
378718
75213
289923
147995
674326
456028
370076
709079
389902
959868
66678
927908
611810
870778
899460
910877
343438
412646
442587
37508
935282
4995
327059
741143
451930
660879
92316
790698
842260
293619
955722
503110
185486
580597
102655
471621
849697
826735
59793
384026
431136
891167
269631
552242
139058
432187
249104
488350
70087
849989
284085
175369
170643
147248
633698
402111
937161
930320
717223
269255
439694
705739
534055
107712
871436
330018
989698
164148
244736
395714
823098
289614
172869
956839
780977
903145
963403
653091
500458
769218
680994
533071
479935
30318
94305
276081
37083
343176
47517
725088
729432
679293
340588
710170
1945
562755
308287
226890
462170
660341
687318
957879
945850
340323
357056
307730
190557
848077
82429
80846
803644
3509
4258
464311
605746
196705
535536
272905
851938
241023
12179
233394
824126
401350
854679
662629
796132
580756
755064
538169
687478
924336
234050
802905
705769
398993
817945
337967
18017
573260
55536
539428
847257
359041
267588
791396
343574
674559
991718
483589
189525
514755
875893
358261
794873
912660
682159
264525
955364
727398
757071
864585
676929
415375
281383
790579
679845
893902
748719
423090
776921
697179
983401
110713
150251
938258
36962
268691
226429
286772
167956
1448
691274
242974
796552
304539
335636
224223
721221
196123
777345
622653
304255
684686
913132
293505
164114
617766
408052
269559
200519
155120
678780
960926
94931
657315
405809
509489
34608
353749
883307
924449
566843
579479
478241
260899
504691
408536
675516
568874
535123
943208
765441
657533
706389
829534
980742
276935
679303
666067
981719
272424
473316
946782
582916
188624
328810
676427
412750
323662
314910
630812
529521
635780
468343
504282
180447
763641
640723
943403
131759
335646
411181
374912
624102
558280
107165
666166
930812
650619
806690
158534
180544
52097
916216
953798
627743
50327
715774
140440
965414
794301
972865
774867
615848
131070
480859
903740
227044
995649
281867
596801
576602
430778
320047
577186
543978
620612
374403
610862
37698
716934
337502
912956
164545
847353
727214
167972
900948
174480
316079
23888
859908
784279
911851
683781
413218
323028
214182
555830
101682
774527
581185
304506
390106
836330
255914
853122
602596
765527
480581
320602
598659
925483
598886
382739
389981
502265
605959
428292
630844
621602
913886
29736
956589
545815
382740
727102
895307
721195
828300
989210
222899
421173
727863
315702
795203
156578
398617
443704
210373
857443
769574
469506
633553
568836
706193
484509
349778
11282
819538
7782
390478
949367
180915
770282
713798
804704
774601
209157
183231
957041
180173
182901
96958
215574
70892
526273
777333
987887
54400
26924
989400
498610
457693
362314
897794
892721
189008
780586
874168
144711
40914
57171
215902
983753
277467
451246
137506
266849
327596
682656
106337
403980
492954
903488
963865
102906
711241
720072
98061
133407
900144
166686
523538
200657
255108
191584
255599
67207
901598
217085
384384
718516
591315
711312
465813
872680
19304
391710
491741
745387
48606
180820
405193
151473
671419
611194
309701
170438
818675
21206
942599
931750
677265
745611
655585
626640
55999
680894
266982
132762
443080
510466
387368
863918
400532
780136
824741
938619
607463
22791
622784
135986
728257
504009
883040
896485
627264
433385
962691
817120
429142
594708
404821
718888
801433
360032
98005
775036
440603
499464
877465
698352
398481
599559
630821
688131
723666
168523
105601
112911
291047
846974
357817
704224
669393
707652
10418
39307
621851
784798
257896
602604
845839
982331
684593
129137
874370
341035
884465
149455
957610
996818
445056
333394
595219
434480
168727
320526
940878
809767
178166
100380
667234
408134
191580
445906
396502
177970
43656
398525
868285
201389
978896
486882
528852
672270
623230
509040
184929
296258
460787
44643
276922
913217
201540
951334
331972
926927
622538
46706
561602
856627
628317
104182
660436
485451
392899
101050
136693
237030
814783
934110
123528
921825
666910
643569
730648
655155
860209
149209
698366
138462
693812
427330
939267
307759
857452
623814
575255
236265
461378
799634
532611
31106
409914
636886
216738
319537
165291
168591
811047
56630
432335
867989
796192
862029
380571
283026
193204
557776
906259
879084
543453
448190
258514
617375
332041
138054
989045
418038
746279
340111
992980
605994
674803
576040
773429
675072
427800
752727
415459
418690
807627
852412
340861
23241
402288
65057
225747
802949
217046
412956
832044
756170
605889
33684
636592
211521
859771
316047
471310
393219
933886
652968
867761
982804
475972
96224
210263
952741
680965
493796
827944
615086
918135
435851
756084
448876
374530
715993
583820
588071
677554
950467
167176
734069
669999
537946
67374
451530
812311
185127
393393
124343
272628
966465
653795
91399
981336
656081
569788
432791
999782
397821
162143
370025
771680
959347
714885
750189
271128
869594
818866
805118
502142
690492
754703
373944
867710
824299
480161
498819
55802
24888
338471
355586
771901
392321
203412
922537
380103
994613
559464
306151
228243
961130
585289
652304
723304
730531
806167
194751
277350
68208
726153
570067
99611
95281
452196
918993
493114
122303
642718
761867
346809
154209
646355
572860
67799
11540
185485
664094
118234
223757
214438
278808
601944
739014
136626
942474
941874
276639
50594
343278
367545
56934
721055
644359
125216
94641
291115
488752
998644
705038
597103
69160
199577
424923
356807
5228
398558
439346
477362
84456
727343
285248
391934
487453
774068
228604
289519
895244
604093
74925
826349
771945
21592
640097
578858
781594
434389
23956
329064
49189
766763
280897
371345
231835
375829
735163
103737
205327
26359
990962
362442
907084
660945
943369
857431
775748
509438
923377
687233
32010
31623
710721
633348
984762
82146
411389
392136
952690
257320
318456
337822
606861
430900
39843
80033
823475
287395
20380
122165
108077
249793
435759
660606
540173
972044
883594
188375
406626
49829
428478
906150
357138
622199
440796
98724
16761
673880
267823
761926
11350
524161
582400
612820
801858
949800
22097
244845
566758
878146
563663
34610
247052
708365
187045
230057
824386
482429
142794
468285
181521
166400
707235
279474
520773
382236
521380
451122
1538
785794
714078
221095
189493
754277
424478
639012
787251
152293
430006
693094
281295
747125
936677
49431
742156
27922
12617
86728
3655
230176
29393
728009
41261
194105
557488
115013
175822
497768
201167
305582
37132
673048
482101
914222
939442
197049
60959
285827
900646
726300
841440
130951
955888
240239
266792
504713
258171
65419
228641
569144
115388
148559
147907
830265
460997
379649
218150
233417
572153
245369
29967
707819
766645
509195
454401
172637
89742
596528
919128
859642
901637
779420
853773
617389
409088
698281
703837
874577
260453
801616
712410
453339
31719
54875
312155
731152
961134
118596
91366
152495
617010
760580
818182
364473
237710
168061
826633
449658
967222
930661
218053
556778
883836
146122
202161
738282
412542
846714
194197
196230
315136
769608
146428
581892
582982
991555
857525
76449
435136
817864
933048
494537
295183
7105
659747
805650
98808
850985
188037
308424
567140
98532
137305
819122
709373
683049
805105
267620
389361
205588
618036
310001
265791
706972
600627
539287
471811
115015
59126
223838
562559
95744
364868
682880
327045
730
804835
327847
567172
720523
185417
548049
800106
393481
680414
875632
487814
39439
982457
129512
312584
755121
604929
67191
77174
226032
512370
457359
825563
667643
306463
665190
55681
449481
448051
105742
885073
539237
711850
51736
196838
872990
28105
126070
356617
141219
303291
519938
775948
115783
481877
558309
693842
706790
391344
149104
46346
708002
122483
922254
52817
877226
241184
725671
462216
402302
209682
69989
687093
797572
641218
623502
332420
638576
620002
181293
933443
296099
4343
48647
286981
987058
68099
669357
811844
459543
923820
450724
41292
161254
476649
553691
670258
415448
859797
380599
934804
862139
733019
596038
135969
848219
307095
395812
824401
218343
970811
39278
323592
445408
252276
128005
818824
410184
990991
392159
499004
850825
648491
769376
13283
948339
318532
945973
268999
160664
815732
191542
352210
724327
26753
791937
929792
73950
699907
788866
84330
118263
761173
767091
710518
928049
509957
242148
173430
263343
52178
964168
572643
326591
554676
523746
935568
484353
116298
47423
359442
857669
359135
245831
340078
799430
730480
515599
663491
261087
391324
495562
732542
530132
131560
131679
861702
368512
636957
476764
801668
456697
9613
372707
514740
5069
571426
861518
780072
746518
686171
648023
473249
498845
525816
254102
150778
114874
61
735673
6965
33381
132631
149498
138908
996865
505678
502505
40371
137428
608292
880338
430661
754847
231157
728059
240124
977267
585431
689289
620673
868986
103032
124392
267005
792710
806598
374241
181184
213447
575186
498408
225775
247481
168541
653292
463315
967083
908815
773299
618515
785046
889828
886444
839433
411824
852475
34502
614679
578568
287831
681808
492609
947203
4676
83333
963971
300034
580546
801771
805106
316368
21629
740698
168024
232603
468879
12696
824956
143769
243077
363650
372002
578310
958701
364228
974425
322010
220548
683868
179215
540812
682425
753274
282765
626398
934736
567757
401810
254031
878368
913363
324857
125389
295696
62615
985312
64827
297326
426748
690621
340865
487525
498229
617473
70365
67173
285703
775691
398647
385004
344804
783009
694528
42817
2172
396438
612863
14517
490733
745770
116658
231852
19732
107654
812096
809894
911277
924487
21568
860895
220873
694925
432505
790916
117331
959049
342816
450849
398379
127192
767551
438454
231073
500056
37092
987571
719643
272109
767830
451274
404559
748024
98304
666630
977064
436067
326141
101757
974574
587747
480890
461290
300147
804173
513235
724641
788590
617161
401765
595254
566020
446288
768424
570064
143653
907852
377233
983387
140733
579792
830570
809589
173437
487052
79557
40211
776623
591386
273719
24229
353586
847224
253466
832690
582312
194925
680378
289155
681647
242869
923943
27678
258036
463575
74089
716097
455719
562292
547645
620423
827071
855397
863279
567040
250146
292810
918779
683662
628928
445949
67985
295499
526876
6316
373847
77848
218917
662533
304870
808101
658310
966317
260189
693319
91924
225692
942891
918711
462349
988744
379554
275689
98160
826963
555773
245400
293116
648828
855866
111074
52327
514762
577274
395759
554145
484789
263035
539236
570447
497228
867888
98263
676827
300098
970368
108932
542704
14682
266053
217488
78021
562438
904138
402082
953150
74905
723745
530311
523819
236383
97126
607862
199199
508619
776392
346880
659504
613538
874252
154831
515368
424265
7091
534652
394390
280229
789965
669925
103946
34323
54937
729578
143295
320762
799543
720840
184792
841689
723983
465784
384977
913176
957846
164588
488473
218303
237091
807350
414891
525695
903858
491359
995447
489250
25125
781129
979685
662106
387494
11654
57712
308927
797497
680629
666986
893467
332041
972171
32280
481201
122309
873034
631469
192260
850249
728329
820023
116906
784185
552028
495648
265127
942730
422771
732412
808447
682348
750400
581119
346571
194335
440268
155566
544868
968012
504373
423793
942989
803294
549335
117435
64342
370594
923109
14057
235759
372855
756211
353697
448808
35285
346706
122116
859247
198645
359365
186438
51154
712640
345489
86560
141206
990092
623533
138962
936278
441272
900277
723672
344507
985031
877442
628764
787499
843871
329810
945069
521203
665367
432570
463978
564
77279
394309
918293
609951
392469
930371
909141
745092
42432
593369
634912
496188
233821
427031
5892
609611
568306
612956
91345
349623
554778
454815
831504
581265
876148
632156
246486
843920
942606
284848
670824
154937
430879
498415
289983
82198
146909
805503
905394
886927
246877
878848
118832
243307
218181
524812
132609
925199
606468
889091
835463
201088
570254
365421
262911
629299
898518
7930
469495
825149
657347
664959
768759
904257
423612
576224
464896
775575
57584
265648
113035
258859
804313
840653
577096
915697
602463
110782
653134
322170
883718
8945
823538
334764
293692
318267
174789
403333
533257
607527
856381
351040
625768
783959
778273
626458
750397
242788
826201
298335
205948
797714
765455
223905
170771
741854
361060
450374
47430
516344
210047
783531
159693
132640
511225
195298
600776
585692
950389
627436
845793
90153
294468
286506
427223
612530
227313
689018
398596
234286
798543
741497
810312
320719
651258
962660
159353
617357
20812
644429
14650
35022
147865
696197
121534
361747
180102
756922
731914
216802
129591
582420
203116
220995
873849
103273
282813
333436
204242
478506
359749
183822
87652
811272
553539
434529
140432
562940
791810
775480
495747
500707
736422
729733
218207
748546
495598
152146
331996
773604
783214
326366
619775
242450
382402
500978
343430
137302
868797
107147
918791
119090
664450
119337
567824
107932
711658
18490
207465
302268
584850
360968
606466
494840
201973
41225
522558
652530
872625
466340
753830
484152
383685
85569
84970
958509
381341
951069
747319
219083
342481
453608
563777
246666
282671
942007
276623
272406
102278
305647
911981
766498
308508
369744
486995
383170
539586
884962
12508
821157
479461
775521
246638
810227
74956
622107
422120
575698
743452
910227
653172
277410
709203
152710
199158
496794
673586
922183
760078
709077
923772
824146
279884
690078
794270
570606
26319
48391
241653
579581
157198
423701
69625
42676
169628
969572
735500
4162
208596
377380
53048
700266
605675
150966
180324
181102
245919
163791
72383
905555
202680
398928
537450
533527
131914
376821
255379
911986
540717
89381
312369
985872
381618
828907
738663
736910
581510
416667
198120
966856
992306
961383
501979
458432
300597
164695
62690
229824
512913
12126
459928
453343
906859
577916
626800
849607
614029
878712
364842
158196
142472
357892
672408
221217
416332
451775
119595
195204
945387
405983
292493
934211
429099
84233
462661
922303
630691
945957
296765
941846
666379
822987
139007
247937
837468
118702
973851
11947
267164
569649
768909
32538
27252
580399
916380
125954
966211
290523
425370
119039
864204
694955
993698
921835
481234
283904
17421
100764
43599
584837
233673
217515
115321
43505
672219
849983
29718
874422
295209
65915
17947
513069
651225
588756
660148
840565
177598
386267
858596
120172
227849
177923
828206
851390
215687
417676
812394
617144
104407
828477
278918
181564
589491
636139
857212
374262
648993
477800
683049
827365
148081
452927
202077
234261
504078
624207
814734
480325
991198
747041
653302
669428
782493
139367
573923
361322
574183
503828
239031
99553
867514
598450
924253
406107
793861
593537
818745
482633
298331
605363
128594
667565
706113
104807
905100
850194
144675
866843
302351
955904
1680
445344
330919
290481
535169
42113
334270
869490
207130
75892
642665
574782
972806
84828
65094
674813
377525
351756
936565
149454
427675
933245
670496
61245
791724
795303
787176
426358
248068
418152
689241
521406
54222
948844
481512
541292
501474
168953
140363
887758
51465
209893
163748
95431
817433
44026
188067
111511
384721
74155
395350
95609
848467
169817
94088
615876
135408
97411
644303
473282
751367
682215
965140
849982
107491
568685
362120
573530
962461
625500
419632
265864
89192
136675
172896
444242
21375
30750
216489
650892
500150
466181
187436
200837
854600
734327
133805
755923
529982
755692
827422
757401
378829
916460
691294
626801
88686
318828
30848
59673
882185
560584
80079
415177
751062
547702
241215
74461
265670
868295
193153
572876
530092
62464
269897
90681
489237
314975
670206
181697
765176
127359
343043
113729
888812
927377
921141
140811
348168
13672
60385
135884
962449
106908
296198
459924
915969
853727
509848
167117
407181
978911
562123
352898
875072
840424
781087
382655
783422
452265
863979
313100
929190
429955
848478
123321
277767
734407
301164
323568
826577
409579
354732
510789
623243
687223
963947
762071
66660
986883
558787
684603
234952
157428
465786
786061
566438
755946
646040
825394
843682
896088
252199
291128
226001
442919
374096
539494
657826
166597
504168
982258
252093
492031
778245
633306
132467
536176
223205
752397
88549
708585
3162
566613
148947
375600
772056
129475
279634
26503
560393
142319
489670
645495
854884
928118
658928
99939
206601
896053
827191
218753
700808
860266
169194
781266
721137
50599
215755
480371
180037
91570
532637
143824
712177
357330
94223
256305
2444
736270
564267
649826
330558
762344
303905
70619
798266
276034
229144
111469
987414
233739
679169
13975
561357
45099
479418
146700
762950
727682
864070
837861
222730
796687
914753
421317
722029
991971
447022
300383
402435
808671
620740
923666
20225
507113
817285
195676
452110
963081
722776
229634
405230
23565
313704
274164
244349
925663
169926
932213
346366
578381
220134
301872
672279
88922
467709
789261
171134
575637
548596
231188
217304
231279
264350
470346
998675
142879
862123
735329
675728
208980
103510
99251
501717
237656
926464
728342
136303
554977
637150
1156
530193
675584
145251
646199
570747
59233
133925
132718
193275
183724
170356
707705
562751
206338
334263
298528
80523
26642
853588
972826
328193
681965
893949
569584
644892
504323
641467
877871
345716
289262
281858
900185
465063
507410
702989
672102
738753
705514
741238
216444
56629
678859
673483
223717
614234
40444
543318
127154
16466
857446
743514
771388
882080
277786
262889
828756
531119
344041
511675
738636
941227
506130
15782
331130
255659
496958
40543
290574
731585
77823
590007
778783
324889
330869
493637
416401
790545
731071
24985
4212
305319
314327
361459
383716
991805
189998
655190
217927
408797
198682
771041
431924
27416
835969
173175
887214
281419
196256
241283
7492
68551
444521
368509
587384
490465
93496
16351
355636
370759
549855
372499
352345
696784
335592
897931
32547
69647
321406
762994
212648
972680
110972
604363
238332
461967
481079
313829
577297
821507
502516
849540
914866
406990
128190
560674
33968
687701
167825
503670
299346
374811
518378
13616
706563
331735
922113
427150
616662
858840
682189
215360
313830
463405
636440
812533
813763
446188
637779
245670
235595
590354
82198
81462
614861
250214
946491
489959
23378
936869
262193
815785
529186
207326
183432
95239
353205
415405
859432
258560
73474
472385
73611
616696
433693
485082
293316
500698
586641
721092
55058
464911
286485
265987
598567
621834
995549
119696
584475
429217
764491
986188
707980
660896
409697
244729
613118
513767
50644
107061
964751
143915
485738
27166
229460
77770
808040
32339
173372
210535
367065
762195
185104
21789
996618
986413
702823
14351
105381
211622
575215
990458
721385
75567
158395
21442
924255
440015
553707
336238
269110
633885
231149
257605
271125
521440
993100
158823
68504
126461
920218
77108
256370
224661
718750
761057
698150
601845
533589
305936
864716
926792
334039
913570
840961
480726
166859
323800
257269
490418
268118
115285
941627
539481
710678
383284
928507
873454
918290
18078
65102
325983
93503
914943
467257
875708
881168
195049
610443
387428
573330
473247
942122
423317
681399
75034
132928
594435
389287
385496
917758
952902
501268
766425
90583
331445
47176
688859
550521
295223
160405
450261
953579
462890
958666
922608
873567
572042
14870
274756
630000
505261
796664
849708
475351
883693
895884
36068
474605
944690
994191
717557
11769
790979
703247
262079
300732
602316
229790
539577
346510
589625
209445
333509
833821
479841
899735
332953
925686
472201
246772
472086
970618
511410
595542
916626
35537
720956
489251
856088
948389
542465
178385
488816
158497
709401
49769
909982
15916
362877
723787
448596
784649
922144
571433
662451
451017
769977
774205
68263
745352
680500
92595
212389
859739
57871
11852
424066
819844
582630
160822
988409
481922
654847
343166
540791
989309
898214
193833
315660
169892
278760
321602
20302
269954
538054
397256
706893
176914
237743
779578
237897
303694
254423
198372
632845
953804
506663
710507
552597
874119
60690
222688
931711
465097
158455
490668
855273
487028
320698
559129
97383
177674
495082
204369
123857
135927
447615
652262
730789
827102
494154
273476
211500
589483
97783
313895
131568
727266
689521
565189
869221
926195
514712
37771
918703
954190
583698
618588
222475
115289
713216
679497
170336
691823
147549
928295
938003
18913
577294
372835
6967
548658
730062
900641
383741
747295
61856
311912
804330
951951
189236
401157
675320
191890
999655
925057
95623
577766
366572
562407
987020
671483
920169
303076
315803
845506
402491
243463
983257
605935
261084
955740
381391
970146
957953
978976
42860
349484
887072
854433
187414
759145
505659
955483
515967
398167
362561
777855
98373
366454
999973
491420
673776
654980
702600
289941
665472
384427
733611
445402
822273
623115
596667
411162
745246
303391
320679
770786
424323
143408
763481
722045
326753
110065
232548
308911
15638
66629
455775
48606
506092
569932
997689
120926
91868
70462
56280
153291
556296
776788
4502
246359
979178
107080
191720
870450
130446
480556
993923
847202
964204
872759
897946
482601
407575
317699
434668
372809
624388
506925
483593
85966
282384
612316
624792
123971
708697
964805
207160
247444
108089
228547
286504
290035
17176
398155
237013
435907
81805
519614
338198
807012
177634
690184
758415
523763
314821
332291
847429
275645
624480
939967
511827
692403
806878
1502
536985
520548
330702
386282
263489
763122
558677
879559
504208
474036
533766
226876
712810
882898
159900
819700
473845
717933
608829
10176
657323
281499
601482
691204
847701
695214
279532
440104
880112
571965
104107
496297
459306
988740
715588
213782
55701
58633
648348
676305
191712
871739
90144
958563
900389
465083
788555
621201
741851
840824
57275
709731
595373
877473
379366
760343
491985
534713
545456
957175
620366
838222
517512
773881
5748
783379
218183
728741
561587
328315
33775
578670
674991
713863
985307
192556
170107
108220
462872
666709
240859
260819
338417
594885
641546
586747
384096
474983
382051
823801
80689
597773
869694
378690
724733
862179
205566
434687
199770
876537
71541
419178
110584
569734
89135
768166
255330
189383
259308
660991
10434
993718
536255
186458
767320
771070
235911
871066
232190
553236
699289
74579
568159
491954
447140
684122
851771
685274
631595
515599
848478
515564
923762
640508
958535
934722
949367
653133
82224
88908
548007
108611
184510
817293
957447
268587
618135
539331
855266
325883
933380
472085
802354
580109
985996
450446
133
475668
850975
60703
439796
246694
353199
199788
135304
103524
133602
114430
676521
812786
231164
576239
906686
356760
367134
74673
687035
88826
319908
266880
762483
597591
515605
49294
497792
292637
431135
760963
330184
469449
837297
529319
664033
172026
875777
370725
265420
803791
517385
896351
186308
842626
426803
359732
207815
956956
86710
924856
502743
295878
225573
702708
50536
900617
837527
868332
379604
778107
776436
497070
19711
917028
372305
580164
511032
608657
323350
526728
337002
81925
91504
807630
326161
5138
418565
56763
983275
71005
655738
577636
386840
205353
761719
361077
999843
985199
500033
699475
280321
573575
601367
302199
101737
585848
306664
373907
48242
621282
404288
473468
158848
463508
555059
284059
790729
298163
492616
550843
184524
30664
828527
565178
286466
373499
549885
551541
264951
243572
581663
412669
617550
804390
960291
970835
329728
59633
812972
907733
388116
662053
170162
701304
572915
248034
103294
753364
14207
143536
47723
95307
292676
484972
717264
835772
628829
290233
798210
854520
871957
113941
14105
906386
497622
414623
437007
460001
765848
842087
676748
880661
130443
753175
445262
718887
155675
929510
81932
439441
90566
761438
59191
464055
151817
692915
965558
491336
959434
785309
529045
642196
104821
317376
829193
133378
966860
248774
153339
509142
256486
413399
400077
114946
812083
899126
964649
725096
821340
33338
306159
358613
55575
599277
719729
984321
784299
50257
773678
267859
811486
345699
722274
382250
148265
640952
217733
881612
932007
989078
55553
186941
807034
452158
331705
942804
977509
305918
718035
723869
256364
286331
400479
321728
344130
429251
87067
39604
392460
83283
670850
107740
267594
660553
638294
677301
486223
842056
806478
434723
637870
946689
749226
787582
808580
635537
116171
37911
51543
778946
467455
530386
737491
403220
388402
30920
774831
16587
522277
956388
444689
324717
748322
886381
370341
25808
168278
370821
581438
64602
411737
598339
832304
694976
724389
741007
71963
249632
714398
431438
557704
985985
839845
249996
426030
648558
923704
430260
771234
193320
276169
310162
213529
437956
357537
326196
74603
394956
74067
204688
861522
220119
371659
669836
175123
210537
332134
887401
598435
202783
35380
709534
237045
409850
723767
275520
577983
528268
675070
749996
275336
108676
912621
68631
721950
784959
152181
871754
805166
74007
802913
648779
306432
818035
782435
716601
116658
927247
317566
68892
776613
614463
509989
716105
856262
699491
354332
10765
321735
850188
814273
738665
570519
437993
923368
973234
331081
526571
114253
783051
595024
217130
212434
260983
670287
582893
828199
588889
149179
857249
144132
844763
311591
637453
277330
209107
166821
12684
104730
399449
915600
264000
551285
201475
593469
537597
640014
352216
727036
877797
612560
555696
250124
157441
861599
431922
118379
914418
229145
260622
783466
526063
500658
264796
702929
667942
703589
522180
819458
369938
647622
839678
100669
754613
728101
779749
18754
572894
673937
199309
166674
292267
301816
487436
785964
153547
963590
106729
662212
588597
89626
611804
895867
97043
821608
804516
713319
586172
388785
791319
938772
973624
646344
353426
691626
952382
100965
663997
187979
22275
870786
411043
226744
396774
589441
922698
804670
683165
286804
704170
916655
435591
67747
190
761607
609729
955355
318946
332091
409675
633311
937476
416711
106115
762281
63161
86816
252488
19763
293060
784771
653544
93717
178094
222074
707350
638567
607545
134394
693799
76920
657468
128712
588510
690176
814555
159850
838357
823803
842552
302887
580571
320061
582540
616249
398873
304115
295900
572593
893487
463705
786440
275154
285659
27179
291582
127006
572142
691176
506231
204477
282034
803792
389271
755859
301932
956188
387245
952521
404091
420093
171330
476554
722844
137317
327611
843790
632612
85845
775517
374055
929628
122009
894406
50386
284320
673261
465108
74104
20001
842970
807278
250095
264168
305086
305344
248927
854227
792826
76120
924651
202194
963647
169545
700339
728121
821582
669075
475163
876252
258839
665283
732105
912230
735332
121959
102470
618947
308493
305612
240534
654815
299929
626233
985180
685813
975913
575718
41048
530053
503356
626319
370561
928116
878707
839019
729188
369310
988637
375051
36525
543915
411031
360086
607873
225560
271607
831675
360238
709763
931688
132791
704825
426394
70134
939799
37822
202769
85986
274246
677929
778556
924453
415066
668364
945871
215565
888412
757715
560946
26214
483584
771586
125889
783851
604651
623935
219351
771528
203727
257769
799571
101111
984992
539248
504505
484046
339636
193611
241463
916284
952349
38319
271319
302525
30479
659737
552099
300871
206441
365222
266481
25331
182699
662685
895912
857561
308906
762856
43592
141158
65743
469070
226993
910945
509907
931952
28575
627569
48303
596729
575003
998765
350913
893287
443832
859064
93664
881871
550859
469433
641493
761585
761391
617060
943101
728110
920487
89265
762581
128144
945957
541703
954989
961533
241613
194223
334149
451464
758940
175129
60964
120843
266487
92017
534790
748485
843234
665127
354657
231249
76465
316597
48277
845993
557683
583233
468084
309353
954686
109530
914262
592874
837819
876258
567879
258218
986348
717801
703399
8961
275226
38555
343965
235598
170198
889587
70528
98418
755037
855398
188846
79631
500460
713035
621606
803851
377230
192101
824668
111366
154722
311232
94056
17359
327704
894936
420632
628526
615076
978754
655927
221290
168982
895514
96854
188094
948230
709696
40406
772831
555585
8413
125255
388135
558848
322639
958937
300006
405895
832473
978998
604562
121916
236077
630113
485695
342183
622501
121895
833037
25915
217719
518668
690278
127064
924521
891017
486895
696361
449526
130370
945286
268974
571016
701629
314303
210062
89820
425178
420717
594330
84442
457438
20927
60377
896593
548841
392676
943557
544903
626212
645099
452640
34456
737945
327224
153900
960192
636461
527340
853027
31147
134615
818148
858540
643722
44963
992689
55552
819771
897876
473520
577168
233559
576407
77641
703912
322458
580526
610927
629858
637920
822885
178697
134203
87830
865775
292378
480892
947168
188646
179600
240053
15981
854231
670348
41467
90849
677876
454716
467337
384213
976610
967820
143008
286881
826076
705855
250420
706415
344541
865713
773730
870043
919554
352626
121719
948663
369736
872604
867075
193054
989763
589049
336982
941278
73192
670545
605575
413798
841249
914638
180740
541159
182188
379469
792002
194097
850527
638215
49775
844739
509913
782306
627276
664964
182424
243840
384803
984492
149620
925113
88190
269698
950008
611187
77940
294306
841557
803818
511457
433653
379400
2672
942410
303169
448720
563624
388851
939415
505176
440882
479780
209621
737227
498897
86466
168925
633976
462660
619757
843207
894586
73243
632736
767103
91551
750800
36341
308265
754251
416902
752896
759552
726767
916696
838210
841146
138646
699460
74375
630917
338595
22615
979563
301977
355199
138609
76246
51171
730831
601286
508363
614985
849712
649864
210782
329842
588170
13530
194466
403158
276049
234239
79929
944169
995061
392623
693342
894009
913614
605850
33401
684301
751693
100637
510739
181919
569064
712386
727204
64889
875555
436265
789094
463888
147409
248546
925941
705984
842980
619221
568412
855959
532819
591800
50363
384153
608276
753171
895682
993045
228153
538120
400690
143696
535985
823912
45097
647114
299780
738216
461247
354781
383530
157107
600395
382145
870312
356855
101993
670776
685140
339853
137221
442557
756649
529118
649177
467613
675216
700778
358653
44059
780220
549546
436674
961503
337521
228469
53742
620200
782492
461329
676142
859707
7004
414130
369593
415163
362638
138068
950824
836940
832451
426844
677927
78312
147682
774250
815619
433689
546494
339401
137036
138774
466167
494990
451
837494
807832
567538
81200
689530
403709
293792
710475
336431
123245
156385
511491
30523
388841
74308
651786
60669
299184
375586
155694
885915
722490
723284
392239
961650
181353
242799
881640
105908
514469
352753
305855
321787
460926
348976
533467
323238
521239
930558
507041
661881
286892
568899
908607
69192
73399
26071
920892
113518
771698
621281
912002
751520
402387
624530
981545
663569
10565
966924
934649
296841
138256
409443
469314
957436
615629
524334
805388
66412
544724
578822
533405
20201
338050
181357
748835
944556
315950
380815
525712
935062
430543
901945
215223
800416
705025
319240
203574
335293
378562
360068
833815
663740
706518
812374
577813
769377
131215
825918
682356
857697
978818
94406
579180
951409
426547
862372
153434
267958
406556
228290
863944
436580
853942
993368
263889
119244
968942
758290
179567
409552
565695
334828
805400
422402
447150
369413
13457
239601
330476
530102
202392
787592
262727
862260
329768
175674
828337
815642
391784
869195
977151
380104
725853
452443
797155
11064
922825
823549
758009
351699
943197
745394
130937
945335
287311
105577
541304
507852
943633
115218
77512
953659
701735
428084
621807
133165
675066
894094
711030
545466
287353
870732
528254
36966
21264
148181
922134
852571
799269
648981
554910
1195
884469
98100
504929
716254
221494
549547
409040
229813
156480
677900
150898
868770
432852
550767
267791
632668
544821
368519
103035
610564
619294
235286
859502
769898
887435
628392
510378
986342
914205
477721
405145
91152
404544
73915
909449
420487
145351
567057
949859
247944
216274
95542
178037
259286
264868
596760
382853
977375
261530
67788
358563
108770
132432
445129
14904
1954
567238
613848
300839
520406
504182
683271
263020
814965
84195
383476
611280
416298
690482
301998
744152
922935
920233
775430
314042
881887
277848
553512
969503
11218
746359
915446
34227
81402
300053
834931
200711
408379
318603
482269
507887
306855
144180
108305
580402
777837
479468
518356
996353
185091
477356
682637
807963
390297
302872
198044
234322
844296
180528
45606
276715
925488
106846
923466
270572
192581
488859
333869
663120
644892
681309
551263
568314
469387
827586
486742
358079
718341
959912
257828
932617
713490
336303
948311
934033
405490
963351
757610
996531
655451
348552
419345
794786
717005
121058
243014
712243
447809
629008
797550
547290
979451
139717
345913
270211
676573
75906
648115
410005
388230
402098
35055
485933
902715
50533
451687
903551
454876
981194
428375
426504
967793
749772
608699
898391
377114
172663
458393
727353
391182
144153
160030
525160
323275
608687
37243
240063
256175
97535
843495
863942
828496
578978
718279
877757
68428
944644
196018
212984
931204
763857
526519
714041
468084
87719
792471
219165
648921
886468
436860
823711
166394
166570
731513
980523
12961
545564
467290
496522
307878
761155
964470
925629
591554
781054
645134
607978
519915
441945
431802
470070
847553
750336
256469
756136
840302
794283
775472
789342
897830
262203
314499
203713
706530
398134
766646
900193
22463
717295
723203
964603
211891
524181
120679
814283
331620
213566
504477
905281
564491
701016
954452
726667
922512
797341
618822
638314
138599
712288
230737
553834
390484
240975
415929
533011
976273
760020
198148
731712
534376
392553
571682
815362
713316
319700
149494
710725
845801
457978
266624
88920
730791
662509
229579
634464
848008
499288
671452
638697
380547
656886
157810
524220
505487
617669
762934
449599
408103
839189
797725
733375
943110
435365
71325
960733
433373
84708
583803
273040
672571
67552
936396
145606
235455
583076
251320
241044
780925
704755
187757
832398
769238
700940
232664
526824
844955
961890
114444
168991
848284
670367
533914
844540
952225
123443
910264
719910
617942
649345
773247
345629
45716
780307
227930
265871
987307
644289
844099
76354
284638
896521
254211
706324
415011
996136
552052
590451
393570
148402
464962
891421
327963
100289
344038
249919
668804
669508
541162
774714
757465
158518
522857
345456
64854
267656
217887
486583
445137
316820
65596
333543
895421
304359
264829
995406
135424
376369
174823
50155
393603
480793
682588
562315
29522
648257
727130
511696
189591
510106
789008
266461
638109
199854
104092
549059
38116
629138
956301
707070
866148
519075
122678
444023
371803
132207
357937
335353
932337
706188
332546
505362
553971
942319
949457
815381
135381
395108
679997
179799
180255
212065
728308
379961
875734
37975
981102
854647
481944
456224
965862
384338
432479
377279
803644
367653
839396
349517
116772
567312
723246
214550
421659
280391
241202
462541
33391
387094
750662
338454
576245
559421
801312
101262
853913
145000
739174
250651
684285
476999
810901
259694
618558
516833
724504
522151
738636
130510
736526
545896
312105
283553
36593
301056
193558
732709
595024
803783
592944
163379
889678
844469
796770
323217
731069
369643
357200
317560
60113
295008
366763
239480
258239
719248
491987
570867
7927
389187
536846
790637
206706
546479
337723
443220
507580
160128
949409
181192
570159
660139
672821
486656
596111
905444
693373
398907
872411
604396
544740
587298
166312
125583
378411
616119
625567
644477
370659
578991
135213
388110
941247
216361
910115
409742
223352
99500
291357
622961
969090
459225
348328
193477
514609
772363
3419
828821
339041
922974
238842
415101
439952
742519
843805
674045
28063
938367
226102
836997
965468
689604
957425
402981
385856
667653
303180
547565
968009
908024
627087
35050
724535
150056
616304
433668
819341
364671
263850
223696
809901
191009
490936
745656
381232
156954
507061
176915
719629
942016
187028
47274
831419
772579
444852
824615
965866
84051
988711
21687
234158
886743
336514
90395
547102
801763
607406
250270
81000
231952
453545
840316
300962
406671
383937
248898
35466
311377
689795
820783
422503
762042
231960
187535
996941
379544
545096
488690
512181
379723
301721
98088
574611
117019
979488
317401
608784
245238
308366
940844
15217
823813
921433
498312
900418
532070
148766
501796
888765
263053
554268
731505
763863
440772
594468
931596
981963
784681
392199
721496
811695
898764
3516
530436
553730
869716
797103
440222
39026
580945
813451
886043
553892
924559
291211
732433
925438
863351
887846
805098
566466
259645
265415
470767
306015
841046
936224
353760
92138
833809
680168
688796
159035
650362
531259
13351
411000
288441
366877
90102
514974
220592
52593
821731
511957
571101
792676
315483
650103
315423
752273
618083
563081
526485
271728
824320
717269
656309
511592
448304
864169
760656
978329
185960
593611
236254
951667
2757
373346
663377
294313
36260
342205
769270
54740
426616
779363
318798
924225
566183
92550
354094
556171
846614
233016
251701
974685
137178
455995
503950
55050
130562
609332
531097
512051
409220
168760
397485
589373
163179
801889
532201
438615
181532
799525
282379
957964
983876
648270
100349
274813
486217
406887
190441
894250
947450
429706
57502
678293
527225
5901
848543
914549
401788
321273
561716
513464
182192
300864
530791
13650
152109
703858
197875
93438
845204
542881
591586
658466
563299
247240
907703
831253
650521
250633
652423
55733
12854
192892
506552
184487
620978
524342
477133
819149
979468
178326
209799
277575
650005
231807
684211
388782
965412
494039
525697
103189
768094
136610
991723
903347
292662
368100
36862
737710
943384
520213
327854
686200
604658
939038
563426
967477
566270
807153
724742
33721
301927
272680
457834
522924
340079
437538
209025
954714
797832
361452
745482
87817
741061
453550
839466
356692
26964
372327
72026
532372
252654
33443
45422
986137
657519
83502
361197
793823
326134
263532
38549
790274
332948
189749
220799
91559
949403
111982
288141
214249
831253
108606
115044
880705
131127
450935
523188
904909
850362
134947
478317
187416
730018
828172
445722
56803
407920
826253
103906
990133
881449
799264
716095
296741
699353
981555
139199
865400
282239
862471
680830
141373
901050
631876
250400
379973
204742
30004
259924
131127
768874
670673
707099
422733
744118
764452
748894
182452
569482
45844
377007
228152
378222
626565
460284
582829
655599
403972
187729
471055
277572
425309
216784
568141
940482
541289
48297
866999
453396
721793
134368
700154
46769
587419
54026
221787
292755
772112
714159
387662
561018
313561
795325
921203
226097
715043
528820
914679
508611
435375
159688
800152
28717
547169
395751
696516
868660
320685
937182
175270
555508
426866
393708
235412
674491
358409
819978
415088
338587
346309
171717
287555
521016
933882
747652
402819
756657
105546
177007
644471
440281
211467
988900
150576
911820
481533
803273
612471
172207
513678
313021
152961
539147
483457
43355
111236
333140
978531
311981
986910
709676
622964
120906
544234
274911
425454
842876
631515
596217
352683
908846
512776
984071
313096
433028
502245
27309
834063
404050
197613
334100
496522
6746
607066
109397
543447
237043
592906
133826
830392
56083
913747
794682
962056
433489
994822
300322
969574
429575
563663
197186
343607
723780
619154
681852
578215
872956
158872
36178
893418
457149
726847
340730
430700
761813
659423
570626
678450
248445
588
509420
196942
427962
979303
440365
313132
593435
193023
24084
807667
368793
96994
978739
613314
126491
639496
684129
925608
32643
691606
492547
188174
420503
749950
283258
856226
54088
929904
637661
926189
749381
237821
869747
245038
76248
93931
953011
38417
98840
688597
56639
92822
746942
376950
118576
488205
631175
478484
308446
413211
760574
422030
52286
818702
13818
301379
545371
446980
131556
497407
373474
707353
899985
50508
6627
232626
772558
940894
447626
33203
384610
87251
146869
683523
321016
396003
282062
943218
616825
910772
901385
170671
736688
636290
30307
173557
853456
253406
245165
210166
751397
940886
126552
202771
221399
235049
996970
732905
74878
604219
615949
295681
976593
170565
168152
799656
800100
350286
270006
557798
739357
616968
544535
459500
28605
320615
622354
963570
13445
61900
895487
344697
62527
564713
512277
327939
863643
307387
467693
733666
96647
6103
471388
67764
374375
884298
31758
846204
608272
165429
255468
902493
245160
481525
362727
546700
702672
918728
61153
911800
875492
229908
79317
310547
455692
420042
852402
414814
926011
821749
515818
732285
747407
104569
855007
71876
416353
112070
585106
886980
643830
147418
980157
553266
64315
782963
847753
212314
90265
954925
257927
908968
313896
810119
119939
490670
979819
146699
794915
533398
969999
752565
881680
498609
107108
308546
667560
186345
423024
998382
851084
819989
353949
133666
916823
969261
883645
109042
202136
100316
934022
749133
722578
939176
160092
716002
277309
777996
280322
550092
427448
290499
64313
808098
399986
183719
918335
787608
105147
342546
927192
986833
312151
352267
631316
157269
634562
813117
198556
87920
95287
214799
342827
988078
38490
49604
60711
63662
888345
294106
351111
664221
342688
839414
27511
661453
936393
751181
883000
426849
82341
966674
349245
417752
205175
541513
234973
585812
964287
901513
340965
480751
863344
734919
778995
84792
203255
353195
795552
536783
247146
691565
159414
591924
241814
289522
282549
242369
446031
835387
71729
726541
985798
489067
132925
71341
896634
137639
378618
757853
597376
593678
562888
556562
803336
185865
381730
169671
529874
189954
695844
103254
5318
667006
157245
679711
729754
211467
256647
781089
887954
559093
188705
639676
258927
871129
160083
602831
261102
750776
329105
68057
186063
826942
632968
298433
233523
288359
714941
766385
759270
80246
786203
385428
67982
176381
548977
443482
217161
734410
991182
728952
727131
947189
335375
732193
531976
243829
603141
981783
876748
983495
300101
733294
893399
647992
194964
121756
83335
317245
591828
81705
369268
260642
832910
203305
94359
865687
825670
783718
862465
176136
937693
19711
247578
282928
224448
704394
719949
327693
656917
355227
723181
666357
405851
475433
288939
415357
101701
668047
859077
788487
894277
867087
648990
647273
436662
547327
40150
38383
290929
722728
468011
10744
561738
727222
940790
626165
99151
270790
870503
942453
331900
808265
794220
665003
550655
335234
79890
751786
234850
485111
463128
739364
30385
51030
724453
523413
661396
570182
382722
780278
845997
592949
981366
815554
263483
384749
562849
251214
998643
918523
896255
307159
321589
637213
700420
746105
973748
613110
651593
832458
262358
210450
490206
616829
798341
458392
528156
982591
406640
913290
878421
660090
425536
877311
575644
730260
268066
428682
591162
818118
291921
622033
652906
301645
540266
410360
807159
805871
695447
884796
928924
553989
633883
190266
288367
565018
600307
29299
980634
646200
570716
352547
637238
927655
485127
67239
510769
364112
440848
652605
325099
164532
711997
878688
996279
588119
198935
394437
939963
256139
71027
355484
58698
22441
615861
470884
115874
792061
870927
884690
888618
680464
640204
160072
599665
629803
242269
728800
353875
831686
92307
104640
762577
810281
204494
465722
21294
443115
18178
306578
417406
682919
823321
883998
58659
93529
958736
567164
325179
17537
877277
31796
600917
915469
125608
941602
495801
875623
966305
122551
402658
367457
186371
296936
566960
61918
646952
791496
992275
762513
373487
99200
163708
73284
789653
945972
711127
623683
909454
567608
556262
820150
458906
834564
411138
78464
651535
999340
807551
101191
892766
382972
224082
249245
418155
896794
908924
813897
482792
100083
260119
911285
588015
220213
12174
160949
879861
389109
288626
770127
259416
763922
668017
115100
764008
799656
161459
196721
810070
110517
653678
521906
134766
659381
726563
837670
881994
596610
125790
290767
890841
150271
114734
210811
906739
113889
852
249997
703954
643776
988192
781534
742103
794063
810468
951038
844773
319328
972787
258340
486358
676463
277700
547956
83311
400729
575554
704276
638710
4233
175378
793850
435893
975746
194964
85464
633448
517825
878609
666858
856252
706644
105368
900419
916826
500399
330046
235180
115593
980486
392763
58154
633920
51607
746454
484792
257399
626424
320991
613656
773405
460347
187940
284323
485090
1516
198661
136480
296010
674978
936165
835426
479481
877692
404946
340124
258942
286549
483163
257947
467910
873644
810623
454741
444770
717358
533896
616069
214982
178046
200724
944653
713091
824714
962725
220085
66006
245850
201421
457615
715636
992077
569033
5376
64939
371116
650318
654206
503163
249195
841057
377345
811648
871878
215703
702112
299821
331453
916463
642473
315661
738739
658651
699144
574999
804210
5884
207056
194960
662479
267244
443068
396517
668129
841026
583261
115104
339038
940522
585782
142789
828234
533770
881914
414327
408379
650697
198134
107004
519191
769266
559451
802485
59051
590957
284114
554930
573230
602235
456952
205637
420723
802981
725326
169960
886294
960363
737602
955657
598826
990165
955090
438056
936385
885872
993710
973053
692944
175982
279700
954453
641065
409585
970614
311426
570079
561577
357858
432553
973526
320348
611436
813056
266952
689513
391902
888567
992684
387373
111045
501089
436500
165072
384223
991743
840456
15679
406072
918659
253222
351346
464240
242328
560666
749269
666474
942572
316800
244440
359164
101580
225459
833024
186187
897149
926907
908794
944776
906848
671293
926897
148765
985720
239957
125218
879330
521941
339844
567482
533668
640730
524177
711343
719445
361304
251227
237336
314088
500687
896972
32628
124607
251613
958512
119427
224785
285915
886815
649787
702100
717533
843905
174840
169229
335487
243074
900352
753632
656866
299988
684141
455144
7748
85642
6661
555590
861828
476152
512559
164877
788439
978714
454832
44799
985531
598674
459788
761668
269116
149682
968068
778600
452321
862701
35993
701053
146708
628051
825501
442024
594632
640430
928169
447446
917845
129621
679129
619179
215756
531744
817490
905780
211700
295795
902790
710468
325751
591741
977577
956346
514547
76352
640198
989344
619324
408368
151098
167827
948096
323453
781262
176383
957420
264778
976711
324649
744536
97558
737791
116091
988188
375640
725386
772712
808168
235950
757775
45489
906145
843979
909226
184697
859891
311475
281588
320358
543602
433405
260576
510979
994864
368528
578446
432412
19565
752005
412342
698363
125797
355826
656122
955577
497213
389955
58848
318138
223679
898321
705246
784646
235920
196522
821677
646581
536727
174268
476336
783608
465103
927657
640895
799135
529175
277771
748481
102648
581012
547595
249402
208639
275842
345267
372547
810721
826444
348682
756206
936765
466033
891197
532480
754260
395725
708568
556653
934295
625265
930306
392751
580915
284439
130846
683576
374535
311925
171577
865429
456545
346035
116869
35508
318357
574507
840365
452468
806632
777360
556232
69257
419567
524401
439786
333410
35151
26809
25101
259645
721629
775814
477103
289777
489832
548986
233091
784255
496569
557203
182519
93446
110414
118466
909361
647668
980507
120114
67699
680271
83396
965627
253385
684281
992241
296147
210266
733764
229405
67787
279567
320100
874868
941318
759407
259663
6844
190260
98132
242988
700215
865323
38785
97971
499428
632412
843858
43981
173611
801529
675272
691250
499300
815798
584144
361356
519243
12930
529522
352210
243820
408766
360641
898058
45237
358174
481397
997812
370763
541132
122319
452680
464187
418578
733994
245016
102865
193559
128559
74648
957542
455980
543448
600482
190566
970846
134950
812376
587407
560658
256165
886679
998023
503865
541607
87981
40568
950673
283383
45259
120562
256748
327124
744509
523804
58684
120934
657130
375227
997288
823485
724474
279678
768999
170986
327520
227873
518244
820966
497590
50082
307728
844957
298624
854013
355070
187901
434856
711374
144045
366633
119540
577172
881062
825120
938396
139802
502427
242657
234512
788327
642446
431229
837514
645294
355735
399504
759218
931204
931808
388464
79690
354442
144806
451822
154796
37508
962992
419525
471517
621140
480059
198451
650870
348121
785215
438783
971101
486159
893507
848864
857392
879778
115505
545553
974007
912035
272318
451156
334464
974153
648061
956447
809908
306304
68364
971622
542389
124909
994016
217230
28851
524309
244994
508817
359653
263652
619091
433718
541519
868642
51553
12252
442037
882051
395538
815480
432894
717268
205994
780083
207406
668889
179501
394716
538435
264762
591848
749270
971068
116309
783555
924852
185335
155887
630756
917855
472100
56617
499221
838541
181953
198450
820178
112679
887465
820654
936872
536465
20018
367095
633445
913904
167110
784000
387066
993865
232694
97938
587039
729289
585219
453741
270097
90282
431517
320122
60530
668111
702463
746679
386052
94311
958993
930563
349686
412668
983299
577094
190863
456325
248976
511836
255329
294598
570797
352111
495502
678562
276168
722460
145979
284011
917122
481126
853859
149334
511439
836395
140516
59469
474817
763355
766439
957967
990099
539434
297995
503100
15620
56290
26458
738443
444778
886594
916561
974254
975653
159047
23099
552612
811119
110400
679557
911480
810443
459240
160501
689894
349371
4015
503279
964862
799398
605621
342042
846613
992094
373777
134576
916151
738823
797481
799784
600225
51972
547456
854194
109363
955443
802718
591601
667731
176953
494816
195928
243938
5227
681530
801883
166011
310572
355582
170276
829801
169356
895704
52930
262652
567381
165767
73598
545150
387285
256882
330636
291323
776000
912608
410481
629339
126312
655593
915248
524995
197559
195501
796248
967848
239427
816344
89175
151044
946977
673027
318472
627476
544685
476763
429868
27987
927980
623667
180771
904515
285474
608841
627229
476688
261193
110133
720501
777766
557774
962680
668070
326190
527785
376971
223533
181212
727158
661985
790348
460227
890104
800816
480880
982755
810841
506185
162496
327030
913332
584348
916232
808872
241465
744115
244880
846457
755389
365403
169248
116062
429476
930377
736848
354887
42264
731835
128931
561862
698301
28533
107293
722696
296436
467449
803050
29695
903853
870116
876119
462837
923595
665142
193213
486837
648412
446256
906832
116448
269691
500933
296639
923147
31138
169641
743083
109762
114777
489161
648058
643559
338287
723841
426172
566255
213147
838464
960056
762272
783126
88266
174926
587535
986369
486115
664853
273033
834711
861585
19354
143212
458022
276157
481336
13841
527842
422355
584820
592192
658149
392898
257491
797917
979395
752278
876220
685684
21051
598820
156448
903369
697611
562890
902674
291148
743465
624736
143825
877618
936854
628494
470649
268536
984922
949596
257459
134981
676560
696266
473733
449755
845863
972471
279898
386547
839054
440056
898271
669246
91436
774658
888209
373370
144536
454078
151725
314043
513245
597590
673167
344936
852661
43738
320956
567701
30276
790473
967140
724771
924201
93337
405921
406488
503388
782176
336126
334665
103449
684782
988135
395953
161359
397938
80599
976551
739773
482049
963424
258476
677634
150132
964526
552635
619793
951726
216384
707417
3299
488644
743585
953526
158560
90817
930189
238953
480734
721458
344658
889585
514615
525977
697407
514808
605727
374226
963253
916949
695803
152892
360934
767306
392220
866947
591347
11261
781852
550684
155624
439520
454936
375496
203787
506455
154714
368033
867255
87172
755878
893102
603109
600567
22665
43811
905324
824678
942622
537397
818724
373934
369473
96510
162940
633585
339112
199075
460935
497596
847730
933386
828980
216451
138331
33567
854631
68778
955134
839363
968517
700694
982303
196053
126777
734136
751757
809094
602492
247273
855051
229234
6722
787672
804269
726558
229712
176686
660853
947821
755105
794850
204856
927948
965401
24906
772263
881300
907653
532164
274306
638034
82908
343979
32284
316282
963198
464071
274266
46545
879138
378126
706533
611078
331340
405652
950915
346886
148748
217524
943875
741661
79518
7706
952268
286273
259785
934504
260255
398420
113594
210652
599428
851478
300960
906210
986588
822069
5875
532912
733114
345187
975275
627457
366468
573378
657518
276821
967789
790104
238025
703511
817142
4298
736240
498942
732771
784397
387234
255935
530882
557046
536070
139919
941260
313142
750933
956379
243412
405779
573411
820142
774212
976788
96528
71226
469781
963124
889660
86489
863086
938676
991550
915187
727881
585420
322208
393490
548388
93275
688805
612041
998644
574690
501574
990097
567430
422917
374963
321659
209131
695302
978352
806517
618560
495038
960958
768980
209785
242840
361966
377434
64655
55634
492203
939669
296882
49059
398304
7928
384958
763519
50332
162051
528171
946285
828520
564649
292681
851306
559477
241927
474548
772969
504322
874405
740681
286387
681138
77181
480200
601092
676042
672858
352863
960625
757715
273592
120558
195600
360787
472582
564203
617506
679462
559943
125914
798540
920601
935976
159584
736470
650938
612916
44352
613551
558153
93591
304273
205866
948315
952772
349667
136199
723500
135047
988281
794745
702284
757700
581540
40125
515980
468982
453239
266027
156037
513441
775415
647167
956710
156301
642441
743800
428594
243204
597193
995239
202065
1544
910027
86975
854090
449039
121848
339661
80866
467189
47117
799309
704407
606911
566083
685161
78555
927894
636468
336507
650394
570325
622309
319707
627145
66459
941814
684130
864831
812281
496522
643899
258045
650451
93403
882340
390536
883721
611531
410874
732657
859298
61708
862179
841307
853801
431990
434964
72628
576446
723624
489706
526802
381669
492904
766984
319202
706875
646845
160101
627082
669058
375675
758495
195027
577303
826656
79515
316625
148968
611079
81184
249292
406693
228243
143296
738511
830271
899568
524015
977869
492556
610655
187650
961738
953694
865613
692202
534201
451825
142470
804619
704684
967327
755872
146045
592804
922365
285060
267433
53917
554506
532475
739877
500753
102250
499279
142463
453473
986160
985812
292715
465729
300692
536953
389250
190585
620354
274831
464352
531159
388583
390998
207417
491355
401811
711498
461384
400679
646532
389334
465347
571099
926926
292577
660195
845771
306485
100814
650557
447386
413418
68686
277655
865557
725031
519598
632529
974101
370098
189764
359371
567464
845832
857190
842154
827653
318494
27975
867000
647623
379732
343754
979751
275438
336192
431034
70055
666355
759275
537793
619560
706443
472647
475608
468683
10597
926213
651902
857697
761155
303417
231911
796766
243701
948325
179426
401225
546087
403077
307998
240476
58089
189489
25980
996615
871672
190183
21884
786159
209238
572284
22292
816307
674757
389937
885263
504863
947785
958371
749912
245037
301236
983850
333098
687667
670850
357773
522532
620986
187533
360961
183454
629296
176492
619159
649863
43278
132188
328808
619360
540950
944943
731336
635333
739731
889814
997889
183563
694238
290097
548957
894254
242573
120084
944923
811592
920862
452237
675891
880788
690728
791914
519488
293427
703540
587193
228226
945900
876405
594584
117672
214620
133456
548888
415591
756368
152182
106165
609488
313513
745145
493154
219058
655565
210097
462736
997708
188100
970379
788196
475583
331822
542604
999807
762569
746820
174865
978102
486255
923156
175715
634296
86970
903412
335459
73814
71987
18788
647339
501713
981790
606732
777607
675870
402684
615769
287638
209518
58565
76675
712095
509398
387196
879893
346449
436980
246808
248182
958686
536836
74456
938029
154979
401897
523354
304690
127528
742152
657716
666991
706127
18252
862254
78176
260027
180563
731085
724595
778595
852870
907398
409676
836304
680456
809454
713792
244636
210271
973396
617980
481486
318450
125487
470607
712818
585948
96643
112703
112017
155962
210445
999379
735793
819123
767590
439929
888906
798775
721148
260092
397227
502483
189051
909900
278830
392491
604670
437623
166359
943984
321984
472755
455429
924576
250164
599515
828555
950807
559877
968334
923770
148519
480881
869270
777528
388220
141796
736250
3801
829621
177783
538368
531607
965001
255493
678646
767539
160747
714624
95978
166489
809803
651711
550800
254942
207135
804175
735878
125333
287189
478956
797070
428682
16776
93619
646148
625128
751957
634316
64854
887254
927890
2641
68309
788029
946133
261763
428139
792570
560009
504001
534174
486134
164489
901549
239244
885021
850408
921150
344185
466771
956450
259071
925091
172716
981698
825339
176858
209810
509703
270429
554920
978592
451176
521450
723523
668247
398730
816239
348731
310865
383521
991704
683377
719505
882372
151200
31604
432574
853068
889062
469479
118670
767979
219567
31336
772137
83108
617941
478933
465132
94720
350988
395898
38318
837601
76726
892708
248662
24614
170413
954394
196464
519542
981509
239707
981303
302270
374234
955159
320043
63715
553121
635556
614189
620241
229272
274858
478740
938155
542655
132076
919673
583218
986394
345902
599070
387949
713820
216657
893092
762635
37811
994496
628377
892256
565848
644210
943832
272087
571542
168961
459459
360962
395652
313784
824584
654029
780784
510099
352231
972085
215662
470352
62159
297167
235549
740324
732617
361018
65090
904355
497473
111458
383420
443955
492024
357574
40613
718802
215016
906325
671119
707348
609857
728319
465757
790628
865570
86732
126065
209189
656452
687984
483393
597423
728057
795821
381868
444277
765710
963511
380975
572201
902467
72659
900272
668683
168088
985552
281507
427429
203577
701179
38828
489028
560013
748043
655922
569417
83194
834819
569837
775977
205246
774950
262532
190418
665645
559764
12468
772072
517761
332568
322922
218007
830982
32663
61681
23231
131843
932575
387229
926733
636249
24599
711243
165020
114124
309479
801564
722783
717855
754405
365852
330472
825393
590114
812233
80825
546478
900624
962391
517362
160549
688740
286358
32177
222005
867290
602983
820650
34952
532241
830062
759855
601043
520577
827319
912732
341159
178598
670487
68162
572334
908604
93783
12097
861144
375271
572801
289753
477900
70554
249015
494143
469353
241882
61768
83038
666475
601329
955042
123604
83282
799469
186861
602974
326027
652028
472
628848
301139
154546
643703
432052
165507
947958
913223
794276
389444
908205
195550
696359
56985
447658
613315
770282
167683
560189
737024
935126
354630
652065
889366
12975
973707
798240
99317
726482
407446
733561
709705
390418
852231
576831
467271
947801
997396
709627
453798
478573
419172
911476
698632
780546
61790
444229
98069
109080
181820
588464
622718
545297
921575
370412
433765
717911
345915
981988
496993
480484
182075
702334
211752
183212
813668
6160
611458
460560
602508
454116
1572
762748
480704
220212
914423
744840
310138
810957
369088
737877
369215
516049
687838
491790
784569
897105
891847
699194
359058
73535
781589
686697
295539
673075
31002
855122
137729
736614
916066
27224
216223
469151
184335
96500
179709
664158
940400
771827
744730
710729
454107
250952
638242
879319
908338
194826
854794
877271
760763
585065
52857
722171
18079
256117
903357
972187
234585
664322
589877
157132
877249
898920
245881
830764
847176
411629
708187
692412
361338
540202
287354
55669
226701
978224
583509
105104
369615
403847
907880
101077
913663
117383
8151
331737
626845
194520
984272
648918
396643
12657
916226
692307
425687
856210
663562
580881
438500
661635
859103
644220
911374
309075
411427
891635
766144
618842
15828
634241
860034
864363
60992
666279
517897
501389
147432
829611
74606
298165
266078
626018
988694
105829
831807
588381
993178
828445
771809
910083
968938
579398
320343
459249
709059
728946
350630
861704
21006
210220
478930
609463
46965
71634
115309
767502
540138
333348
990051
606003
951795
411402
41332
699128
22485
785963
874214
649551
710428
131328
368954
383126
469324
31351
665521
604298
498959
903370
884317
958525
380836
489770
538923
421647
623522
394007
412687
696234
795302
564397
263612
914656
580530
885133
506361
43819
573178
789037
740228
334012
250503
674137
591784
648079
550054
8148
991297
986158
374083
241304
839931
495887
906049
366187
628906
621466
181335
915700
244036
312723
395919
939076
732051
809962
478509
766510
531071
896133
533577
10906
686529
328133
270493
272348
788086
220511
351229
171468
453631
783416
71733
257741
280634
932811
548589
530567
853461
102692
462564
568521
897107
515218
705436
109903
87911
407757
224991
458575
623204
495675
988404
465488
388373
41234
240
93107
182400
479122
311187
986589
303770
449200
440898
140644
656494
503857
599532
899225
288994
423066
819433
283703
809559
237334
806273
553796
746526
107510
171614
824052
67315
766448
491915
945385
188443
944166
224291
418510
493658
631124
679462
972452
44167
985483
178136
937491
85251
764475
887535
253039
432301
726064
571604
148197
476010
854932
515440
222541
225658
89032
718826
175201
819425
855920
903925
171647
771072
758252
238556
668983
792962
741488
130577
733561
76329
702267
58516
323143
562693
93666
13841
517303
478434
82704
273328
64825
99154
929325
733838
524208
999345
111561
168854
388604
808687
592859
93911
694702
845318
789889
869
416789
820344
263261
793831
579969
214125
984616
89322
262575
307587
71397
179577
571750
156419
580952
167897
583257
593329
490119
938936
562941
610524
487649
110422
856401
858640
646553
674574
801600
866637
419299
640743
550412
609412
320482
964646
19346
714349
577291
382921
921068
962424
987621
176807
466438
579339
349819
845513
107175
735225
258130
191543
66696
592578
996758
384629
858304
639588
204256
650175
76202
457019
827075
328526
170674
286867
339457
69728
472375
862292
827355
908308
236588
277871
7794
456189
707040
379592
753208
585586
649968
918766
685031
543093
158251
128944
763096
164874
852678
354494
921315
927409
520464
10759
143851
313461
831999
87147
554364
636089
853865
369878
573031
251466
284790
335029
794919
360052
470960
879758
641149
660764
98784
465507
256221
196847
782565
741966
94557
180297
374696
447915
16586
807892
639824
186834
982695
342230
946140
720924
560748
37439
53000
524428
219913
277781
774765
230841
604276
732853
728667
616635
734717
59653
634781
569523
253761
248477
79720
925843
516078
476596
448631
902503
268492
345039
535353
864812
807698
525340
736122
264682
940449
141973
72560
841171
303862
317611
125605
626837
294837
499068
622876
431809
51728
153294
581849
933422
887900
563619
125816
802427
235386
772963
621431
400482
210462
33748
283263
180225
958528
837523
9739
210293
696602
834250
80118
368687
750486
192627
815923
259883
487081
785204
350705
211469
263824
293525
321733
727213
872739
301861
925398
605
755393
542258
615350
966448
400255
541764
271990
743158
384325
890093
262697
460993
698430
127083
751704
933727
844656
419278
392375
899124
541000
729442
984276
94171
33171
26471
631208
123447
570694
766044
835348
117956
349086
213045
113048
119465
880499
160379
410572
781427
52463
126803
497143
50361
988213
895628
283604
411785
787685
733578
811399
723438
879328
960664
848130
57268
464517
240847
476685
115749
420307
496527
427052
271990
156384
357053
246804
881588
582768
270430
253920
168357
290697
341683
197277
156171
84467
184515
835914
7937
646639
892528
785666
139041
106915
826334
366455
346561
480731
697847
435859
187034
763026
546472
405657
906610
370472
592044
944073
382353
308083
962105
928124
845839
814720
859194
448401
725775
697849
744780
155031
982951
624721
621275
779559
411515
611188
55600
922205
23002
747550
973991
178726
948074
991426
634112
862676
40991
234132
429566
30256
462366
179997
442214
803545
493569
826563
100329
204182
5638
990633
842036
440978
32296
708546
890133
503419
99381
662629
6546
398818
332900
60233
997893
605526
689426
746820
247305
913046
829442
401497
654072
458860
194695
26339
294439
323105
141722
431052
46743
787274
430313
545127
283577
236425
752984
679862
238068
561065
224514
803610
274615
511929
200623
588772
747019
429066
121093
746156
485747
332209
700257
723754
527361
405750
708744
294014
302598
247210
922633
696273
740914
58791
836972
652607
7967
798456
832096
769394
864460
947462
220911
946737
891636
466286
938287
716570
868000
767327
573895
897555
915691
246505
89086
224060
285886
19610
17896
95024
932692
385572
719
391822
825839
155091
399219
20910
379476
478545
493965
64263
776221
795222
890266
944277
423064
77832
313137
65140
712896
381850
231004
549757
341746
855412
640849
708567
893799
902185
619024
632234
515146
857202
754527
194798
726511
725388
697759
287869
123401
328903
782751
571405
585106
606401
607094
693963
227034
798596
847204
864443
611909
854475
193459
217688
897119
458524
771137
216046
645333
37050
362551
377121
530012
402850
526830
902576
518021
270854
481528
938886
244555
97474
59945
665809
633408
243323
37000
213545
209012
814179
355857
296659
948947
749461
255934
959399
575749
821820
239936
370989
346402
342836
945463
220440
906607
384348
896004
491553
836022
189459
282031
144444
498108
501740
735885
70851
781299
27797
316414
603823
911743
601337
787917
812238
300567
639644
120356
122118
167980
308438
874043
134186
450003
588383
936730
348717
765
555168
591393
355170
134634
118946
719504
406772
847316
110447
498656
421290
236574
173536
179932
903818
495155
423765
48001
251688
23769
875391
622840
590285
882011
698098
441473
348324
96400
83664
38707
546253
781713
524290
533191
495501
583506
5136
906261
326533
73990
908417
222725
803249
232137
55425
603621
958196
516582
174970
195350
708956
870923
911497
923144
304335
290891
424804
261800
654535
172045
312289
331148
804990
700045
308797
692984
373208
275474
771651
436839
354110
949719
775764
67455
153002
787983
975116
404378
857276
568268
750183
448306
983444
458889
857413
326973
140155
139560
538707
271780
924184
909953
682325
143000
156542
352735
950430
603268
60587
99545
606299
248412
118970
133011
923908
32511
492386
279536
717947
326160
419517
665913
781645
401564
971035
755179
94012
60228
87719
83352
759402
614018
248305
925534
920350
86556
967030
13360
433291
95246
804128
413062
506910
56530
780250
623849
374852
545696
453105
15269
984222
627374
429410
250781
754944
444344
387872
508628
583311
181711
201066
887828
900771
623118
949759
833707
740832
60486
849130
492972
995100
457628
587353
776009
525691
580832
411021
180392
65684
788231
572215
31667
583332
313003
185576
440983
282675
191701
633799
121795
962473
460625
297725
439423
63785
365287
361502
8397
268937
888848
89962
25046
52586
460884
176962
705453
9947
986615
252064
81047
580938
254537
773517
712354
356961
817573
518889
537488
920283
510192
776326
705535
42825
824261
675682
567005
268200
335016
698707
52943
883159
355698
776821
581094
907796
466230
952146
967138
434674
161375
580233
915308
274544
708459
30961
131876
874407
925041
216262
819505
596237
599192
742643
557765
311066
797482
99629
106081
679252
252874
812776
611565
988577
852159
937875
608567
967059
474438
131384
536119
791937
535017
208815
363908
832788
488940
999420
139483
230804
705149
187154
508196
74197
775801
292455
616462
290055
220729
966024
970640
333264
682402
671006
98841
180483
399748
439354
51601
92092
470806
271143
138204
107316
537735
535961
533411
540984
188646
934791
458067
268294
854844
62150
362038
820780
117893
982688
196018
746244
449528
685864
84305
225890
621789
734609
50341
744181
743492
639921
548138
415934
530752
407779
47903
495701
32355
892929
360972
721340
661817
909014
562874
218970
782987
583193
776607
893019
447457
355014
605936
193475
657057
965251
323270
809329
159518
692776
786735
483567
732570
652977
65866
733600
502580
91234
406745
367545
755658
317122
178799
58862
973371
978814
220872
893494
743357
34740
587511
927308
516585
152827
952061
699130
690607
932548
577969
678979
929352
582691
453858
882332
711238
709767
102802
951135
216467
102154
463745
863560
554616
691216
745402
873609
252393
638656
454913
918565
974348
171603
75873
767111
469029
945488
994189
259390
71758
884791
751065
340410
823679
402702
691221
784660
234600
895511
766841
483462
46783
362120
356608
997202
727062
817352
956221
184746
243220
969494
658746
117142
889136
806791
434324
713758
585711
627689
462098
442196
994280
884483
722388
628285
247424
470287
347782
679577
900927
830709
207411
438825
736171
225435
217745
102321
363613
683087
705580
210203
737282
626872
606785
547568
196143
147465
865664
125722
651575
730552
963033
318849
310251
23522
936284
407218
2133
560852
376555
648597
780401
947123
92386
28048
399925
539205
693790
709894
448076
85358
757112
115638
996710
284960
994909
433904
51243
645180
518373
694880
844825
237451
883375
518838
486469
338625
810495
444348
884837
611493
540351
294447
926580
188041
51951
881439
277315
242274
298253
803713
78582
543605
543051
771685
914311
554832
866958
228441
66231
159279
233608
851052
607577
382554
528793
288985
222585
9655
332947
36787
118491
716953
107965
909273
347836
651299
265739
364652
971041
672535
262121
12492
677957
497105
700266
908415
626056
621543
756432
844893
78774
234116
634324
791092
876231
960456
323404
695623
155562
599084
526868
44608
926075
107051
450133
600992
516257
111840
702908
864992
701446
538841
578538
503182
956086
109179
804433
94396
246678
671118
202096
76975
436867
391433
193600
853338
139324
79222
665757
160117
752226
396634
977191
697499
482345
834346
734398
420584
573695
880937
226840
208833
186546
885849
958945
660492
274818
766528
742534
43390
121248
31701
159813
852424
279421
858953
450247
217789
782223
351873
551277
315262
981714
235476
955690
303644
7847
729099
959695
717467
509451
768163
368268
192707
231087
359205
649509
956035
372629
190363
580363
997337
433641
973141
448251
534554
157396
933234
408740
861790
228040
404611
400048
932990
665638
212001
839396
993383
457050
247787
784091
805995
475430
702064
114038
578483
292577
683080
546595
602274
398591
642008
126033
356931
49061
658324
894419
620502
518440
201272
465063
451391
683820
926670
507167
287849
517068
478683
857520
478212
660741
568327
440195
189604
214063
52890
802416
88092
426614
458149
773816
392353
827744
968675
419463
418418
657785
77524
973724
379487
942963
678166
943158
90533
994224
504005
208744
873125
96962
532259
448688
500431
684802
345760
953719
188886
709961
675990
464715
291667
257693
373777
627920
761699
756867
935941
409181
537445
235369
531409
493258
343319
575374
955465
291024
398366
507480
73634
879663
557013
897818
965368
147536
719585
275267
947709
767516
36273
479785
938113
885602
141832
877748
435082
172673
50988
605597
872482
77439
968693
472174
899743
336817
755795
210772
75343
344013
922578
878470
910159
5832
195465
871797
156295
852257
484574
569723
930056
11686
553464
719690
46543
173488
116994
233941
481249
467817
684860
962671
25821
661109
573738
256154
953692
960180
879013
773994
684686
572520
550902
62134
981236
803722
429368
416236
961384
795291
515117
927532
173728
284411
778326
721910
702319
382672
114736
304889
630171
221837
805018
767566
833414
122440
917010
1460
209721
347842
626826
289644
394338
908988
448522
249461
987818
601974
516774
981378
407753
877584
995339
24768
844231
704197
157934
942466
495961
624303
506960
797489
325684
678173
287147
447976
877306
221621
293775
648183
912684
905581
37545
771132
488842
12317
90467
413764
603507
563566
826965
396392
591380
482948
866306
626704
824013
969087
893047
154262
538583
826010
374346
581740
37986
841273
940748
899471
81339
331936
610668
981784
207990
794144
786399
279699
786683
58098
276290
910540
163924
577928
800123
788485
615638
731434
22280
162729
847487
25268
839188
487824
806845
812471
36568
281387
150839
529929
217788
20276
16233
822152
692650
418452
736472
180641
299240
669191
421854
671616
598743
197154
584448
320875
886160
670671
278096
954013
857221
267316
286920
550251
509262
272599
838121
675934
450477
602968
554964
818778
612113
21124
140209
225161
329211
420055
251422
910490
336857
716096
417831
464428
419774
725662
611904
917848
751351
981010
348811
700238
628455
30743
46121
636506
775247
392706
389374
712984
356767
759044
948954
3636
2170
738998
817313
621229
634554
6344
901613
825837
766905
870481
330715
740045
864502
383149
807583
444716
472592
383776
167512
580497
203863
642932
310562
345682
605016
78075
596700
78096
579487
278133
61587
327808
817622
211710
686043
797529
401719
770118
863424
520054
503763
693807
644589
689722
57306
384486
628234
288220
123417
33444
263484
516648
83859
931627
569586
967848
905509
676283
519578
802311
181976
790755
580993
954784
749956
693584
566050
408345
247634
338440
63530
770510
925975
660632
529005
289893
80726
957257
840098
240112
447490
739316
406600
642440
458258
455396
833202
633733
799919
833590
88365
693708
536907
644369
748487
993961
350131
743342
939420
3663
519142
50240
893243
309944
567006
872467
995214
215887
81005
864510
506065
143476
198937
298298
897862
286199
880070
36102
4917
86250
982775
125766
180633
927582
939950
429445
871177
401270
478597
326055
109309
490713
682377
877291
426993
317156
36431
320176
125113
201579
777157
874807
18943
396116
909155
927006
957167
399617
569738
921338
856471
407409
429091
658772
165099
17835
860641
692083
58277
757633
29232
677736
602893
485139
849942
561179
842604
602826
132966
518623
679130
499064
853083
595794
851816
782414
796617
319857
431309
317262
771802
249825
622637
941066
742451
286179
807055
203958
755457
731797
244366
380512
713098
643200
890584
774818
740219
512344
156678
239106
865379
461071
932544
630777
839609
603936
344361
403476
304962
759
45940
231024
964247
557788
260495
167764
945109
516052
521951
647205
120855
593706
186481
440131
355974
483240
344118
901085
691696
782057
468622
286815
410009
735716
61267
36847
142891
354046
471670
527183
639180
729104
664577
857765
392168
579148
907677
438707
562053
674845
530163
984120
117063
42404
610475
726198
444553
285363
943545
249479
791731
8165
262466
758043
393627
288133
344297
733900
685999
338494
986468
658561
313770
386811
521516
372505
600831
715216
138158
816783
937915
253541
475795
534926
94359
30671
280381
49301
408167
951957
494288
990509
926413
178704
696932
206938
528848
763238
773445
437488
993118
623092
276530
614687
28174
473529
628126
584004
925239
304341
385901
530488
132231
792074
816284
447866
864509
800238
921879
476211
814527
273209
368485
55908
116810
714870
211653
210923
318723
547170
870515
401188
694826
533096
22530
356239
407046
168202
737594
773835
978095
503340
438983
783068
431298
90206
863608
597943
743301
99460
453588
300654
351
765235
919958
475044
563933
722287
793397
564540
913830
701852
229307
769480
421716
168958
677676
622601
287324
210559
700173
712002
625789
502071
898348
387300
606991
354368
325358
667177
67073
953325
991327
618893
456393
436345
256528
192205
500136
820859
241920
467449
421978
744336
451989
42599
962910
207532
164506
921932
909807
931998
475010
621208
756981
994911
65158
219995
505666
541762
333000
218880
532964
283476
499225
550089
174909
574722
998126
408141
494591
33314
729805
417824
252345
372412
364191
810414
855297
952864
311345
349461
512812
275842
745448
836315
588143
745484
520895
196417
572745
170722
297623
185393
291382
527350
27295
710418
405770
109818
539359
71751
568967
532785
245912
331906
312864
697200
762721
328525
438861
435067
107061
386758
883232
128531
753782
332374
673857
796974
396957
648717
213137
952080
375982
901567
831240
22344
679656
912362
105472
52026
239417
703189
368784
478127
149456
20078
434557
762124
2422
162936
362233
383428
614988
446249
700742
217140
296725
317961
304264
63319
363346
622688
662955
937620
476026
697112
407028
951409
898619
68138
371271
42218
715874
425268
198305
617872
482468
632573
753871
832865
50015
414486
230455
416897
193802
577104
191353
363026
439533
230962
409527
374404
132242
106701
339617
946261
764028
757929
925177
633839
868350
330671
714652
872107
59503
747552
388659
278094
296052
446558
803720
722811
922776
3585
649782
872652
729496
111916
427052
887850
627050
745507
860056
897224
215236
174917
910960
236339
791566
14815
214727
922030
63915
885713
665238
475505
751433
908766
790001
39186
544406
748075
45867
288436
212650
112623
983103
748204
497310
481341
98145
896361
223286
595907
780898
612576
702974
779213
600734
83502
546688
764290
275155
943888
382980
204450
506167
710633
810959
919948
46788
368454
120485
645510
457672
446980
29670
851591
976409
645012
733462
452925
869758
816211
206753
463984
418719
53103
1962
242700
834064
873073
198803
980572
978569
703095
259513
404579
538112
393290
227911
630378
507902
411816
854242
373100
670713
226688
94639
24316
5154
505633
412222
307435
440799
710917
6323
422234
413920
408871
272113
708504
930626
759621
179079
237327
326198
21137
524431
767680
262467
703005
641410
219511
699542
901173
670929
137587
48665
271278
127510
944071
375598
55510
26790
182626
676709
142215
192097
364042
951432
585384
912650
280901
973660
294081
461894
542570
413719
596820
192721
746266
691428
796678
227645
549336
385868
182776
560447
349995
188458
396102
708989
130484
637777
316772
911070
967734
224200
66131
603601
894701
248551
364497
124367
138383
453596
534012
616154
451402
30530
220600
175548
476789
778283
630001
84445
306630
223500
715785
879362
85702
183479
650965
311312
55970
141969
159436
632396
233046
630016
252129
664735
137911
163358
313986
367254
61271
611512
420739
344950
990746
229084
821829
638432
37655
470721
963433
98947
728194
629252
513919
727593
114485
734448
250608
444237
463963
863951
665555
102684
551781
250191
788320
588600
78217
696261
628537
675009
693646
358095
188723
718869
190034
336695
384442
829973
181986
607090
322099
66440
323231
4357
263412
944754
408633
222033
729027
275252
77190
136645
8798
334787
539699
373013
183201
706229
467446
784056
555421
484431
731390
77416
113459
626949
517518
759034
416958
885992
696631
674093
242320
123317
777749
784108
853465
188473
801984
275691
788503
752983
960745
604227
894029
638243
220232
363601
526858
263671
786157
729451
667243
635424
599420
979172
962020
28602
129251
94736
451456
420756
872524
911250
872430
425640
706101
556869
706787
979075
306901
287640
692147
96277
20827
978508
618049
243247
50446
976285
791074
336577
651423
534866
30165
475256
248193
335088
226309
637899
637114
330980
960417
153043
30820
579911
690475
136036
925888
85204
750657
636724
455960
361405
985194
462047
543276
866726
885446
986300
971453
469947
432682
117111
693020
470070
391842
42216
621119
162573
650355
976239
149804
416847
517019
127381
451900
502843
257623
97573
839844
156428
463281
916689
266201
716526
773856
121454
897059
933262
816000
921194
421612
814083
13853
165109
997218
629370
309051
343900
827652
834488
512265
527805
51575
947017
130805
827018
507381
261971
344509
845870
616722
700399
454317
918373
881399
743870
493801
889795
537562
85752
948953
34677
730172
111554
406141
655017
967209
601735
212614
203261
411132
830843
672796
557042
88382
329980
450582
764564
559278
432924
511152
173322
754709
672573
89206
213794
811746
406338
871932
346046
341758
358440
646200
55404
894224
182304
42228
717467
915157
462503
528222
989615
398753
566824
381611
162019
954303
570338
539462
122953
157946
825179
555485
243051
751059
913530
825176
66368
340304
597368
302806
682791
941087
959735
17931
333843
398086
864707
510907
838473
193690
459967
943442
390383
210979
128853
129883
293789
35678
894125
888838
636826
827994
851937
504813
914144
107748
272376
333589
872842
319510
658355
858412
858645
842377
865751
831774
672541
947731
770040
338779
608663
643675
376673
80435
596271
199810
510550
28669
899934
189468
662640
330239
740601
247566
335959
936626
911525
66744
816328
493382
346526
462603
839644
908416
312194
320819
886845
548934
9468
246490
376426
723074
22644
357492
383295
136594
617548
566630
875613
286122
351950
845935
498783
128845
744049
198281
94439
779317
823929
334417
536636
420938
346811
899669
279537
15170
339194
701235
118841
411629
724958
304677
201787
315889
295786
509051
934292
712522
335720
283705
980459
284519
429916
136145
633057
879596
873922
716334
745192
641470
374031
575857
963431
226686
394261
154800
920553
456845
226443
902005
721398
277982
250807
429079
694356
212864
625986
599098
711447
536190
757201
270000
520291
1967
357138
838214
719756
65071
188502
748351
957705
753911
978480
546083
605099
665792
599167
416570
783489
773344
428650
968016
736416
446707
776771
822730
499873
34883
331312
789864
724988
433680
937295
681038
494163
89249
267857
942937
864323
914583
695702
405468
800692
741046
687252
440881
467246
434539
456459
9622
554349
502008
240997
620
599348
544331
245259
56793
596287
996205
183089
459878
662818
932981
998408
507421
873627
771854
201486
908610
145600
212306
672960
610228
173389
601480
381526
416770
254912
500710
134108
924367
579647
765645
133566
506811
765091
721255
382081
520212
375084
187458
581620
642980
291220
471260
298593
573042
327241
507521
572427
580652
858914
275058
416224
428056
374020
659328
153362
536129
29647
671000
502040
922244
613887
43443
865676
49051
360236
832782
351264
994491
959485
528624
545012
48742
217468
158556
976678
497561
12568
807710
122675
3573
686446
222751
776043
49368
729703
677608
366184
832354
564471
262743
176029
741417
607851
163988
577533
875186
793528
135200
403381
789848
286051
950226
403768
350782
594416
351814
133242
921628
512376
464262
315410
786412
904467
239999
197922
867660
229656
14145
980619
813343
585250
585049
954996
871091
582244
895568
577694
703835
19624
286480
690653
664325
824495
742973
201209
116159
834691
671676
724854
185483
50321
726796
765890
432347
659673
495967
298423
91133
381206
141732
185596
179451
240060
776552
479035
461377
576644
689542
488358
450124
873624
713159
236405
671684
46913
543474
413144
789200
155473
802712
969885
995844
668729
72237
154628
581052
626388
176613
381501
979559
471772
41119
499869
563366
227148
300688
590530
844568
869518
813058
702315
71009
212924
479888
726694
338176
809186
950359
8081
316201
952599
297280
512846
245193
829623
726396
629230
364816
601791
112976
686983
7744
264609
736573
617540
744833
602995
989504
824371
300740
425828
348096
626737
741437
268526
355845
924421
677231
462454
157527
782512
195353
831508
413172
810354
471687
115576
571979
77218
355616
995745
991064
73539
629540
44750
675838
720933
98143
458318
439722
60941
429433
700432
778823
539230
529233
415375
900816
184001
725467
704636
426654
570460
324493
626676
552300
902878
954418
663067
474490
937477
989651
646425
854615
997863
69029
843075
47817
231442
355713
243939
356194
407465
209919
834846
518428
611163
638735
478638
745359
211374
711556
440463
307577
744778
325561
554033
82961
473353
367191
820175
855429
634873
299472
575617
639185
524083
647539
709743
741287
713460
98827
445598
500489
560416
902213
530997
599973
604754
468951
351034
852854
78915
597963
779823
498425
821175
737369
500886
851933
744075
713599
968447
487126
153204
513488
337341
897752
431611
470132
699788
915555
248042
75824
439329
111962
96344
84483
45887
571837
405014
409700
355485
383205
513505
58154
863590
351849
4980
282413
670427
875239
39763
421396
539047
25328
993571
11912
519046
658218
444537
286062
186983
290526
912834
475231
41468
628561
428211
230854
343416
305655
192794
491977
53753
322366
93962
245420
93910
992714
591433
432552
566088
445205
82043
686229
752932
282849
801529
648513
592477
490392
681924
280645
763922
855296
559152
182948
904227
43539
994310
181874
496329
200662
709558
106519
983383
34514
95872
15278
819133
911100
930368
702809
933124
523931
905495
679783
632659
384546
789358
389505
741258
441097
54527
247237
845592
381666
186823
20387
293788
841139
307403
851459
802427
857024
866279
153698
89315
368791
571715
655417
581536
391609
640542
772947
208768
941543
287606
867445
400913
358828
69305
839933
721508
28095
532658
48921
153687
465524
927716
452111
75713
369398
33769
399205
765735
532984
900804
266865
6330
302053
51926
699087
703498
661707
305633
821624
128950
279642
536316
651273
455442
930598
454504
89190
56224
915970
49302
419723
366329
690291
903317
249524
914962
960115
443283
177814
613685
419498
27168
27848
758440
309702
45833
399839
853446
131256
739140
725263
415141
54513
945703
16833
909945
138509
507098
115368
172134
37630
759635
542490
758449
234476
862837
499233
988786
595467
719802
64533
701692
999805
150662
194109
451491
711755
429212
330692
38071
614001
693007
957005
320729
820520
597116
353139
956828
79045
46853
832461
325144
408321
641393
546994
66732
979201
228699
361711
439660
787733
684178
897541
169724
495728
800133
937660
325403
485249
757198
672527
898766
707519
805499
285240
977771
184636
545836
234867
161875
920209
803747
587363
587893
645393
814588
144551
994223
818365
68274
585579
459734
781656
281774
670258
128539
467436
292983
603665
118526
387407
573105
920555
535480
893905
613810
183320
807613
758541
348308
287697
225109
50313
131027
576956
547805
558093
340853
878575
84303
691574
419671
118481
884826
449271
969713
213055
486282
391576
41864
866420
919997
251758
378934
56567
637135
338189
582901
91510
597677
934951
888010
216323
981232
146205
241162
122264
732898
694496
184921
827525
925593
440435
991224
768768
745537
257687
770644
116705
768304
877861
641602
262801
338861
914417
228913
470729
470706
693854
465425
437097
773904
548939
440796
133408
218670
946715
890118
358018
424076
271878
572843
824210
329415
507015
368637
514486
849996
87746
707259
298525
33168
573074
966926
502255
984632
285003
406031
140927
807407
169976
621688
512538
856492
673678
819706
847454
498069
205883
859
322527
56780
96024
200157
689656
812800
819527
486724
32584
228878
204753
714009
400152
468529
437134
492855
547922
882508
345562
636374
141505
128958
894918
811804
501331
452033
472281
30084
106730
604158
524507
893771
373298
907616
889354
110410
783702
592286
882242
580237
551984
543955
743416
416465
115122
307863
853543
860723
725101
600713
886463
912245
386364
639548
965863
515919
992448
796913
192079
907684
329575
194728
683360
57407
756544
50416
185545
925039
903781
182233
127555
118999
359130
458976
910985
934173
120217
659364
369278
647436
430632
945106
264161
973985
971614
863059
665567
693916
459660
845155
555144
954113
220261
400304
36990
552333
489383
857172
441495
506948
349657
625630
694967
628438
465113
477176
529072
846921
832966
28681
681667
923447
301724
15857
508435
97567
480074
301246
100797
978619
606262
651447
149380
376930
341276
796490
598927
569046
224935
488848
953216
647258
259012
269047
158033
373945
252279
950988
12970
569321
482351
350193
780244
108423
638276
988216
181004
748668
254392
835605
113780
521750
723717
350008
225582
178589
290768
962181
913284
308319
167969
646808
695262
953191
42594
600623
492028
946693
122249
995675
297378
462145
30773
671715
608553
327430
826151
629312
517150
125051
152755
429329
792322
729118
362497
814075
967737
48377
635600
586164
645523
748554
739446
116110
927539
934411
29686
857327
715774
654397
598156
198610
520661
600742
495349
460885
869647
851021
665240
670669
80299
449106
438366
926909
680078
499306
351626
601087
794936
456085
508967
70793
85170
701104
72546
473441
768306
520493
780966
903160
281976
605441
791741
759578
271694
956651
68775
274836
622346
244736
630051
940979
91542
747349
976075
355282
615399
232517
442189
384920
309729
551147
818254
193576
276663
258335
861458
464347
402085
731761
734086
755628
707881
58316
381065
766715
508883
449678
772960
7327
555805
436121
476635
49052
124566
75714
130808
946361
630894
827135
851363
810518
838672
615012
485234
666946
268896
832815
109987
943064
660188
931145
421566
174465
732435
468301
395451
595628
594913
794214
626221
274247
546775
574360
897519
243855
570608
139963
557754
153242
516564
781779
374018
797682
718293
473341
50283
999167
106211
202979
978249
822790
994420
191154
214575
807086
771422
244274
736360
952277
876022
388092
114137
639791
223272
857301
400542
180728
169935
982701
868415
260208
831587
9267
151284
487230
378981
467642
621047
527117
642574
200491
301450
630399
617825
888580
126347
548844
682266
302110
279909
867617
153070
489632
23459
839698
267763
201735
304083
475682
344865
956255
270398
613536
951319
126567
749180
611155
133637
697752
839757
330219
251426
315578
79275
958612
359876
275076
923381
192252
900174
989199
637527
70836
625167
736284
352546
215615
270517
374148
185237
204313
971652
581025
49268
335536
485197
161548
576021
183406
764480
675703
387228
618908
94350
146677
24048
232695
671567
882262
601572
630160
906138
456169
584512
448389
56623
781853
180074
661963
871392
674101
889330
195783
952430
98833
207303
952668
624257
663317
39150
226216
729169
525356
832877
594567
646515
503603
106659
883251
854672
937325
677169
360971
454462
195379
927478
410123
319753
852377
331478
15905
846759
309314
471173
684394
126147
766316
563709
16257
633244
630819
881012
327658
942150
785095
592177
31984
604152
448930
899685
150419
489984
494918
340506
52386
911886
570336
17557
198144
546802
732421
698981
194241
84221
563484
224754
752138
567890
528742
987886
612143
772911
435986
533249
20070
57736
821846
878015
56673
445567
662768
887089
656765
459692
327147
593527
697682
915621
920735
415040
529503
912790
61277
524078
749030
169640
509536
489534
547806
913299
483554
126521
129123
506141
621432
710896
772903
329174
631837
524687
728697
986528
84739
408751
555907
229148
487272
504431
797235
562283
386555
895215
852776
945042
512775
603959
533330
261478
576484
501116
962408
880724
145063
970157
617237
951628
416010
83972
774932
87368
297194
738007
949474
604752
810309
720832
28039
455650
338803
174363
533279
114027
441329
405562
954428
626377
978902
568464
191476
998080
135624
522434
621804
574056
900519
816691
180703
100542
726139
209764
326296
219693
165359
741738
494765
17470
784669
670033
656560
997214
80576
605463
375418
237057
589679
656490
725186
452779
562838
692771
490877
33691
20363
864250
95306
647508
871015
363085
200355
542582
744685
937501
563819
711513
213237
369687
818261
746724
50985
261320
810469
680185
191781
861278
417262
920435
770671
471534
844760
436607
485110
117040
518264
974091
61178
305586
818506
235186
858954
152364
198492
141539
282087
522714
446027
753031
299387
452044
100449
270629
476031
508973
743472
108865
28339
704585
315062
256454
833473
780990
330581
925839
827539
287566
648756
555615
948110
800847
435680
553694
310109
359244
662514
908985
619708
981747
970353
113274
316325
553349
122982
515577
142916
102041
865363
328829
406963
362401
422552
422118
682043
729318
881058
86373
892364
516030
481864
202363
608992
179915
607194
454765
126146
521149
161699
986539
696938
747602
516710
558872
274641
213308
395111
181083
376190
271883
324532
623883
271988
857687
823568
169841
897704
55486
837412
442831
521063
8682
840299
473040
537892
955323
451563
635855
951862
8096
898486
812186
705427
213491
233936
695525
292007
824166
940373
851954
908253
874658
841086
940748
826090
148708
976931
121157
339304
985987
842028
429321
939223
674871
246099
115387
98191
457004
464984
493680
596872
61960
15645
534941
77363
529103
993795
53852
504074
514625
187632
190985
533836
329204
502006
899461
251752
629381
302080
680819
817688
515995
539839
435391
986033
898255
98600
251335
668588
113461
299006
823108
80251
49685
583361
85500
45041
97327
549991
708355
988225
109698
873289
630206
106260
639818
827126
387817
942780
265642
942667
46150
307660
993311
369401
930516
872720
284252
339575
87003
12369
52600
650630
840196
562144
490734
212184
784169
602902
368562
108375
799008
697678
364338
466579
346905
527000
882919
858918
700182
740348
398044
162296
429971
293202
694327
199216
15606
417526
224776
869667
75174
531612
238317
673933
422825
521598
549183
937306
647671
108214
162966
413586
466369
891156
15084
837091
899206
538612
239503
465977
456422
218630
292418
896848
349409
646311
995970
582320
70592
289246
180854
746616
600470
335647
401656
912952
303578
482003
923691
227157
309303
252633
196091
757513
498663
865182
93018
919935
872288
307965
111768
938280
717192
925061
445709
871489
778004
716095
979096
435752
342646
468440
895020
499597
749516
214427
718401
66406
705008
996175
542652
257768
580743
513468
594553
858780
403029
477592
109276
464360
920304
747153
953688
71928
232015
212654
474073
947014
238811
53947
99526
953510
35687
664648
269947
174599
887353
128011
802919
691864
716685
197589
997842
748368
802493
333305
564553
228170
23979
938376
489416
875729
927413
407970
496468
58073
598268
118082
288331
178036
975550
851771
961785
348947
929782
334101
433358
858219
373988
631186
158172
204784
675485
395587
682972
719945
493144
60718
919170
837610
513611
640708
404857
107980
581841
785090
508027
309561
509994
614423
29110
664745
191943
764570
958360
662448
268609
654209
276308
343791
494811
737305
493894
663447
237344
487707
49600
707541
218340
91047
675010
514566
251836
210968
730000
187234
165072
997628
404851
929547
263501
624546
516715
291116
643278
136661
608632
690402
735242
662961
234773
194030
357742
293706
266493
567974
402184
852073
506406
487594
483532
818171
27051
476888
144190
261071
365907
210710
872804
519017
115798
330123
408721
664639
98496
199906
972992
963646
528273
114674
694209
172030
366115
427656
125937
126235
325915
973458
350717
236328
664162
15516
944518
935738
550457
676511
914244
398029
92038
855949
132692
22989
171112
226628
998837
354127
390716
278548
96616
331495
869602
617143
864085
409246
99822
280609
846544
125221
116184
48890
926279
537197
701152
356110
719632
421586
184901
68686
327384
997710
117542
776998
957712
279652
426683
940351
519280
746419
491463
847636
408691
845514
143550
758489
170306
562001
376568
165505
54059
880219
343256
624918
353225
727227
339908
221414
891596
507551
865395
418460
999230
862682
885933
555206
948005
100099
339803
636644
943811
41188
211726
532319
313795
397522
394730
36536
208030
186262
233614
210763
14728
41801
615021
171110
189689
722989
281981
539689
373036
825620
111750
808259
345043
204929
875512
601065
49614
259493
308581
571231
396361
453866
279894
891364
758226
620204
686253
265137
420534
132936
602169
841325
236040
425806
434278
279982
340376
744813
600530
850779
148409
637921
339550
432837
333577
802909
53718
486253
344932
722791
805841
463142
877953
660998
672715
658589
902386
406134
250904
208661
650457
554801
311893
152579
133731
461829
9998
222589
819927
861987
695461
449062
59288
768742
55660
249381
415509
459280
542875
982201
544980
292917
80230
433076
280907
623537
736752
23951
868945
255258
625976
846027
203271
891966
437533
720221
345975
84576
948563
875681
422138
239760
81046
269211
442755
643230
364138
129530
111438
116055
572166
897078
877603
299222
341872
696961
245373
243007
978835
331084
560472
824227
335963
251632
238079
573775
790781
791766
914377
234235
919513
774612
130513
368695
46703
223225
153047
573606
966917
919648
763168
973188
899019
211103
136695
68187
182336
461028
131726
525389
602830
815433
918168
888950
301419
828124
950266
174886
212337
154410
259358
522319
354103
393860
463569
702915
890641
885093
740456
280553
330866
10884
128909
413689
887476
323380
940979
492743
92397
177377
153257
324656
518674
642128
677653
354322
465603
318038
650991
397563
348895
966785
34607
529533
334108
220276
979086
252202
72225
514752
820710
616945
612168
966509
730129
914333
478050
133266
372721
410861
987022
265658
461664
410892
364463
478918
691012
138612
116446
116689
827726
435229
355974
410771
718496
321998
992311
441124
255410
993225
989124
135512
434300
812895
357765
930772
954539
194397
83358
754418
13530
83267
232453
517636
417021
402014
824747
583804
125098
741453
569146
194576
401361
554722
775890
982470
155979
108927
528245
234070
32348
799009
309635
48112
886841
57005
793075
799555
492508
670039
53097
219679
933838
481631
310258
55504
783613
372452
187203
820417
620098
459020
628526
782648
478268
501817
169844
361674
383494
227771
604843
672191
956152
629177
702579
610253
401910
663097
998672
8498
604327
409809
949907
821501
470765
768079
649441
678334
908140
502301
907021
217080
884585
329630
600338
124862
582703
276791
36598
166973
988661
904184
257893
572946
74088
605174
160340
689692
869734
358283
898830
307755
558686
565745
679732
493704
924594
705057
792166
681593
652024
667926
37812
878017
904484
30803
251277
660213
454564
471937
895115
102712
335182
789596
27303
481412
175580
505323
928883
982640
875636
167269
80716
846058
944751
847954
692979
358230
3576
418475
760479
310746
5673
246828
494356
693284
894156
364232
831031
290401
773569
90158
545939
767898
295612
783693
36734
487709
789297
238016
145638
661509
679725
742035
373318
753922
921533
980061
616297
706767
610305
371888
784980
737580
954436
161052
574692
530135
288006
560144
455940
783359
593310
739147
666444
375881
372260
232146
527399
269809
3029
840978
13499
877493
148606
418766
751507
803019
10400
560283
561724
217522
786697
660987
591078
715480
600152
708221
908048
968499
208586
139048
21537
268186
217746
688632
667645
147628
573087
549959
969461
104566
462727
703581
871274
340669
34593
291008
997521
262589
407481
385670
953761
323843
82061
62664
395356
709223
995548
749083
755315
806308
103993
949728
576979
904099
780137
685813
241405
722155
680553
900682
592338
205655
629522
552262
829427
46350
345252
199672
363979
281922
615227
270009
499820
811330
947760
158021
883036
746985
611651
646081
229443
467502
144111
16633
771693
392595
864718
621461
826296
663140
624834
702464
604020
643383
571009
587629
287925
975927
869271
805528
529238
465804
834646
405746
873114
673497
92580
318834
33854
210170
729289
722979
408190
615144
64069
488902
189976
97454
531164
408418
184040
593186
776927
214574
716482
415258
51401
297513
723989
667982
316879
168866
151407
968720
845180
695511
799777
865950
860379
674445
717832
218409
870288
495747
458355
520359
413748
9335
208346
651040
885420
864847
987838
114097
119742
127491
112036
257585
682360
395356
894765
632430
849982
311374
513811
485681
446857
946832
835887
550325
20363
616767
946907
14378
425567
992548
829994
512860
793290
71513
382962
733919
571402
320459
947058
889408
48019
670658
83456
340084
587894
619546
593647
349928
425867
69582
55554
60077
459270
84593
948211
870193
178015
564644
4809
428744
923143
118591
967935
373394
86296
288544
963614
669862
17617
891566
67139
483017
722183
293252
755877
383174
436376
486270
139397
22381
68819
683127
980342
115015
237731
412327
583776
364679
617807
757195
628468
307929
465613
887440
944408
236014
294265
995796
263039
594512
637937
113321
398672
72657
127295
88113
587178
192731
277123
206146
510291
192846
323271
677999
312827
542344
907010
636051
306542
616828
908534
904170
351047
186038
297906
187908
774474
626432
2026
904447
661130
273422
116614
988522
527680
481952
409870
419228
103891
826910
64229
408202
244189
974681
472807
797731
657817
501429
992519
998469
768641
251224
139645
925646
623405
861541
131262
81257
807708
981659
911198
59081
15007
902876
549955
235014
240108
471852
893773
763537
973374
297088
521096
823658
674348
970418
116317
875950
68978
876244
117871
281571
86600
117162
872597
131370
908073
240634
560364
886158
177631
58645
773820
739174
709544
340359
484781
367498
247342
393792
601526
473523
40559
309979
7451
373727
616254
560858
494315
665364
336901
72153
343454
525345
331616
330040
595938
34864
765903
342759
882132
217653
391449
869013
595258
988748
318621
401884
798950
848561
874208
223440
98615
882406
614600
898780
423148
752536
760938
956288
34603
891090
416641
581809
914243
161461
102511
643502
987223
433460
359302
251514
152828
639913
567011
527675
574956
82294
148605
470455
997459
683423
648581
476006
135483
553305
350168
780666
425017
798900
277325
143370
694798
523704
525746
885240
754402
439918
503623
688213
626972
523505
431045
103594
915382
223611
568294
428695
263218
214985
699910
816299
76715
466150
456751
986675
784734
155761
12764
790370
67465
274880
605084
774341
259937
450636
674458
78066
333758
315595
455972
180930
784841
508848
399389
988566
348176
475631
864430
692071
716917
197472
204658
209658
892634
974878
383496
771258
897563
506269
972215
664372
725414
148305
659864
750440
294124
617887
383642
831160
786264
808374
617061
775517
752416
808708
819092
894202
823702
456510
130849
138394
41943
28723
818067
12371
654407
294660
686295
393651
774104
149513
485134
606395
722771
524365
843821
835719
88738
786760
997631
395605
8271
676221
119628
875734
89514
348478
289725
816913
246038
641971
856889
80364
697074
925096
56634
562357
92531
207002
534153
802621
101118
748070
12218
897864
805828
567969
472057
736567
152888
671436
870154
918869
291946
492784
830389
229465
436620
197757
694202
528438
790779
108539
206001
805462
285908
601738
848557
571638
521940
940875
279630
8366
615810
881088
621873
658558
762849
604986
680573
158453
360342
735076
990170
695403
802153
397532
378563
50534
396740
986080
708400
491233
241783
36056
322476
478126
339959
922896
895361
9983
151289
793362
309522
867297
525354
673846
211849
293905
821928
216282
541593
728369
523788
3156
209941
835579
459902
341219
853109
756637
16885
52657
438118
266258
498555
263744
310031
861466
474787
675092
472761
217381
22089
918882
946937
7571
550438
867645
726722
180408
265139
499365
525064
523994
101017
984368
318979
887478
528502
252144
796452
413106
263337
955941
415112
230850
961301
394226
743768
880393
126001
548627
752089
870787
94490
985136
159466
576628
207890
245129
858430
466000
282408
176133
349049
55502
169551
864954
254970
473758
894912
724954
29483
561291
694686
103581
158074
727756
618298
707620
55488
610120
30499
282905
103867
499592
787312
842949
471983
655547
816716
696782
717650
859091
619036
740187
556419
645203
450506
660606
371416
749361
537413
206055
477507
233221
949207
351846
226602
407554
820324
323902
198519
362091
130539
289089
733815
923691
201670
924804
665150
980975
993443
391790
259014
281501
882912
304727
115122
232515
477374
536457
573338
168051
414575
167587
707718
674117
233182
607673
894324
471508
346771
917086
801909
104366
961112
974734
469910
74578
680845
716632
583772
7271
168679
336169
62458
334239
797020
842612
703445
826232
412412
742312
738569
391178
704492
554891
6900
307247
88712
430040
296439
41153
115432
158041
686982
8339
349811
327273
43460
293970
804370
97000
826521
836902
381557
105265
10387
428382
722014
953974
535762
911013
734456
889559
40124
997576
13788
340884
282080
452701
236941
74825
135242
828076
289064
226741
574059
934844
402032
206479
368501
275515
338974
628820
757130
589030
828408
307662
570884
883
576617
875226
513746
403496
296232
806368
810055
402219
29622
615529
769173
522433
436141
272943
286076
63445
70964
220561
471500
81712
105154
645102
939159
410605
47673
815875
873530
950364
118790
996787
750731
559667
125050
499350
277200
674299
857113
606227
213629
418691
669002
64635
707947
579121
809127
866982
458963
166922
147812
18471
137543
536762
138205
275520
159740
395158
148269
255323
602737
877888
678494
701867
801083
170501
823586
631322
964198
385719
205302
985885
149186
669261
746161
902583
468335
218179
295590
54946
465589
980835
732850
892269
228145
810813
907712
233820
878065
368421
34507
101099
214515
786428
711837
552798
431226
739459
2931
448202
745139
653911
728135
340722
436485
714753
650232
735758
20227
215726
276269
894021
931435
288666
458965
65092
456348
374534
962226
79760
388840
31755
308753
110146
5350
539401
837313
877974
900767
845933
567023
973232
525642
216468
470871
210701
153284
385774
570470
777383
621088
497281
557416
673856
573923
195400
460048
459261
164657
208256
855178
116061
343257
480337
54769
403826
269437
851032
785151
718676
172707
470114
578112
401789
853906
156949
634766
92121
783500
304705
265503
455439
265018
368584
42183
506612
315340
536286
715164
300437
801053
465966
695871
356216
61272
575799
622159
773875
532515
377272
926081
773477
128517
664780
360902
267718
693743
652525
196803
767341
902279
144577
249531
349274
490197
126698
774403
49243
265113
580053
222494
848625
692617
697403
482537
803903
709460
757615
162087
555092
964245
370123
242117
125375
170612
571220
74554
807985
194552
382312
963798
149736
762146
285005
429379
511315
36860
536555
258426
603779
605388
125204
466108
515926
975456
219917
219636
560605
894674
307541
381352
844166
583736
897551
92688
254849
467432
782492
38475
918143
85071
380878
117849
559678
251884
57837
63606
362383
924478
881809
861689
885634
42449
925751
205572
529091
523552
963129
51082
375198
165386
838610
299775
915933
779553
614915
68935
171718
847284
547607
161140
618780
30012
123431
177152
657113
395824
826958
189236
970112
477866
716177
618165
94036
128531
595565
885626
311616
569888
35212
318576
677882
458389
384930
648169
115474
917715
823912
773654
851608
705840
900929
136542
633889
500926
494436
791341
936161
434065
937540
808763
4332
510008
210775
881441
780211
875254
494191
98411
355065
946315
630040
930902
36331
629284
534355
251060
64153
434018
266892
910977
639920
686633
99914
779308
537071
190868
620324
337459
375602
649315
754709
778786
604667
719690
46013
976959
128195
407912
684013
811091
622249
39788
832568
566681
405287
546454
204088
210293
85181
957713
737934
517066
854395
923379
209533
153073
924142
825774
453893
856871
285375
525056
557033
872205
649782
896706
66390
400004
302736
847945
267099
416918
551413
297434
849523
77767
255272
351746
416653
104663
104041
902677
7104
327519
139484
61098
600391
578522
661598
111906
861496
138324
203590
579737
77966
473381
588840
127319
890734
932195
67479
101053
337858
627265
671143
69043
477558
746597
891388
428543
240486
498303
538232
17691
522722
672116
141221
718142
23934
491212
488717
485481
578383
541731
190843
804540
161360
820586
983763
184549
690281
286794
178057
48631
997779
778859
947742
649381
255528
240623
410010
108165
829083
889084
685088
375612
373692
721095
605575
25833
976096
900412
553645
714340
843274
725504
382149
831620
301517
970179
940008
101413
946719
531733
360787
985001
575038
124303
312094
736731
938203
294108
678849
753249
591632
608966
99078
693418
255325
850113
10718
234890
422047
394433
706657
438038
754400
613179
104801
845775
794747
820243
645516
977980
281926
743367
897267
615132
882590
658219
822677
786725
10206
129941
915854
757067
733428
425212
333042
120853
329009
179294
460716
788024
632637
802309
990432
855559
984856
377486
844497
251608
536081
79845
860223
199170
11754
448019
302617
837220
776790
990262
749703
301163
246224
45479
281504
998820
536593
336022
522445
918114
24852
874354
483058
439177
953932
888844
939759
717152
304938
353265
162359
811047
746950
7312
502950
358451
492231
476059
735260
636179
346783
15260
313285
774549
159824
929356
675831
190653
477273
54450
490072
272278
610520
992208
640650
486444
469518
485093
735158
73116
171560
480903
964895
857276
541671
838798
360945
348662
1731
964588
741685
630539
660320
307887
44391
397825
78505
698462
71779
487453
744887
133429
325105
977286
290840
843094
519394
811925
807460
158381
832473
956288
417175
422492
55366
991975
337774
281863
850442
999484
752851
186327
520644
538405
21684
902342
143345
179442
124718
366804
36672
374638
232241
129222
612657
543795
947136
412809
940937
26079
441222
606685
901414
321999
614653
751358
489747
561022
84380
360738
978238
412006
880958
996158
533401
217699
79353
958308
710699
778930
102288
663645
747917
818172
565011
930946
396550
800883
9888
28011
534582
592956
37770
982020
630304
16231
950470
884149
981756
91086
824798
60451
526864
550589
556893
517046
530200
731510
243772
638927
679657
425851
853521
494600
341105
279943
512762
595913
192771
37656
602342
528727
241043
107852
540930
229856
530794
148667
764446
554340
484855
476215
627842
497900
575291
11762
660375
447414
303011
995238
792178
477629
766591
835421
713756
819171
804581
106911
957787
982511
66479
379917
740605
125488
887937
888685
948044
175847
886887
553844
687507
497716
670787
155202
896718
628805
730904
461573
377720
970009
431116
844552
593285
549391
526293
88002
914800
484449
6545
8300
552954
731887
2261
639555
958583
76627
822989
744313
182481
23463
634369
441526
350348
896105
231769
385199
26831
339205
237244
756271
463668
651681
333285
646228
753975
87902
89706
889778
711732
92354
776785
548632
120002
710098
686623
930658
550202
534737
282880
659628
517115
138807
240573
381050
172159
780198
308726
974400
852682
263395
379137
485359
337392
946197
872849
59486
775520
779956
403501
697842
836461
627356
147695
813083
566622
328290
34286
204645
481692
867289
715692
548570
60062
792660
661628
194787
606916
550073
198900
350692
503948
179104
451292
695909
187240
673086
267660
575649
262858
507670
358084
380563
531198
822689
825916
89419
179611
388563
596817
600382
315834
158393
127292
931691
860123
797038
926874
36163
720201
398181
487788
217245
350367
742229
32899
88154
583468
387813
69853
432283
352076
656390
123917
270014
517579
94999
367758
265135
342547
492039
424386
311890
986480
279615
831013
25998
489317
717367
573140
274966
397388
774941
431443
618547
242823
607931
166610
666461
815730
83247
686933
791580
148886
994958
667990
860580
827396
846913
821576
819992
342860
541503
358246
793632
630928
972898
607231
843519
933508
796538
493002
897639
192388
367366
582056
297111
97272
555164
688280
638513
451612
350472
533085
607658
659059
574639
460856
202556
873539
694562
67312
754772
390775
881766
22793
458065
731460
847997
646561
770555
106690
858078
55578
917233
265360
503807
150053
622302
688218
884327
784450
495160
350826
861389
184130
682052
579696
616324
892905
789200
314223
158092
945575
999316
974217
355765
718688
289233
335306
886980
899635
799139
129964
708261
841027
968482
721751
86358
871246
508274
453921
563779
134518
745733
354888
583587
482865
344050
96059
137580
784350
241711
897226
757509
599959
318446
812556
39130
229733
480079
329017
428309
300660
36013
460370
225813
911257
650316
783422
587285
927347
246173
478863
5308
697275
660569
745674
189769
616947
559877
524574
633486
253092
530580
280393
53514
85325
177992
70200
165289
458940
702507
120340
986914
275374
234746
649417
758174
778534
350032
328586
653545
277238
108837
748350
149062
53917
855381
399349
818634
262770
401696
880291
425674
94839
45389
477403
904968
678863
257163
894507
485277
516243
604155
544692
82191
410468
738980
227093
94109
474538
8862
881111
323265
224402
891023
574582
537351
945575
200817
318153
492398
74755
718010
766988
413677
68924
165344
901766
611153
330691
651407
506403
635993
160569
246851
837394
380217
176558
484484
689526
885632
985844
408218
528495
965050
651522
398646
209075
956312
751176
54455
153330
489524
801289
52667
757809
944981
373852
877090
70027
83497
836765
724488
696075
781905
527126
552849
435164
619980
941008
763618
181663
387446
175718
897516
966675
979141
622182
385223
874292
561942
524309
260509
888127
662210
804739
403922
21330
506678
932186
359240
800067
50823
702424
985387
845873
217530
390546
958699
120073
164007
771686
618929
683106
63498
554795
624299
808145
978962
869543
275233
415448
262173
844437
605285
713552
359151
929153
983949
777773
886349
682933
114828
784374
164813
462067
702972
813548
997845
219048
880675
491956
597140
215182
58903
874900
767892
407382
865262
38939
848781
544588
294695
561892
541490
352955
5711
860327
732537
514517
211360
944310
646633
683602
871655
733392
141005
742847
138296
902116
730463
13884
683486
427623
606778
652528
691745
665498
195424
634044
919101
110843
971377
639960
331815
77225
598358
877191
881297
273335
156982
626062
982994
529467
446361
893348
705748
220019
146835
60570
980965
549192
928989
753277
955682
729511
395545
135222
627941
383459
787839
875806
332750
110708
262839
310374
88926
266238
652985
684191
592005
882012
336083
863334
258291
435060
957786
942372
226044
923377
612641
883369
306805
570715
838195
718568
185511
777015
601718
427965
445090
471929
804426
13307
922646
73086
893631
342730
854271
347497
977635
186131
870430
933693
241100
880452
345564
613415
12803
90611
150766
806585
651903
111026
103620
103858
790188
973089
475065
892111
378584
345457
337115
952879
638332
326745
252499
62658
582277
770562
940046
178799
307489
428610
356834
361525
992508
26890
443516
674703
128885
532035
906002
652886
928380
36020
579209
336650
685593
153603
858597
193076
961728
161216
661921
359438
395942
342541
763426
118054
181705
61949
875855
221332
733224
690089
199621
144743
971398
128248
46443
78958
705986
357775
458487
469978
505146
335638
354058
995772
331960
920361
224233
78003
108791
938809
508673
115422
985064
992563
711375
702644
389473
446591
628112
240661
455205
494375
370768
134864
279690
98128
112469
739678
950920
232377
467501
194614
287297
86929
280782
817190
558393
208361
577092
956720
886143
414092
618062
604720
272193
802605
685323
338318
302228
534609
551140
718002
973424
443164
873778
718970
123647
512838
252538
822354
690133
812091
787330
482871
661356
327229
465948
166551
284370
983230
407149
752455
418210
802207
746714
47355
400313
932574
187171
36897
986663
928387
320173
166148
899974
910078
190744
875134
729099
655119
637853
373863
406602
221518
905555
999036
278131
153432
642093
201024
628372
895248
664981
412393
951187
299853
85889
49012
792970
130288
524081
769618
132594
924582
879964
601718
831881
573762
664520
729525
670066
518767
894953
406209
656580
576518
83475
76165
568494
144099
889116
872628
163241
811513
191529
641493
752673
243523
283933
66796
19491
852055
545179
523384
345482
299186
164993
592954
503102
599861
478100
197469
596661
839522
811605
201624
435687
815626
802083
148459
856113
775738
174430
517814
830391
242195
627880
523387
792986
287356
286304
322911
944675
203044
371717
528755
429600
518623
458917
186706
577658
746366
803930
485383
742725
404735
417054
216061
204699
668378
535973
166417
280840
453623
888530
357884
899892
39681
253015
853055
977756
497833
249789
514671
553260
461100
783037
966463
297981
495160
983696
256599
773395
349616
871854
654074
348305
289418
276795
655081
508685
902246
834373
487885
85635
756975
470456
778125
245778
809328
185765
115092
167215
252818
692779
908496
661387
559397
172473
154563
52516
969891
628302
888475
950480
862768
662753
335947
667514
464027
140698
448455
300136
963311
802861
609078
299588
319020
290225
83239
730217
483102
659892
256678
192010
841948
34261
218233
92951
976441
667817
666987
863204
377428
969470
890354
652842
613934
293011
768589
434398
270390
878537
428927
481784
855751
57117
471676
676929
183781
214839
987235
282710
583600
488625
669000
216893
493628
861371
447866
721825
4632
626414
364826
265473
804631
769506
333683
705918
27996
121804
208888
685342
305941
419164
113703
545876
209085
451029
293589
412131
559363
400881
271337
249515
700347
138567
790111
416350
699147
501413
885481
991292
77405
246341
366789
576295
27042
11229
281712
108074
356785
105521
71558
914425
374092
584858
755151
447478
876488
833300
258325
766873
641332
32546
320762
216504
906392
817663
88169
430677
769213
476285
840439
106312
826947
744940
928860
509655
866186
647708
400046
69696
572125
408363
13171
612256
439200
969536
66101
980361
896722
384423
47131
275715
840117
581293
591134
57940
585528
937332
73438
697991
546603
613083
532338
757630
63076
505479
469726
926135
154722
106930
153356
712612
979026
755546
160355
674334
812162
136254
118483
220615
402904
102662
605013
43952
755343
702969
946761
910083
557557
657220
314786
9629
532940
643658
818092
751233
40740
818384
988664
280789
469925
977632
180754
387315
155393
81270
931310
127109
607337
354412
624774
309978
477399
470462
507320
159921
113083
450884
663853
568486
917288
341184
71464
379254
466564
402462
769190
520202
596048
104027
172377
59456
456957
933267
182480
456212
265853
616690
852060
868063
855443
370800
385744
250058
50282
382689
277083
473871
924923
618730
703331
490153
921166
347594
176411
907974
139827
978516
934823
785670
566090
563428
851938
318866
411749
88541
443753
512167
358182
9663
205801
716270
224593
872669
563498
693224
430750
429019
293674
652979
567901
330840
385965
601708
121401
593516
851466
864719
393850
526973
84754
529304
968593
136858
484055
142496
92375
652167
826679
156313
187681
479925
701110
656588
325422
453932
556693
760759
711059
814956
230493
942602
324376
39446
40091
62751
520379
263927
589153
391641
614760
873854
264862
982178
139285
419770
398063
610237
531657
620915
739326
585550
718715
846056
748908
513069
74470
868901
625547
329679
373323
983413
594112
110879
958205
831808
219314
243027
2446
972812
22829
842990
872378
164510
123761
312350
359721
244199
15962
743606
442990
126612
72340
427953
757895
707847
110063
657224
833142
325903
975914
66225
217046
605062
862651
733983
999682
953251
789384
699577
30144
772908
400845
878977
370779
879212
882906
524449
347864
707581
263148
713087
9972
394498
537850
896467
653948
517494
631858
43260
433235
970484
49249
510464
331108
442203
841276
605651
130882
373059
24721
646891
650520
340546
735668
848449
995588
857856
795371
731607
467888
23297
746939
2302
591809
290203
967580
255309
117042
170219
343600
801037
936569
808777
882392
827979
784818
674288
864925
303270
126918
333778
40240
353941
217912
729339
209804
113488
995726
210726
379192
169753
259828
969867
197837
28571
910623
22891
594327
493488
61497
469417
466160
487327
627257
848297
594510
439545
820049
698092
776501
217392
139584
844302
520385
685778
588346
431280
911305
717332
221599
831890
573872
331025
159975
649753
888008
105789
226135
945648
43273
261241
228973
674374
413651
943526
890759
327012
258299
395824
522585
810822
453121
453817
391036
96774
213347
9855
239761
937966
992752
710895
396361
174464
215984
660113
70320
168373
916715
583741
225814
218935
814732
555110
54207
663698
366769
220299
601710
669396
630853
919508
514082
712042
877654
710878
620414
739720
300056
97295
247045
539382
499821
167874
803008
575583
116426
357701
466023
293840
4207
890435
527099
540139
544791
221883
49072
428101
172196
269443
201424
306371
810288
582199
431242
195666
176925
677845
803683
212179
154930
739620
554911
593231
755241
198802
800302
236210
614815
962421
394417
448564
882173
917060
418995
867271
220375
120716
19377
818175
325446
507818
891151
453889
977524
507685
317194
500777
220397
283821
282883
652388
581382
259988
655771
699454
944410
313117
567392
820597
65565
613486
700128
903366
661660
306150
578771
763053
355067
443653
757877
69044
667947
586461
418710
779624
485497
576615
924699
808254
773403
230819
495522
45757
331991
483389
142846
468999
593765
875414
992494
377710
256255
400199
54360
877226
979472
667211
626287
443220
905791
215312
639932
242339
332856
384165
739874
442212
392109
325363
131814
608220
382518
73541
283136
294632
538207
445106
620314
44186
553167
703971
237014
30801
341519
988924
769049
668374
72252
745499
428405
87706
339047
523921
593325
313220
56777
493473
795911
282232
716913
249439
907713
209934
774895
176325
764962
206913
692388
505835
138833
774868
375561
241108
927759
633346
712856
560518
488622
129486
861350
423547
637322
475169
278253
402967
991095
404558
546022
490842
797371
782661
433068
278905
396864
340102
200321
755120
31662
471576
450350
386155
351161
383553
301916
419406
891031
114128
103576
647487
313195
885584
475580
665063
424599
192821
223275
68112
537973
589865
449248
548543
91895
521523
944958
502197
505186
478509
996022
3474
896581
28470
974942
318446
632979
638213
979055
850401
712049
381917
521677
800223
594144
598249
768962
349724
480883
235096
770566
46294
11484
993260
720134
863520
700109
578666
913567
857250
632008
143844
416960
590781
239593
152600
414782
216821
898181
360177
74863
338779
733708
990181
181947
816363
186213
310616
171846
403462
36570
909648
577811
901243
603471
103818
128665
282954
591836
607766
130341
225297
287795
197031
785692
904687
158087
40928
415858
178605
377395
395422
767718
21648
789362
424911
264783
70603
228565
200375
279098
489419
461586
198825
422928
415886
728189
25193
202774
506975
416171
675281
917486
691283
94454
84291
819381
19860
380842
72563
849897
440157
877113
544110
431
251580
133809
67116
431170
149186
450279
667620
733084
981756
121484
113384
984389
663399
852962
907204
299398
216537
140113
987068
439357
586368
365157
148774
618889
855381
324283
839019
157430
758126
632969
334165
228856
298585
78616
447319
937833
347580
728715
542514
570169
960914
955454
32939
510032
949164
280068
487312
633798
224842
167965
651300
757236
344490
171853
460716
614613
458477
936879
556506
783927
873992
806471
187288
355366
977984
384426
410674
199588
457054
980696
231641
63634
773374
33559
932560
732607
49381
918940
966172
132366
65763
491647
198732
548196
600486
780544
431874
265860
600225
595272
773399
471224
636193
432500
68793
41257
234523
4448
42657
116246
628685
919105
470869
337197
77263
681724
586426
893404
22533
434750
468317
387175
852994
952792
666214
859592
148125
234141
329709
378771
205745
694672
201742
425621
87605
651614
704804
55714
910376
889315
869063
977021
809006
904874
673537
839963
874384
407987
359061
765397
300522
957627
181580
424472
568214
748434
62562
146078
853557
979722
329582
998721
714232
716370
354741
634310
647694
72539
301899
467196
692239
573311
708777
748974
905935
668392
241257
537536
465153
82635
583770
568000
4374
192558
203010
13026
11629
831225
545809
729325
575694
364097
260398
637839
685631
297261
449128
945056
46578
98890
864727
754065
447369
824532
608794
332703
828982
479377
369618
746423
961800
304357
594218
671784
182544
303706
105400
501591
921605
768398
293713
746058
150397
311153
370233
103006
281587
5401
733602
624603
478300
259722
638098
585567
235497
468776
277719
354790
775333
694717
85613
868758
937256
336603
169740
276965
766346
276674
924601
482758
407639
896192
695001
883440
168440
867165
767535
551226
257893
997140
712864
458663
59599
590793
182382
217505
786765
69719
160719
753978
109399
79244
800699
553051
953861
472593
598249
14800
979728
423164
300480
913185
856838
31442
740514
786125
366438
979871
858222
89412
231335
658357
373950
639765
766350
352194
69901
541696
785990
233121
238641
552861
375640
773511
691229
265092
374698
544426
755454
206989
985
847208
727040
375301
750601
284829
72884
869869
506547
849234
911699
889584
846679
451724
560522
904804
275903
757459
489163
791303
841341
708190
517780
613923
439725
431364
17001
73728
874268
372812
808729
717768
581817
179152
561746
726416
382441
956478
894966
737245
9035
332907
611400
263543
251511
589844
870679
913836
475540
519518
480638
107164
203689
900896
146461
399156
770250
400029
491788
963817
644228
213981
529802
425332
420251
174377
627962
507785
630715
577378
528357
291640
323677
497256
34297
720773
555063
451623
746548
73463
89533
930127
237240
807881
912900
114936
817578
715128
290673
757233
279667
632290
234448
248388
758589
875048
515368
202496
683755
257781
82401
590282
794943
796226
565197
237451
346445
205195
483904
827249
397675
497960
694794
604327
780025
877650
706021
404304
788888
870947
246651
801752
537794
994971
772719
893782
84317
166862
150285
365226
405396
400780
780974
80444
811723
962284
761202
124129
382509
261126
726465
75038
183594
962463
903131
972953
708507
247649
892969
281783
849446
999881
446103
322416
492005
58846
524236
50077
941083
349737
44324
946563
535514
328774
711837
537987
390934
923471
594243
315844
407401
202961
292979
441137
826453
877577
144467
799829
56777
576719
193998
838434
254901
317246
977346
31709
569375
777501
875788
501130
688360
143963
46903
877454
368301
418609
899297
813995
461663
604182
474957
593871
718808
721225
627231
464200
658253
893472
664974
50278
877611
992917
719915
455198
813999
888538
213363
557053
496038
450267
588456
37568
166111
304001
608667
848376
441370
388994
861044
183062
194815
95131
128443
279261
159155
571342
16270
742472
560603
987729
935004
530795
144007
641988
840688
781168
754560
900838
525029
10478
51973
217249
291332
173220
908661
118215
212078
684215
966702
596839
20840
290254
194987
893195
223308
264873
657606
610351
145152
809215
175055
764970
385689
304610
415065
626254
650622
640161
86887
592336
716804
521439
228677
931175
655525
346224
360493
155549
995282
574957
933922
538115
859948
46972
546007
133752
888926
633847
548208
257096
798941
59720
738622
339627
6269
822852
106642
531797
236717
388726
380765
771744
396188
111852
442687
236716
623622
938791
315082
829017
704706
857024
849960
996709
517525
996254
734689
406712
239796
879489
331371
338452
18474
31283
872232
9334
173471
661564
307723
735249
959855
788683
257428
427695
195035
231354
403404
130514
108073
345288
58937
367627
908407
522483
131487
424218
141329
47965
835445
688884
571440
166948
476227
416373
545457
38540
248569
458759
161483
527576
547367
402288
330068
852381
427995
412533
12094
622891
371244
58516
32109
54017
883345
803787
418323
260320
892728
396274
516183
798124
911998
911071
82823
321164
36993
775968
718264
210028
95605
308207
543448
92670
538734
456932
95988
556636
182107
37302
690911
856071
368891
417049
90642
986498
598321
658590
604523
659296
396548
798554
506683
720240
606828
98959
943749
557554
704796
526062
388666
288251
165043
417690
841846
267661
51205
802225
641731
768671
79807
693440
988731
278554
44085
547246
938230
525056
548252
865282
55823
927641
320679
730404
718727
694158
397901
27190
561465
208671
319607
559432
494049
655506
866573
232564
534155
623983
670348
430227
886511
314649
520699
683706
323454
578418
734317
192214
855886
877600
152054
127233
82644
87744
324601
413639
637478
935723
244231
103259
993239
295320
839614
928862
156136
359911
730276
492205
615206
662232
231131
425138
545591
377329
370134
200605
521625
26652
545751
335629
267285
206565
835561
908718
589253
912808
850325
295673
945264
153115
783006
676064
608669
14485
307114
112772
449875
920100
813610
957599
70977
402668
196187
974377
451533
84938
113060
475279
364292
435412
40043
859586
265652
148477
132306
522557
212151
179962
126036
252637
248071
655144
927186
807986
263600
286597
557925
43183
607991
491860
535874
651866
820283
93099
355379
837029
497948
719557
528983
330541
837714
56973
785597
209416
982280
550273
232379
866756
353854
452489
199386
320918
135130
516928
440755
493005
661204
780494
95843
401614
100877
723206
1094
876217
519932
767596
425501
312604
210127
640929
722765
412805
362993
262622
711124
575704
994516
375708
718190
101300
90339
223310
467160
798996
158757
130440
836988
876105
402796
972699
176980
663312
784393
704382
211925
382710
94698
242552
624706
897078
192830
241138
743560
589623
719256
582026
670357
142724
927045
395261
59496
606536
696749
23447
188969
193064
718037
637483
122408
111838
771064
345981
951643
685272
550345
767698
269750
299037
71635
275556
839292
270540
73707
905302
967611
826655
826948
239676
552663
406664
242335
793093
455518
439541
485235
831712
402267
781783
740487
82173
954307
532871
743600
982939
207918
207349
612837
71307
999110
176685
34302
439519
297282
688078
731568
114153
743398
525728
376111
576575
739762
251788
366463
800675
457618
715019
960609
209372
558179
888722
965768
381826
694755
193240
579901
79710
493458
591672
797815
243707
988742
128818
521063
336255
256637
20198
718413
680010
450595
936737
962097
359254
992870
123586
900970
607990
215170
2105
825443
224925
454767
407105
319890
760199
231218
752781
766042
596838
315316
649199
585416
584159
136169
877932
786493
713557
701264
28194
408593
980358
491749
105211
416240
381101
202972
943525
560571
228699
540939
557219
157292
921418
567696
736963
729022
309934
215634
615210
209031
321953
492236
438020
99764
666350
104849
523576
202302
784686
190506
775619
689566
115170
492616
255628
796025
833911
676613
696987
467795
151737
994682
879395
838898
657295
450603
490403
870180
466424
403550
437328
362799
396564
192397
310874
965412
132343
980467
85415
351318
345771
370548
59072
159343
988574
339943
250948
25580
552552
508831
616863
336757
337072
941225
821351
339030
895685
343426
653428
569781
941349
107880
443271
826635
878302
289775
261319
748765
733225
866115
348895
14959
329138
595801
657846
564691
872156
857358
514015
383696
830019
159208
418191
750012
947252
114461
150505
706672
154618
417442
361079
987189
970633
204611
988721
782772
52790
233862
913539
581865
971335
866197
692130
341846
707627
514818
685053
490064
596826
929841
349854
430699
156276
618535
881750
862202
333350
270112
714403
204626
607715
245533
549601
879343
533448
328999
717547
518326
544125
46157
94427
627503
224043
371715
643892
584810
101962
350947
458824
397017
732124
652126
256642
150979
996359
386834
9244
247207
224864
965149
839295
267079
517362
603695
404256
564258
743058
375102
879777
487411
594943
361190
883094
54387
417410
954811
281585
440384
979121
65178
676775
320071
762834
572524
185545
89876
439364
235417
615750
833590
10825
659079
89079
531633
463371
525722
136042
95437
876232
377761
874773
408817
151518
503332
118319
786329
373532
538271
693669
764578
347652
205651
209991
278175
858230
479607
930206
3730
255791
898150
827993
422289
266615
773870
539252
936365
286025
1422
37748
851120
613241
825132
328027
379638
104174
150624
42090
961995
812696
136141
295059
690441
339520
299283
860697
466407
920146
274426
65
574430
320434
680651
844857
140018
398778
393107
842768
397343
686238
436061
307263
67082
5295
486769
643710
78188
585049
664554
940409
189977
671594
163493
930477
852736
544753
408141
827601
335092
884578
660633
147274
386642
867017
48418
115963
839547
214266
351547
663920
993833
650526
518518
745283
634087
54175
660327
641384
808512
873995
647668
869270
464291
67566
45870
362228
637545
797841
553679
650760
311057
882579
389966
165768
879843
971147
979376
395204
556483
380141
973110
319576
713329
899582
948591
793295
96305
930356
270541
280482
74090
682242
37395
308226
204921
533051
125986
446785
233183
530019
741274
66694
413651
628968
334584
911756
223359
80411
76134
420182
867258
663644
658608
410689
722987
859828
322150
367916
737647
969514
612121
351325
775571
8367
874998
141953
107122
799376
979954
793174
726292
510392
330025
289948
488000
964983
445970
357289
773327
547425
360003
399091
400519
878039
603837
234568
758546
146713
227839
845656
324976
869712
588076
204575
634628
601491
185626
71023
65696
854479
645393
505669
271196
764328
876399
139578
280444
67762
168006
486538
494837
239869
650533
698103
809590
566828
185505
466662
701784
298773
772393
92403
197925
747616
134764
83251
73250
542271
766862
402492
184108
954556
95904
874781
321915
120152
492736
11493
777689
626553
178581
516640
666991
550602
850790
349913
570168
85574
305160
399537
919411
927165
16430
734779
332149
801280
383700
751644
153143
540633
161048
199613
502882
606584
533632
408047
251261
83595
375252
788694
425451
489581
484043
392418
862961
446012
379506
642787
571968
836046
535174
225615
553235
58200
566957
415617
640606
100177
731900
20291
83579
329280
112954
612407
592459
305343
387090
537594
640136
936901
632506
179865
679585
980667
493633
747967
898597
165939
304874
814196
585171
369008
772101
695781
320424
469648
861721
768429
315181
510220
834488
141795
108198
705737
394002
580436
915437
10283
643641
962726
654810
30831
390696
626371
918581
471869
471432
128712
985169
43351
617330
307607
432490
470595
797271
836129
64658
984500
172406
65741
55214
101823
510883
758819
608826
661536
471561
481566
257580
721448
516935
514376
149693
504954
152054
376355
224385
311171
321461
600455
467436
145431
961351
150081
893982
932727
631282
809406
757736
672519
317037
538287
165456
364656
865202
702413
392783
414600
140361
614226
549743
196975
931528
842530
247420
537437
57701
501713
60224
122660
485757
104485
121082
667367
836941
153949
10714
524451
305676
603272
723356
524148
235051
537510
998656
32181
755705
51423
183467
332375
129077
388298
478053
325777
587936
318364
557319
794720
800276
26002
958988
748640
881917
292
226570
493852
23813
632044
786905
97507
848904
431535
51274
237309
255688
707591
803803
203598
478393
510186
599899
244876
900365
597487
803894
676348
923679
300561
774337
493726
75894
297354
805763
85739
77737
164806
260795
26962
505019
524421
412088
85058
493383
355800
709046
182973
13471
461602
855808
418041
24868
611111
978957
167944
797211
626236
211142
744622
123616
925913
107927
663550
117831
821682
125845
479937
302325
478020
184118
996265
454208
905110
66342
664816
766819
454737
137675
169340
542692
643157
264635
499045
874330
169659
896203
26166
448960
402391
561026
561562
512501
44890
246470
727310
560908
177757
933501
809612
683658
985116
357277
634336
318855
614237
124683
571148
403516
627846
800116
129243
911902
87218
25679
874153
572868
644753
922668
973311
409139
295288
365197
145379
568280
317518
385667
732799
103281
574026
503999
592507
898483
594162
332969
310033
222616
596222
341207
657145
289479
535588
859514
159601
486804
231608
587524
52344
157035
865416
220264
303173
204855
993762
704431
710169
653684
700172
676523
355057
512264
604136
25209
643578
353641
48242
331777
510472
68828
851306
430017
420538
41486
934671
906236
226566
749600
877049
858471
798296
656230
123223
185280
864836
932969
373846
932390
22999
836826
652148
941130
574832
187256
548469
128130
721999
804531
48060
59468
493210
827607
969502
721437
57475
63045
21322
448450
294009
522305
908495
948319
76866
615261
200170
535396
605166
474626
159790
143881
705780
724450
421175
445800
63276
834733
547238
330319
369968
728826
214579
828950
341667
215408
340275
229807
108422
446939
422417
208928
675229
718584
343515
831484
426599
172846
562413
228662
187367
544058
501537
411183
19615
330175
369519
424373
268325
20005
368370
883887
622541
290068
644359
830486
483686
882700
474742
545176
549440
465043
302921
790971
900586
865878
384232
213126
273672
831887
199431
945467
550689
179825
464644
447295
883276
674348
865963
720191
965765
486676
861068
59061
498677
934480
976880
497571
438358
535126
303004
864835
678853
105702
136653
839943
423960
240814
516550
988111
210252
882593
120092
363050
205445
492541
22166
902026
813186
503979
50051
696531
598143
292146
146881
657438
934284
177958
976025
389027
679565
387339
747040
189275
492200
215370
226410
614352
886656
99149
211226
741257
201569
229060
500236
35136
691541
72586
103144
306716
30745
357852
559127
390344
61877
814116
557708
795672
771131
557916
844056
457633
887031
267335
297286
382181
40900
220130
880754
621131
25059
199208
985412
762394
759242
928634
7641
927294
900157
697002
450185
585459
834292
788891
994727
151656
230767
460006
409639
737542
88706
859500
928944
201341
28593
198481
857231
505807
878150
634248
707258
451299
120419
672318
703633
393251
624766
606479
628882
174566
842110
272207
138486
835568
802169
239141
189768
529528
499013
960935
820170
277953
821191
940129
868021
127341
822468
264667
858607
518852
103847
989062
949620
508234
534003
914988
777976
642299
886525
408149
986627
843182
746752
276337
740755
719244
691034
73804
560554
195653
403395
101055
365382
192368
359504
297895
909502
732481
33936
359455
616620
119845
421468
138134
659135
462071
372817
539785
158341
143717
167530
819005
162550
665377
80852
96794
514663
716197
910935
946395
323186
592554
952920
601324
819026
911669
680086
702362
413756
255672
829059
582559
88456
653045
239605
625837
539038
450460
717214
702582
376762
446576
158193
407538
400430
428597
613881
599533
743765
594332
51096
344634
160553
411392
651622
703344
174024
149452
867286
682272
33910
860407
284516
481794
375200
823307
443766
265790
446714
110524
494732
409599
43849
455837
41785
277443
461702
881869
493328
258751
38664
346211
1568
877180
981784
146583
141849
743696
738373
238170
762818
217766
870037
753249
784693
521687
164234
878123
784249
741232
332438
959561
937901
630062
962624
520304
481276
382412
187152
691742
109018
22897
286409
48505
563451
59368
701989
501524
261946
592062
402849
70509
262603
390178
511923
173537
937838
723316
141314
864330
816110
909238
214262
570654
769562
908932
310472
800472
824937
875848
720051
44293
396130
698251
537710
203088
904847
322533
146953
831144
326473
677551
111544
6040
816219
120762
444014
952623
628514
529119
874188
997771
618525
643394
135566
335846
399135
731474
180740
266405
25736
205702
389517
538061
850660
375787
509760
492311
907314
188005
972821
542996
825389
92761
496501
217366
698025
810943
404454
320071
147136
627884
99293
648334
196320
312662
53555
159618
428861
596600
455064
383207
296647
613198
691526
170178
664002
237863
895866
214579
461183
16478
835269
679316
815393
867950
799834
737090
451330
959811
174982
908756
958651
221014
712418
389910
146079
506293
22021
434919
332186
514664
432493
284600
802081
398210
726641
377330
412331
755422
987959
567439
772481
699655
346589
30695
79351
6647
453273
618028
244427
816901
151240
440925
337980
864743
585279
330840
32106
529884
174463
323356
175873
48874
30810
50035
86443
455700
562400
324406
451342
110201
474657
31321
773718
392813
364263
448995
43374
464765
520347
587152
116769
441698
586562
970584
498032
467483
513560
925226
563748
34658
930764
395507
122399
440098
771337
317369
343393
745427
730609
310777
469290
631734
117625
701072
298835
974606
101143
798304
726746
511041
947728
342569
465972
748767
900271
872385
25779
759453
752168
714908
780924
579027
987707
479251
166589
683292
370007
392921
385076
283019
55281
175894
105316
705351
802586
229801
833661
486509
707983
395770
858185
333873
629685
860294
739209
736777
913090
773200
205564
461498
382517
969338
811878
619977
154828
130217
914779
802294
72064
565235
809637
592994
738927
668200
385198
966395
774367
715061
770038
706348
16478
214630
701883
832156
983987
256621
677696
752855
198263
953076
696394
227862
187249
350171
956421
494719
673080
91360
283004
578117
426190
545085
929038
171134
115139
946287
85532
93846
41
993065
95389
845299
207972
699873
130297
424070
397224
954833
815755
30965
362120
139746
725603
567807
67526
887992
383824
835066
663315
170129
409285
735458
458704
70158
854422
567217
865205
613430
242705
526194
596471
808716
589657
354513
834871
449741
21823
455895
199211
212298
199923
694868
896503
115177
687221
565252
880510
700500
57304
334527
24771
337689
354992
91049
998539
448297
349260
969014
173598
545195
574004
242295
648746
59027
514304
188373
850773
395350
586745
891018
594348
848172
703267
947856
159101
936673
998152
41535
260015
572133
708945
648546
710629
315236
733367
793707
549036
591706
807912
877301
226451
763609
895843
668272
491038
66319
732509
320587
731946
919147
766905
36981
375312
458083
237452
91301
727753
674182
727015
173216
749490
115113
983858
403863
126207
733211
260967
9262
335136
115640
877337
392340
854498
981426
471896
688350
959510
669517
949467
385194
327892
792006
815420
930653
442659
863798
725035
957039
549522
362032
331215
374682
222393
956329
587246
518402
216003
643452
289676
426197
778772
737886
590371
249198
880149
370320
141708
151135
955097
709357
114983
857528
500948
723127
946546
967231
275147
437790
63012
978145
78861
803494
484607
994409
34192
368685
343606
173316
264434
338714
87628
354409
399831
684073
560774
798025
751665
637496
979177
172172
269993
38725
20234
946319
496388
619335
569798
873734
310178
126698
561767
353650
85798
344578
579505
25544
793459
233538
427298
335121
714114
688307
323973
990334
628008
850864
580055
377191
444460
584475
747391
463310
498687
684979
472974
692603
362830
149088
238799
554015
67479
806235
337997
522459
205535
500077
47860
384000
19317
768718
161700
739844
769598
536181
740151
299605
939209
992413
759381
745952
549017
295403
181156
254266
234843
742365
999332
733522
61754
447975
216052
418147
478496
247906
132049
664410
228404
446373
619720
840481
325408
478720
318969
175393
317690
969669
231337
915671
138265
128179
57694
270117
207935
63794
553675
969303
48693
599034
770735
660122
81496
383576
473989
781177
172092
193459
250974
523152
5744
749180
378634
79579
577429
436816
344270
775925
414247
671539
294123
148252
984167
776115
404143
102854
195852
159950
606463
152620
368298
612229
738662
207811
398445
674473
202680
409464
8560
994112
167073
830118
836317
346024
583124
888664
58403
187731
635425
936918
883564
675583
347356
269511
620614
375170
974598
353812
165634
815378
667595
452128
939333
771454
110089
754033
945165
376286
660409
521466
654735
726147
54393
455688
732192
319610
200425
793463
592032
914301
669089
355500
180828
256832
495109
895772
276941
635250
139315
972297
913800
830790
611475
236150
130288
958568
835298
748261
22008
620142
471006
274713
689715
41304
950665
928043
41700
142506
20199
996889
471587
275145
256964
124187
710579
109316
649841
914201
796569
857936
421873
501349
724010
409544
729020
979621
199462
828525
233418
297549
247534
109787
978662
738681
887281
389915
17156
870309
635944
534444
928266
69061
965832
74771
647984
324949
770785
1076
824788
385522
435504
168568
211237
458828
32775
299983
757229
484334
379832
182306
994184
944280
563913
129663
361264
723659
473093
637536
362129
553442
139750
455272
615969
321865
354484
173105
965197
524210
664456
333851
185654
633236
71702
695866
556147
143724
210817
372441
82335
720387
628013
325462
188595
586945
917397
741899
236863
988561
969479
158016
917270
371947
762734
256627
154583
337298
333550
488461
698112
21165
798271
80194
673259
832291
175847
475030
887721
546232
932450
257641
829544
173170
632509
924761
996936
374
501035
116366
985596
109835
584519
177502
607453
568349
629241
853359
722383
665185
364281
126691
389789
172035
633835
533595
188075
983496
867328
712767
489529
375099
986223
889479
239527
518684
929218
118027
181696
779857
315755
251683
358396
523910
60835
438877
71171
308125
574995
338576
505811
611866
955617
36706
304161
725631
203046
943840
547540
426249
927015
548509
176053
198566
366611
94684
214527
454066
263130
482073
936436
660742
249656
250218
4113
357320
434331
535372
705433
628258
535561
381374
194412
201408
51570
169195
134630
100357
726333
513099
562337
961439
863472
993876
811673
818261
448996
81492
837917
833616
365448
467846
517177
209151
598899
869655
965883
771764
816672
947764
603937
955678
124538
762449
972300
574732
13847
70014
676616
627785
770626
741250
346710
640927
292330
105192
477100
867561
97223
71931
768357
404556
391444
429877
920782
27437
253873
919317
919459
451217
979897
547150
197749
476199
214899
281670
917351
616
207490
553527
547002
570556
95099
406503
8960
575383
563935
248788
833161
730872
913475
179631
580935
698185
652416
946753
145743
427933
542227
939467
945717
828361
550841
608906
311945
825176
652508
860687
909075
63253
27182
196743
413572
164862
601446
6325
945717
401751
605452
512379
384434
233109
152670
10073
765257
830277
139764
189579
116282
619246
530727
839774
359465
803559
362005
652953
117099
168474
586188
801589
531833
223778
330426
37730
258769
961658
472598
886390
724841
486587
607124
34175
175468
187476
523688
724235
815119
323626
83449
425575
228650
188137
65622
755720
339914
687550
399988
14296
622167
299764
25850
229562
660865
541691
729101
227240
617503
472305
415924
374925
539863
942586
495254
534389
755727
882392
566443
238592
315731
787073
556688
810878
570156
268000
272646
719077
529442
778762
63519
799418
250477
377623
337640
393529
239301
854380
143067
344439
628090
99334
567962
19608
356489
207010
662904
343001
711132
440695
620296
765898
157503
273014
33120
345274
688585
256182
640667
622413
681845
848233
68205
630182
664146
542381
396633
347338
416545
937966
593784
967151
411701
254660
120023
567921
786389
646582
918826
530910
237661
289614
867707
756307
468643
965409
845340
850621
203101
90112
983241
631352
957979
178421
669556
495607
907330
713581
435005
335216
831442
366042
190450
501753
736791
524127
510263
887250
439811
320084
407852
767517
943256
148295
552275
678938
977243
642640
452613
262873
801741
972608
947333
326482
904335
737605
177243
255102
173469
541425
44939
543766
619068
798235
637598
751475
691555
150699
150473
124730
998682
289106
665588
467269
947363
844931
484721
681856
152220
546619
343228
88740
683420
989508
777428
599646
641257
626216
209396
395218
532427
198070
709705
117667
435596
555277
389560
937092
398847
174780
63923
659211
976954
153185
855674
527184
873543
52606
992059
279590
733889
331736
902376
772784
61924
891990
818375
432988
691787
513869
82070
646266
150511
224779
189424
400885
982859
748561
804540
315406
696930
276884
60359
919278
920962
374587
811429
530271
238828
13023
596089
169555
356176
203695
290300
310876
30122
655118
228057
806401
680725
22672
435965
259299
193859
471634
21572
151271
268379
365591
620712
574813
311519
24136
807343
696918
798981
193103
158114
415798
800305
852322
875887
127596
724665
825744
333740
275432
910685
628334
709678
123290
809639
774552
655651
226028
220641
879238
273690
5669
963074
429460
787241
461968
923224
651444
48672
444083
823648
84927
50192
537077
120027
592212
235428
391591
427063
533058
28196
689656
432332
87638
896678
115900
19660
303680
972346
477269
200266
638764
568792
696624
108216
555138
519180
388504
901419
203092
441287
125684
54411
956989
93529
296195
319582
691994
639089
452000
534571
538882
950777
277185
58311
429665
120418
309460
517381
924054
887016
105685
36346
261452
222231
461070
827382
13462
251760
716898
818217
116888
434721
322754
876376
497464
349607
150459
304323
213532
818976
756337
681362
877400
960931
780618
467634
362716
215228
693825
124447
373614
107441
180492
933390
790072
960331
508334
423158
787548
570091
151212
479133
95612
538133
210619
358048
234363
477172
94829
446964
995593
26715
202257
837137
398441
585172
86320
340517
659880
380680
887283
170846
282820
527037
85197
745629
441254
906516
573541
43001
117094
108843
925475
679203
432715
456208
856363
810754
935253
510964
247309
368865
28138
445477
13403
877041
861889
271201
421377
12963
539161
954026
443936
737362
91420
375665
10791
683521
102150
102652
286473
333356
18364
862186
700582
154405
508701
928128
633877
51356
617628
18152
713030
405813
485067
788678
93831
844950
301371
234395
708896
180634
630389
93299
554808
321826
189650
183993
770982
364790
401690
545492
847724
676469
14103
756693
564622
611265
386736
861658
821247
171117
418548
862717
620619
228208
139599
517054
725626
988987
222035
44547
357648
176585
512969
733673
18729
141756
842511
772633
613377
298021
719832
869660
552990
947206
253685
260858
661861
267544
883583
344367
280996
846833
390050
983894
174585
314555
540109
222268
935103
433563
679200
191044
915214
865057
278325
910182
410270
898421
454800
692528
952467
499861
137456
770213
390928
204578
701288
685435
459131
954022
696941
446865
470670
427008
450168
961814
10234
942496
795311
926402
368618
634379
637845
592376
144980
154574
751515
970868
115270
933443
287090
358684
271499
996315
282965
117959
3758
302141
538873
840608
366514
729324
739399
118322
243503
772708
910076
999471
437950
209280
797695
110353
20162
564557
797905
366448
26991
42131
362158
983516
704005
44458
100891
73215
877815
453475
676629
541189
116505
510306
197320
446827
626461
856353
234806
986386
742065
432676
798310
647185
398983
714836
235502
335092
250609
421302
264608
595341
691764
437162
335956
783699
881
513789
170384
771843
928112
2415
181398
720860
173583
409451
218341
899086
158006
739304
758591
27123
970850
531069
58196
57918
277819
138143
914474
141445
583603
791897
95462
671214
277679
684985
964222
126849
796129
324137
751882
901232
458036
956701
942027
532335
789521
326461
246982
882876
622201
776119
978258
967428
375618
804523
322287
62420
737855
700479
619562
935370
789962
525749
363143
654608
671444
65967
102484
848058
368292
410054
280575
471789
397072
325027
943419
853357
192216
963393
564690
979809
656772
941923
772789
256333
722072
647578
449525
829722
465031
741378
147914
103905
506204
373859
264887
198172
656745
538901
597567
632311
843017
280204
902826
650357
461305
321414
228561
235493
611619
854118
332516
841649
692141
572017
397048
180957
707851
273960
220651
530503
587161
33241
702268
833630
737125
896399
181686
493686
176727
112393
756444
834757
452818
392355
935946
543550
203674
6812
156463
639719
996208
679768
920122
584893
895450
930192
516429
657316
195855
276706
267790
464869
16821
532923
348132
557038
204413
764794
294091
62472
734936
772737
654376
490734
550946
782287
507382
643726
428938
808814
736944
563811
972843
952898
760774
743729
819609
810719
694741
927264
194996
735114
678342
210708
775660
673118
98055
215189
775694
435456
666910
291118
309645
669808
207076
155823
895346
955271
929549
317721
495967
461381
454241
252895
337176
482560
462829
579187
580876
958509
855534
651093
796396
179450
868363
729748
860663
924234
4296
779143
38598
87826
299818
96337
101113
627451
77093
55695
165062
28438
868515
566765
787755
199578
369459
384890
474937
10001
684604
855259
788476
806209
543260
791634
938233
916938
898662
202855
406817
995628
405819
821881
948769
285728
450058
479664
283433
424484
676323
653317
333
33383
864395
798067
234203
484841
54993
917388
461915
510283
237900
194665
662775
782039
377071
835617
813201
126005
433838
46087
391626
232911
155483
313248
730477
407228
932793
183549
431595
835302
590185
481408
248761
924133
487400
679907
97719
983188
42446
510921
526146
163605
17065
76076
94753
515857
169968
651115
991652
723156
636870
247082
511354
60060
140347
309828
763284
72727
672105
5485
540084
874816
2843
354843
980530
518111
630401
988180
634664
637985
658133
421020
269637
809154
106178
977896
371709
97357
874474
529744
579235
907438
255044
772987
161380
840598
847138
633568
297314
373882
845225
574024
333995
476611
83684
881971
212644
265478
614586
539905
812401
867063
639864
660782
735203
491603
453149
345729
266376
996660
328026
152975
450681
852340
24836
769908
961845
288590
162885
275457
412844
185482
881304
540052
698862
79332
589258
85884
952546
612028
647659
95507
117608
882733
148206
661208
957711
777512
988815
23998
97101
947430
115478
491425
364016
354270
167663
702463
95857
42729
804118
181293
305773
474787
760382
329151
461054
366885
392686
940295
619819
683257
213223
365806
312492
194861
522843
335052
26694
162181
760461
65039
439422
152563
528942
560086
261053
466439
254605
752435
270944
597941
588270
294345
613745
957896
241094
289844
820564
87506
73741
919856
469381
11126
9770
160661
581282
53844
48465
85692
534652
685351
184421
303820
821675
528389
516792
877649
359936
127221
347572
964014
107323
452131
797449
735669
548823
132529
411083
798239
366310
636772
484639
952341
733813
424028
33775
322587
583191
448193
634891
359701
698338
984551
425526
379749
377127
808399
864093
252929
742256
877162
527026
735650
209840
898892
663861
34038
902420
757556
328797
578045
647799
215564
888257
31566
393645
971312
930549
670261
622232
678168
638454
835428
49891
682755
441503
366192
405212
433583
14700
127120
428739
23441
685763
939718
310598
561533
116982
348398
48767
201419
306351
788883
614747
810807
651978
870635
392072
463460
11505
713846
567272
112189
211569
362763
260023
96664
920632
835607
414196
836689
670936
485459
493215
475249
612782
706222
761662
106658
815547
73355
617420
927355
333150
748004
898790
706272
988408
470503
160337
848862
406679
193335
565612
648086
936994
801039
430114
892546
224775
122013
442058
821476
244269
120916
950857
163701
972206
169901
652377
119398
304491
659293
946927
824698
925947
51904
507342
364148
609075
636780
102617
337519
211914
459414
989811
90725
421422
829098
866348
910433
130291
65763
386432
222161
298271
52534
521251
178462
641532
711026
318984
791194
456987
289458
966158
524232
515311
50784
743232
529212
948582
329322
188315
97421
330009
774064
36928
144093
293260
754221
959122
864557
780580
70117
18437
277488
246646
939861
299564
650191
754649
741136
963499
760495
614060
118958
791018
391161
811019
715972
852125
276814
387804
835709
411740
16050
185569
553995
217286
311618
115572
56255
255485
695918
331412
911559
31621
176208
415431
754917
825906
120294
356233
4118
12129
378682
600545
366364
789447
658197
150730
347932
925681
107986
695935
482716
50314
563793
754613
158581
997785
649006
685122
804669
680071
940713
297857
403608
392094
553154
112569
899037
238587
514270
219770
621665
395042
674754
383317
595786
377839
670433
670389
733733
905018
735272
480330
712943
830630
226785
739906
403875
248934
297072
625322
220982
8755
256949
592168
349739
52987
254890
477510
149122
641895
564606
180181
309723
70532
198470
395342
446479
202916
573822
324239
897767
608910
470416
39816
707216
807600
598243
401329
9203
201144
496982
831305
430951
609321
864810
470860
385406
426337
42861
164981
99456
279687
767929
412393
95690
930970
375222
817169
874354
964499
973124
923752
236708
37707
632263
48248
823598
808895
265266
299393
241713
935617
652321
132844
657197
241204
975666
975735
311639
535240
835800
905182
483967
530559
29650
837276
973868
540547
45606
442688
631783
827617
16701
495171
276658
483979
982859
804329
261485
255817
781771
384212
518353
714597
889785
130428
237713
565355
287906
49129
377944
764458
647428
742199
809650
404266
223913
123319
446071
405186
945776
595350
912931
914861
600714
851565
536109
645376
602333
457405
647504
6984
872165
872335
952641
211312
817643
204756
242689
391107
760139
128099
437608
13982
612167
910448
697600
855096
546101
830784
864219
898459
987264
7458
590765
152556
395911
25382
677911
442537
327559
186926
297948
563190
994193
339406
745787
407228
303534
490771
175549
818656
434092
557357
36556
138211
173592
229130
996572
611677
970235
453611
681991
206676
631807
749397
322900
383376
771186
200677
872893
963152
426792
929594
962407
385278
854604
570986
143359
312239
546212
884185
747162
394366
480656
575588
135899
384090
679200
165669
818308
673136
781131
929156
70340
672571
994031
561011
945394
686374
77621
123600
895970
419553
952862
471176
880881
126777
593014
726152
105263
66415
282790
48921
344787
312649
904507
958084
397502
185613
219605
233436
530286
958288
514352
246840
656653
656376
216514
481026
80558
233183
725437
857142
43737
616952
614371
165140
282250
798912
392788
791374
302385
780497
714523
768890
253724
593972
277764
761930
997083
633352
223877
644243
208728
165480
501734
696649
396568
535453
709889
697498
551298
991304
69892
402156
90102
531064
268997
66412
743454
136835
325826
988288
638432
597555
798983
606119
63386
563032
222876
574091
225671
710812
958882
855903
879703
264253
579255
529128
41921
674901
54833
805009
341474
274180
22101
655226
718406
86464
621395
827553
303683
317717
572777
570880
400818
86677
769709
131803
909026
192016
769438
195527
901096
755821
625218
287447
674671
179869
176920
784768
187096
216241
815934
758060
400330
174353
266539
960404
740588
489015
970613
632281
577980
402122
731854
996140
388660
193075
160143
929700
762461
463345
610752
752058
453272
368214
111963
761390
416590
471134
53803
123114
818324
148163
584351
596331
484737
24547
337100
190023
632099
613266
898825
631678
257244
637842
615168
378218
838337
367251
460256
366843
211483
607431
440038
907731
477593
18400
637112
577717
254929
617178
386200
732572
835626
667457
617903
304857
545809
374616
225756
764748
335274
643140
100004
477223
693759
783005
455976
148302
85962
47015
481859
247865
958605
422421
379259
769615
889153
460112
720783
973869
620497
214108
120514
359672
934758
405430
954516
571885
779654
135753
914728
346878
956988
716521
243605
938358
694567
317434
301089
518781
852209
21604
446421
677559
850756
763078
274044
705752
493513
677132
901897
803108
736581
80304
517196
477588
411166
40313
450283
339661
504108
108980
850237
205285
138823
942639
120119
955254
472987
261944
838724
711587
740123
44965
813508
761470
490301
270660
622823
360272
548137
918708
978182
402141
954343
888956
622208
699889
994287
187226
632027
234455
21237
337645
376540
534188
131285
38666
250051
566430
765171
967598
961580
853946
471292
31232
936312
866746
80071
222432
904015
283168
644076
860140
258832
42559
878363
559179
468516
127263
85625
309021
921263
971751
883583
401837
702730
891008
769245
724394
682471
656096
321853
851317
803527
389876
901783
846003
202430
941393
822098
720651
527543
967845
440651
972715
717262
638897
985177
496010
703658
540872
668236
990300
874370
962264
373376
341494
434954
890862
691398
544561
413875
573412
464411
627698
150235
799696
682604
630993
980460
226149
699853
73914
366848
7023
705158
200782
832797
689107
921754
671015
492523
233304
343898
898329
341620
656416
786763
655500
216577
402631
57605
30935
749388
962493
493404
102303
714072
238328
294673
156319
439110
87098
609001
158081
645321
972160
680569
739504
105167
949763
368716
426519
141261
987065
701387
598889
475424
129376
495936
72792
291703
781137
368341
227360
473903
945575
716698
171189
121950
632374
879668
643969
4203
320583
36501
510134
10553
139258
362053
93599
24000
763290
61586
852630
656857
387668
468862
191689
837694
857172
480704
554460
325237
278433
91998
327896
501777
212896
374207
509264
758032
541325
339058
94890
327360
427233
681830
14014
268039
557041
367778
585092
628487
536758
695293
742764
435066
636557
334736
898886
472786
474641
914175
704493
425543
469938
541018
716046
760798
670632
961785
935034
683841
882096
92511
966486
296627
961261
314320
45934
171127
860686
734074
600181
289494
400655
69027
791368
380602
141619
218657
621528
405832
341889
118316
50411
676199
552090
476327
47772
507201
225899
939598
6833
553395
16909
202804
458096
18424
517850
982740
941974
600270
975441
828058
457350
418138
479222
971994
160130
773186
789937
347576
212805
601301
845808
6067
155923
503782
494747
544779
687193
92575
249718
29922
256808
97569
785242
677305
162693
152161
259855
531608
999043
328216
144647
22509
555041
813023
743015
409650
995609
480870
148032
728681
752914
407533
550247
133302
710516
655940
550284
885310
336687
507466
983318
670890
157714
212841
155416
759130
841744
560690
434220
292708
973758
827935
26555
505055
106756
98889
297282
545442
72644
768443
858619
93534
293479
92041
447849
245682
37952
909335
771978
211720
162774
823328
231070
316407
650818
897967
846430
829811
681968
147974
826675
783529
564218
758831
210791
341768
465161
916899
205494
721276
538647
736468
280842
624747
599103
975704
467287
63879
567195
652036
855466
331241
782864
55803
754963
981171
291283
730201
367458
542442
900451
960461
770319
178104
641311
628054
43551
772872
896520
238391
765149
373135
757818
662330
890908
860977
597532
243541
966
715185
365832
494862
920935
169988
798713
612830
739400
592094
512798
97401
806420
549991
193485
4744
659358
497934
152299
877438
329626
940323
437576
866012
248176
902552
818238
411262
963029
674194
822469
695687
563071
971224
313826
260578
364262
740584
639805
874602
959862
520140
106150
351940
451136
534549
679128
917452
557983
561835
570903
30396
984155
457389
564550
799439
513227
648425
918821
971646
340427
94415
360944
995496
225608
243956
122632
357463
971404
986693
458402
754387
284254
431457
987959
239131
997186
242965
879999
702341
373126
721768
324703
98740
987021
423263
973746
152862
864065
256117
435445
440833
884383
388656
259199
552038
357973
621392
116659
651447
481781
304209
37028
767609
476529
937068
320115
399011
223461
686681
911411
236167
204190
370351
814326
964451
18520
606569
635128
503238
825541
135995
520060
55845
935479
251596
856596
813217
450472
213918
191633
953825
24541
946643
631864
476908
683112
760119
897291
279427
259599
276683
909207
976017
857634
532482
461
420725
319678
587848
46976
178258
481555
250353
874741
130680
72997
624258
267133
713924
582972
847830
398958
407820
766593
225744
918277
951553
998103
261857
825632
543998
803609
950223
309792
218032
525513
952837
51719
507230
382537
753920
252278
913959
585893
371967
847603
794606
5440
193758
173333
632105
46260
401191
430528
398706
467531
268948
509516
207020
267057
511715
138225
687454
887411
165613
621376
77048
367690
450629
849296
632198
527967
262453
335606
789460
26073
53040
621121
310837
840844
728462
366651
815663
984296
99670
159455
349288
563904
95326
109097
591343
235746
292479
14443
524716
350888
935255
361510
645925
707398
833311
20016
744443
995070
774795
843335
451490
586401
119129
445585
417848
63709
914386
317479
338252
243532
39069
237541
990741
451732
970420
667297
885118
70989
692058
632570
86354
847147
682733
527681
231195
845792
160956
917698
136761
203161
483462
202360
9493
356449
694453
878632
873480
465500
998876
791073
777007
278342
498083
375631
756954
226466
726496
460339
927974
831079
102524
957826
581620
233616
762115
750640
489506
516949
484823
342142
316257
207050
133303
984755
581117
275531
325018
395706
269810
61733
746942
274411
877970
425615
563307
929285
271692
706265
970795
416325
835764
470947
280653
71199
692750
988115
741089
237103
47140
823964
132124
312964
608874
474023
93729
269762
174057
329682
885491
169951
782580
542670
427331
189408
203134
412869
87243
16372
52033
432412
795908
865770
155137
580590
321089
225294
842613
586558
376626
220712
564398
483251
199611
469579
990283
952506
885722
202675
896498
467374
737914
740890
85624
603348
479244
753835
859693
572875
659258
917526
284988
313844
956721
18667
563545
243595
454080
459252
463636
73758
252311
875905
962237
588774
641264
244130
645966
978520
300546
135507
699729
472302
340377
922249
408742
435441
812840
619351
94426
6413
175189
546479
631001
774461
989544
514332
434592
669652
285064
122825
292692
675564
642792
863444
299773
497740
420403
610516
332083
992003
965903
57966
289560
132880
907119
433308
880016
248812
363347
110858
389291
814635
328482
458112
858006
811666
867308
218603
241711
580415
523250
763724
82934
815408
711575
738230
282626
551628
768855
197019
729856
994442
385831
603840
54601
762894
421143
793863
520084
435656
45914
464249
828486
998025
109111
440070
301743
466242
930762
466695
597079
227070
697064
838299
758586
142076
278249
699286
755655
218442
626115
984860
631176
975045
713468
688392
864904
32134
563163
203231
302790
862001
382491
70477
258256
727676
711350
715554
24638
776881
433948
820370
442560
295049
225490
461324
118364
466455
771330
418406
313427
787160
902156
346208
12780
370309
769295
215086
421371
686723
167405
965936
546542
415312
321166
724709
600184
972300
226134
478134
973751
625720
732172
766691
468162
346821
472581
618120
756837
978973
754997
338202
5465
184002
324547
862582
32106
781328
863504
2434
691803
465401
290926
973954
444791
316949
431593
857923
881100
594302
311609
803007
978094
278883
258585
796161
383684
901705
238121
916024
744867
423630
114674
226578
644991
883701
837334
876089
178487
414880
997269
989017
682527
310379
160113
467992
592913
461669
866161
388368
713811
583631
1488
349920
408259
138811
952357
710660
634169
887745
124375
297552
541611
55021
97964
990732
785972
973871
601774
354837
630653
664314
223102
975817
375911
664611
927269
602283
700146
932148
88333
228282
522043
623064
176279
610433
804393
727410
945152
537507
922819
106044
923371
556469
161583
568042
396778
649680
745749
947880
793124
370439
536550
467099
607401
474260
309894
458382
86296
858660
721359
749625
369095
275888
139365
413315
496896
19032
715151
309428
488759
919886
407729
534131
76561
614819
824768
107152
395663
22773
386502
703744
839282
872256
165430
536699
633877
772707
607334
715870
936274
595462
765634
1727
698089
554789
216734
74851
11275
543582
123055
646438
134821
768965
564364
401572
996087
200532
436330
100145
87106
426894
227812
731429
579578
438009
17227
268531
503865
769333
833823
302515
808432
530767
210920
796974
159136
456932
263037
765644
247447
468234
427340
589315
907378
943129
480506
742784
139396
963325
695408
698496
273454
214088
169943
211770
362812
778022
904817
966512
797516
995651
736724
493315
432051
142562
806431
444688
723118
210170
533297
529496
683848
714132
696906
371065
495462
579497
519242
778208
39212
573037
126722
950749
281992
682194
269750
637405
449774
725545
228052
934308
224803
996136
437107
336438
569004
187455
584977
174026
757388
114162
963934
616187
306371
715718
796794
236610
194709
762961
520599
404695
911434
118098
775873
286213
974866
440689
468224
526775
899312
547881
468528
518609
501027
296251
972498
433986
50441
231435
947414
845537
673531
969650
65842
494187
72016
91161
639663
449846
90067
959264
271714
846381
237773
986795
481174
785488
806014
7963
356930
938775
575470
871572
136601
550282
139826
574358
544674
747712
66720
233680
807703
1641
200444
817966
308544
753594
290469
755117
276401
506292
579452
394279
82571
401450
85352
858755
857128
416876
889379
537664
714926
174490
726561
308019
86888
555890
723414
297000
383642
724749
53288
546535
780394
698365
809823
127260
303825
754496
832794
182726
156251
453618
396328
719400
263111
454295
989000
678142
124966
644855
877510
564091
943275
481101
763998
829235
293497
309806
635061
141894
604889
247175
12517
995469
101296
28189
693548
147424
170351
756994
303866
780456
442384
722240
394628
648655
440133
941245
340122
715106
11885
513734
773840
692556
616699
80907
69216
78051
380868
684154
471918
463688
559259
485444
695546
558761
945820
429001
483580
823687
765811
105148
533492
546653
503094
447315
311351
677675
113679
403074
582914
536201
593411
935074
491787
848864
933838
286055
50714
206990
848000
36791
399258
955608
32773
90382
60270
659068
854790
790385
162158
774478
202414
484342
128223
496918
530716
116102
11404
137724
350498
540315
467137
186764
168873
16554
909205
851678
873791
503441
341870
800525
225435
59192
187511
733384
733984
292241
690743
709509
857842
775594
625866
856694
949534
124813
316169
83229
240004
588193
898068
62562
20442
155814
592111
238087
867213
26468
612531
705183
257650
77929
983488
388380
894761
295435
701381
545552
401409
845291
161725
198121
949683
566382
230039
683666
952946
726655
88344
927250
587074
56724
644478
963332
104720
585436
860295
402311
898508
894294
420413
750945
979347
455540
467423
737250
574190
494174
286001
564573
959408
273179
704646
146858
240326
413600
273525
311101
889539
4703
173128
72521
9371
71496
118481
104847
585161
180378
548892
817121
265752
907737
991971
313409
579708
930277
740066
667103
750368
46728
871956
867385
55000
61242
282557
449689
582611
404495
708145
964258
860353
63753
815298
775992
227438
750779
736101
600397
47178
891464
189710
43941
923939
307739
759026
778865
104195
799565
335063
184902
964513
888466
528667
934149
622018
572394
908834
561380
995169
78954
123550
450429
928687
334717
821239
641508
651949
869346
16961
905086
650193
729780
591531
505484
161597
297060
662215
955343
330705
949265
118630
168206
848997
574650
469106
588113
786274
282489
994901
850675
305707
997629
285806
19916
336826
875997
164827
773884
464656
465333
708861
813466
332263
655
917452
881179
638053
434396
449334
976695
991963
891455
745588
970650
424677
562212
103390
946959
311956
198785
831938
598488
929816
440685
663117
440112
99944
876933
275650
576998
101906
844989
534777
877045
994247
770454
384117
766704
374276
315547
807777
593800
474912
924720
304090
462902
615024
641178
370259
444358
806090
238699
841890
3541
997077
650306
497840
164430
893962
748943
21933
322989
723834
316601
371971
371315
600749
607952
100991
666332
29585
694464
296302
819899
736073
303745
851352
902127
512084
166405
331788
795311
982693
233494
312290
432277
874145
821373
151818
819033
566980
332099
961631
465338
797164
284372
715169
874339
206064
198611
383319
826135
38996
54583
500750
501936
280378
130386
721192
484489
950454
238281
412969
253724
710029
838848
486190
189128
725486
135840
822956
3021
204658
536907
871280
878770
773019
998617
393602
471143
768948
710735
363825
787464
512415
934696
589350
596651
317551
845687
204579
514477
12544
309371
582951
332316
538948
222775
111774
378499
432349
922405
997184
753185
871710
358597
79021
922516
403955
208880
43679
26211
968396
265002
699277
544953
571326
711134
284600
656176
466642
785970
88306
345885
175092
194280
878764
967762
676657
227316
454500
852359
804248
246690
74380
551615
227933
384671
702760
22726
244266
132536
235525
832278
472812
999144
683897
550945
561009
605152
516101
81988
465123
443772
454930
772629
960368
847088
785205
252957
696557
149377
514594
893899
395961
479582
222978
159186
288050
250051
415744
785577
510751
357850
945142
810320
165436
161512
257384
982788
596682
756495
388019
769257
970697
948134
567139
793450
853098
631111
879319
778062
41418
874115
42775
817733
810458
687967
302729
400027
977536
865886
24386
936768
801357
602789
120909
694836
228636
435665
134432
536142
806225
273567
31664
220128
943508
612949
505296
229645
289227
766862
690592
865065
554935
583359
639800
43663
912155
794711
903720
295047
708776
544483
283044
191078
25680
85595
416580
463690
140968
108859
437741
700485
785694
788530
874811
299879
624256
254436
717808
93991
186657
176026
405410
438938
138503
459734
453925
642022
193605
583844
443499
590857
156105
996994
851844
232802
917930
588421
740563
860353
180579
722465
224503
962703
945489
496239
120057
473800
500772
973564
628283
945804
120859
905305
276021
707782
160757
389003
829038
55584
686721
189575
241748
246469
156159
571319
511998
174191
407320
507935
124500
442700
739069
165820
15860
370191
317046
540943
505170
571764
851406
583685
664925
177560
479515
512334
355259
937964
400495
898658
896948
440499
408780
606018
220852
123350
792403
532600
374835
127351
637545
303988
384530
11767
595873
861696
711812
824796
376355
454961
421349
105607
887861
244043
603704
497484
220524
123502
432495
571384
913727
552448
288435
296459
69400
659600
979694
72105
249170
960603
461277
615712
169606
430954
837683
427878
843805
211609
788465
24401
251032
595079
72035
974824
784321
735587
353552
336453
297823
214047
676506
989812
699148
72280
295733
614294
362949
52146
927819
171807
806211
591384
385590
175047
716531
741317
262665
219901
850134
480284
181539
513333
877361
855356
315803
370049
131790
552645
826732
705520
903322
324912
883130
546370
835582
629393
457845
36382
428533
129630
987228
541441
62704
307071
105846
16425
775447
641725
949216
981895
509711
79043
939107
736505
910913
294679
226192
951319
317096
514256
907985
444581
818401
951429
237246
966255
711805
6158
750921
187131
479088
755429
820123
823356
227319
889616
271356
327944
187512
599203
831124
410958
328083
355365
47901
215068
525203
868593
625766
619728
499328
320643
978989
194121
957950
996851
801785
721784
426950
601130
840216
189774
893065
572750
809859
180953
62550
426199
332311
697148
678001
427455
736584
754739
670012
658061
453681
395585
177375
46435
269752
407101
834439
957180
965114
163144
233225
651867
450439
867956
575612
996566
332804
127559
626374
906412
153382
802023
304369
363980
401893
379430
33265
200336
179863
386266
141272
800760
815573
455693
582228
252275
535363
974289
74797
147553
212937
150390
226650
405648
212190
114815
321511
40322
313470
101266
143503
260396
702323
677240
441283
700173
112565
590835
457664
689339
495955
58595
274009
551855
979431
630531
762622
387563
418269
356237
286588
116751
162522
621
853937
530619
20998
966656
781779
394239
892904
23196
981397
113310
992769
964434
507677
529870
431111
467677
260290
716523
86681
705753
976150
788077
202150
976755
210259
788022
935457
915017
862567
369527
871610
469134
220089
593373
793445
888579
510368
885110
213307
284189
356146
73545
540379
599634
553819
69601
921290
389849
352553
436017
341558
247140
757798
304060
419806
507859
735090
422502
853331
83951
704211
823369
17324
353582
154913
87391
94834
329332
621250
661066
808071
260983
596398
186608
430474
306267
172564
61673
726831
426693
234378
782006
957481
458885
387911
461367
851923
367026
726290
50856
838563
401404
948763
65341
976593
292086
441416
915126
809821
296813
241712
140499
521104
445468
269607
192453
505644
824347
464602
89302
56930
99990
439523
809897
905277
350763
849377
36495
383229
225083
623302
438368
425078
851574
648036
348351
264680
566996
421989
632730
174481
390033
648757
246247
159747
269692
751770
597675
49237
900262
302315
815191
891588
154428
188282
358284
691329
650752
301897
496184
130768
414317
361180
769112
640010
877305
39822
697456
690656
630634
195489
791704
587293
931901
274803
397988
407411
163562
182344
47157
761189
563238
901938
587683
552680
893261
784499
754687
198442
215801
366046
394842
831167
657756
686988
17327
978532
164188
577356
179210
292995
41051
754726
215981
930879
361364
853583
929341
302910
284687
972251
50050
87045
450918
880874
158409
965370
543656
236765
689568
311780
302137
839016
698049
204146
853589
303824
775858
860385
28198
719102
777635
125637
134353
584299
117666
260717
194465
721299
218854
279355
504800
51163
456560
347116
765124
985345
35050
45682
833353
789805
828054
173942
27236
502958
818489
481592
238075
561806
61977
519075
694359
874631
486001
379214
436497
550038
463829
622384
366001
922595
237431
823043
50220
290303
279450
819581
945619
937512
369331
673308
10644
357446
453976
129244
614730
613594
383931
185752
606530
949606
551948
993373
111046
417758
118476
826717
399581
721030
23072
508278
949649
16181
484838
282535
565558
761774
698416
509390
803712
947644
819008
939487
323733
380969
431170
21621
40765
793730
600278
263282
221789
500519
934459
40401
821344
173425
756163
87103
553049
486313
50726
560750
755315
320447
989931
479335
503655
364549
152943
811110
662705
397854
49260
27436
783738
619995
386515
186365
615668
384386
362556
249865
768078
936559
363037
253090
172491
37808
144254
643907
147071
816967
139310
798295
56000
790443
26942
605513
899121
502683
755001
213536
132266
13963
140116
107690
405452
356680
928808
590691
15940
40192
322890
661942
316798
35029
879926
127714
529037
346575
983702
420297
120533
932362
716772
553793
258222
340391
297462
198550
469970
11574
222529
178454
347958
131782
652489
556224
180923
130873
200979
673859
282202
550747
959018
918493
475676
785909
825259
922883
587898
628558
673873
933005
640447
758826
557569
528453
302995
207637
179093
15110
540143
600418
579356
406930
826978
55031
405496
776353
38046
810863
369344
844464
731508
286363
845896
547483
566696
256242
130339
151859
534841
644602
563675
138397
262635
722750
934174
93124
745844
964794
663690
670398
989778
908760
909713
234801
882940
60240
531039
10594
244260
630031
984666
847884
719746
953787
939622
38014
211530
215792
172595
638145
459005
154135
239534
52663
246399
654606
7568
435283
53671
258507
953012
174487
161579
701929
75221
879330
67461
858476
997854
419478
786347
939936
174306
473657
734093
230805
624523
471021
274370
293282
585443
525624
342718
354735
406170
16577
757007
250568
581430
506295
529973
689210
732900
594926
476363
684160
498385
886887
313586
813739
26602
207332
778695
546711
544600
593609
619041
559914
609239
894361
59156
549157
453431
769237
97527
333345
843615
920996
855985
889309
261437
91852
785311
477743
127125
582703
290518
582883
563403
93026
930701
807566
218364
753245
422145
621563
70396
934605
168237
882135
791487
309198
373816
72829
887665
788055
16120
80073
378680
29691
668246
242093
829738
790029
455976
579006
137368
841453
691678
741364
378135
166845
598637
548442
86330
968329
661228
121978
422299
108278
787377
870773
394772
483758
748513
942975
988132
124587
308991
307211
474225
166839
794403
602424
444139
227952
671248
696677
701905
319541
808932
672392
608730
323721
541210
716334
935411
747023
491296
459570
20876
985291
383696
5829
320650
297894
932564
803742
729310
281768
529333
276852
849467
782819
947433
893371
925249
735822
893221
931380
88146
892211
297060
509297
516762
373777
606834
267064
163637
690862
836975
865547
197069
890580
98832
976282
757133
848517
332685
768615
620957
870667
834695
764255
574457
121745
132960
386475
399166
220964
449370
537072
755872
674676
333353
296192
221805
239553
834200
647685
332485
416192
114186
930939
739403
596556
69448
810823
582557
947324
657189
372111
136201
244146
901600
716589
882799
283608
943304
381351
407539
529993
386853
820757
240909
179403
906308
2899
644681
843942
324594
944579
145341
606214
770158
473571
185258
890496
803636
119153
60558
102565
757777
607594
786917
850456
868393
363081
504986
527346
834058
232831
553867
474220
623435
401613
554695
718593
357453
458449
815812
132674
49571
419427
679442
449754
535205
735486
195470
872725
855677
381489
956163
139779
627187
358827
244785
300682
962341
233412
693331
23528
620522
127129
152847
953490
542477
51258
877272
363800
880686
894152
624077
864230
289187
680166
703913
432188
114491
223662
844810
651517
212903
664686
638617
957080
581641
517794
982075
974749
458052
368468
948442
420359
69672
696065
209078
638419
523254
124021
238067
237687
792514
211103
122415
563897
921577
646676
724996
155523
347277
469933
480159
176159
670279
338629
120481
673344
600191
134079
441826
192989
186049
788247
88664
812747
501186
75467
382026
964610
496226
303655
638439
830591
232867
550247
492437
328273
190313
975897
562130
961672
42795
477906
366681
87108
875747
496669
888007
949914
890548
895533
949443
732522
707914
217675
567348
460175
72179
205654
499329
858809
375452
659439
891891
975402
103162
181552
781451
555243
94221
708305
229450
420376
59696
54767
70957
935270
619324
870572
279492
137365
975774
29079
885869
127006
352668
395774
144730
264625
759119
454359
333306
982779
926245
438723
135225
639725
203865
742580
531491
717921
372275
118589
28497
782334
622084
701085
52950
317895
493254
661383
47334
787422
983884
147915
184666
566988
326738
57267
79779
604373
477931
21555
759186
972163
672390
796515
50018
389349
11772
882532
456607
799501
482331
59801
490239
801640
418366
904977
549642
339591
595720
459510
398090
603361
724148
364392
371979
27919
890277
934773
795174
573442
120600
807874
68877
994584
288021
853676
706715
26846
711134
586625
586243
94584
8832
177790
842068
944349
370543
317129
743713
458098
696549
180750
424351
563045
785822
371174
257375
143689
622056
485762
28496
872117
510092
719551
580820
241038
927164
233179
225408
146880
23502
720825
734598
155553
221983
796171
891447
615053
37624
740227
527804
637734
548814
28893
482832
974684
824638
470522
917757
349065
925935
403218
782847
599347
700476
995235
777890
482843
238490
916174
188692
881420
859438
880135
228758
75358
995330
195588
582494
454231
445212
104909
850356
247600
950200
771062
745841
779876
701312
294834
467724
473226
916683
524904
633387
469566
10134
353360
557269
191946
445189
919234
608668
908051
513500
839697
660711
790128
641966
477557
549516
494425
428791
682174
653545
364659
410844
906073
437144
179324
290155
452214
345299
120496
784753
764013
266905
211436
637823
34017
579724
985924
438468
299655
400392
875114
713224
733543
769054
379879
328940
855837
389514
592451
192794
620999
211308
194665
171134
165994
815384
585206
438831
638405
70353
592530
939251
497134
409749
865148
636044
71401
976153
283408
59016
309181
734031
281599
45202
8960
278045
813250
760596
188150
843114
387585
402220
94161
665142
643657
627332
864322
990477
766778
45573
859549
838067
195093
316463
769915
353596
881010
737570
515604
169567
969653
198585
412988
420222
157353
768780
95492
245826
451014
32595
570728
776952
10770
874706
109200
586877
378814
36433
865941
542691
110045
178903
596211
618870
62934
317091
178520
874269
897960
969947
571168
972683
963433
904201
103888
780731
109016
140279
454738
84110
883114
417986
236706
630908
703378
338435
566135
229640
659717
692731
273061
10975
251892
598907
568259
134389
830287
358996
274338
682239
283306
873390
661298
497620
388608
493393
45670
856917
12049
678494
863745
515416
11604
104481
15554
714319
108119
268310
243792
739796
614535
867682
986313
374483
716126
365223
884723
923236
312096
233092
719916
416312
960610
591099
999251
308217
174749
488801
168127
145303
652892
579330
702557
421860
295833
794754
552477
623422
16716
397806
815693
436830
874739
838926
506585
261266
388217
6627
831999
572140
515912
694995
285852
156516
262257
82008
66525
846969
490439
94021
114643
413944
718734
851818
463853
636111
574869
91150
49397
96315
163050
38631
723539
726878
819962
296881
41486
354960
292707
189285
980760
111402
618161
624213
674626
623626
826997
411378
393882
238478
542056
127677
931497
270979
752663
173416
512563
906456
367895
483572
920137
378066
895490
423832
51185
440369
661002
423832
787431
742236
86924
448390
138652
528923
354129
732688
736991
713296
367669
555861
57467
769988
941417
297564
26179
282686
326045
762724
632891
423772
210108
896377
674169
792039
143946
311679
387018
780693
82749
168426
610639
821778
524328
81635
499224
21375
976222
324323
253025
743057
470097
950288
30560
307840
381400
120192
219906
829296
44790
237920
521039
876565
754700
684686
777781
833756
305708
72463
399605
317863
729104
635931
787173
162790
893675
814989
328037
894231
878006
247706
615811
147624
625642
934927
843460
667014
189303
467571
689409
990392
764050
862197
234625
75276
916313
242625
414725
520435
361120
604541
805829
640055
761221
903980
942395
416100
11968
641943
760682
536947
119195
855783
803643
684096
357581
726591
520461
975405
990068
522881
501782
511141
889030
266927
64950
136226
993895
12045
38874
937390
727499
435345
571772
614689
506843
124468
307271
876356
107817
893418
68533
7346
668170
49729
891327
305533
95646
701257
698967
17786
635310
90012
764980
949658
435662
685216
100516
472323
9346
117495
652075
71720
625857
949612
683106
620117
972666
707391
570625
244569
111689
92837
360995
818801
614536
88415
179405
189340
839383
124916
263179
261060
259763
684284
143647
882604
34112
472395
499397
699804
920550
852473
830954
714661
190716
372448
907704
35181
554817
423748
935572
698187
765674
435315
241878
824166
243978
814875
543650
250529
691237
606990
979317
574364
638917
219489
331278
422716
396559
54911
599812
849829
659869
805495
232954
372748
568104
574695
324655
513149
473013
749248
7008
862753
958590
924765
613893
315205
775165
835708
917490
129793
330953
962576
354178
961207
290059
100865
509136
313950
505375
976911
504356
395885
7523
462728
492443
15281
658450
354187
239146
408773
417171
509264
45765
542553
212352
798889
581662
412406
428310
465566
422573
581762
684594
906113
421464
318873
314267
674825
648090
273275
753256
74688
87772
95689
725386
191368
588219
681871
917276
496993
936747
81644
559760
5577
511482
605607
989042
969096
481762
836124
506322
439683
488744
766933
504495
809443
16548
169835
304042
746092
19951
516781
417699
824281
166576
350191
298050
889337
322708
708339
306317
482136
352824
819784
154453
239354
447910
582800
222561
34830
909516
25363
910689
266864
365522
57369
213349
353321
269252
132772
906511
279336
359907
826809
419581
365922
522607
878893
480265
366908
20396
114048
391770
437
584448
403775
800785
714195
157944
37899
951607
106294
730690
615256
725712
859820
350097
634906
283048
251792
418645
305420
35510
829978
395019
586544
903937
696969
735052
172765
884138
822033
128433
764150
813989
759647
13368
539763
523029
681805
754439
120590
374337
506743
206712
932852
959910
81975
513315
249901
380078
580325
614242
690612
56689
931232
537204
463068
906018
844053
337530
692489
335038
295546
697388
348979
693360
105350
506121
312604
179936
806655
119661
897920
193048
316947
903409
252891
260816
523273
951517
110985
174713
300519
317021
494263
119788
175694
264536
611914
449405
107864
94990
904963
554132
539574
310587
631824
522749
975793
310282
804410
277318
650946
348512
45082
76240
347106
233272
92696
386961
127256
570740
690935
79113
914054
799488
242983
268652
233740
329331
223667
385923
760036
203764
79612
405041
468037
729155
549053
992457
784566
480479
260368
148846
371290
918701
618283
75671
25891
160551
171373
442616
86673
433647
447614
53566
416665
47394
223200
109732
813721
532168
464207
281735
926234
236895
168123
170928
1619
333802
331559
711448
687854
402216
383281
943616
247972
259774
974655
461772
665876
848362
498874
10092
534022
730540
743469
771422
982458
671882
364602
655931
287146
730309
87030
766858
420985
218772
894881
1188
411411
594665
551895
350264
672610
753312
62862
164767
544489
209188
669348
844419
306545
150791
819537
784656
727658
475159
435341
619426
265926
84125
345442
170132
7254
643107
80867
64706
998455
849940
81383
321047
800122
186302
591561
17097
143625
488251
105533
467110
373372
732873
929101
606593
364733
685862
445486
844292
153668
111776
324429
598386
891960
469174
55675
648130
48123
884564
86037
196297
991755
947158
819564
826231
598301
796659
444765
35390
381467
93424
796815
99955
526187
408108
237788
817358
596081
110175
169246
278451
774730
633819
487437
789530
206223
935365
391011
197602
859210
928358
148814
903146
151385
492431
950030
527165
158037
274498
944755
102250
350264
244620
742481
787228
883647
467443
963907
915258
94903
422756
292561
510112
966034
186851
666857
898241
900193
564264
733825
945371
55139
980502
519037
868108
428616
398140
979732
184322
404677
93801
19260
147700
656152
427582
141622
517629
263433
798667
88335
19658
227520
372485
706533
623739
615223
828265
778922
255525
454596
362330
71284
999889
336404
668544
409457
766106
942767
104779
475421
413725
577242
394175
415236
301478
147486
717747
942322
342255
411702
707177
174139
222581
397210
83499
379586
145021
93991
690426
687864
190531
437419
146733
629867
870512
42164
761956
500587
232535
51096
971812
160615
524499
527175
991457
84753
132151
854812
997567
652206
410708
652552
417350
651134
496464
887170
427351
876795
186411
746401
186934
359070
870403
873609
191121
112189
276033
619739
485532
490235
258416
531225
946995
845996
184914
852904
804147
597357
35887
781017
164926
475453
701792
874761
802890
253014
67165
826768
507204
478743
726189
915190
417517
701310
559262
970215
398882
910962
829114
730403
932230
964635
844582
797318
697358
806684
969577
395872
215350
628299
257570
123248
819122
204104
393960
427177
50892
946518
60910
488289
820330
912635
507776
126188
919759
319293
570429
406826
343539
636634
710304
51579
836659
9482
153791
486917
840156
713970
541813
605746
570555
557464
718238
333510
632721
35883
222034
960195
951607
84522
785892
16372
429682
722908
939018
600030
679533
542660
861194
697426
232795
467975
119741
585771
331954
709937
753335
684410
790260
861818
952113
216102
446129
360291
891838
9581
987406
208896
899528
348643
635188
791927
853952
267156
446832
158209
485607
318867
448800
304708
328000
985971
770384
655902
751508
110296
504924
730073
868190
830317
720580
783846
158799
784512
606288
936627
892520
28884
337003
177002
136049
776847
663320
429812
899644
151583
95393
355627
237272
630888
914179
943168
445253
980256
245049
7119
710766
67117
875025
354061
622172
845847
669239
175109
968406
35860
315807
355868
716535
616378
764501
304533
61272
330180
546373
98387
126740
297654
701796
944263
639082
171055
746749
603027
677471
368119
709661
349992
125750
527793
400072
55446
782707
499792
570194
952430
951999
399667
35692
31829
749996
218878
115240
645946
556584
710452
575597
557079
866533
631727
487694
503068
708108
548597
886541
431955
363219
72264
686779
878628
850511
506816
893817
111557
367005
990044
773385
575228
602804
942011
396616
379523
483372
672544
907249
397042
658005
626088
251494
525830
5315
409286
51227
127039
333622
503671
825126
483854
953858
339573
541637
165703
864909
155869
652702
274198
659970
767408
641722
77361
931696
7582
798635
671752
987660
132256
297046
620180
555522
707390
915058
465795
613502
7227
987424
542630
589241
403165
499791
730689
191886
851894
244275
791736
691280
396616
517055
603373
615088
464105
349557
407
910011
560116
952635
186197
454181
279472
437313
26199
637780
7551
316006
633140
168684
154860
958670
391818
986342
765689
674071
813892
961481
607614
695056
870767
845461
109197
70435
544722
220529
32836
477621
933701
390736
12456
804301
143123
905903
591324
810064
745698
631435
224039
459549
305817
446773
118519
914834
317865
776869
381813
720746
862215
927578
7038
856307
206763
407138
178578
138518
574598
304320
484010
913555
232702
653835
723991
968637
735729
433943
521904
446720
432401
572332
537198
773329
176233
574337
919487
115800
384557
608759
913171
494382
781505
623413
230243
753637
283943
501264
69023
404085
909259
492600
824996
990655
71969
183653
81647
730156
91866
504530
306052
157566
670423
349228
863713
349361
704443
697856
621516
939606
790057
629432
425976
137413
266067
814770
901200
772982
69420
507770
700599
268470
545954
250276
657117
963187
80705
77086
281131
286284
391525
513792
986747
223310
613347
114359
28759
741983
116417
915963
405103
190203
916962
692679
204278
729079
87501
722410
621415
274722
216179
362837
448519
655893
134387
299103
693973
947662
33038
358602
390606
492181
628150
103898
185931
287050
336171
541975
901979
348364
170683
88406
379702
128061
311604
460867
293377
899223
24228
953344
948408
894923
327612
785789
833475
66705
835429
955347
902315
415630
583099
817918
72415
790737
481139
729326
945361
695804
167417
20091
530495
577990
536723
981569
608263
84305
956010
365558
31513
551496
24272
345400
467122
508035
217522
843059
662233
273063
514350
668348
523475
639198
503311
353987
860799
368710
551894
440902
755053
378011
299770
48791
588501
956203
78313
733043
372844
576587
930616
656463
662996
754687
636627
904958
78540
831703
280345
159138
217449
881107
135302
58805
980085
427280
205022
817156
888264
10303
922849
748853
756150
132825
710623
11745
590000
995076
329109
967850
158454
365578
737200
69165
623405
649260
612804
947948
493813
137550
19156
163671
635302
357913
895028
851312
321139
138820
252999
404700
445082
218575
941012
946930
780832
151775
652060
68390
286785
677243
201383
806630
964762
941052
476142
166485
402569
38658
948470
500424
761313
828694
233383
818282
872796
515422
816228
553443
553732
993764
200496
838489
235472
674499
642185
897493
466504
263677
885591
440883
193038
433598
147586
293849
255974
646585
206218
34645
987243
590435
12493
69672
128356
522470
890291
839248
783440
678751
344655
266670
285514
133664
571649
704042
752704
383392
173724
941439
112348
718501
780132
289735
913494
570571
912167
257748
281239
554777
27749
584085
565620
108133
289539
263046
382767
427936
190201
285318
853188
670179
331518
660140
648672
301576
444576
609948
449212
590078
577436
369
958749
709951
687347
716124
72679
285219
472611
554589
891326
980392
820563
707923
868463
748645
682217
300806
885485
771612
445385
36965
700639
675274
665015
80850
260295
263882
588685
803378
934494
27115
467606
810103
29638
136695
156085
963352
308964
325631
794138
751938
882203
305949
567679
543922
800529
241474
897905
475268
607563
61084
368996
259459
38773
290365
782967
24427
732386
404062
276188
458849
45117
858985
704042
694980
1341
775448
666350
10022
769036
776658
181209
163113
618601
887377
174393
349631
341469
57301
866026
706430
313944
850321
826224
597168
689315
858349
43396
125753
73715
507196
814312
565804
859523
799733
145793
926964
545109
291425
969591
670392
849702
606429
315943
677579
900575
502675
882927
685795
2804
787964
6021
908255
856149
414032
283605
516072
860462
853337
771208
536301
248017
470830
418799
887392
971694
175425
991024
641966
531061
917766
780137
76626
251795
447269
369481
501256
776052
870039
717354
445674
54642
198192
202879
345430
348818
391257
494608
442697
634374
80472
889569
464047
882904
231597
220908
73152
715796
583005
537620
645494
180249
635090
161208
636150
943652
721677
37676
46869
84268
404796
747444
683626
651006
747825
408517
859291
525105
948812
273981
537277
926699
559073
816984
684929
267357
513057
723763
941229
658239
341581
401434
360791
27034
190913
844329
266870
730366
215761
331980
659254
46914
659175
756058
781685
921124
671465
151216
856927
583086
848479
666577
449024
192458
403329
46682
661315
528930
891369
27558
339110
571320
339393
541607
623281
453635
270145
617172
168748
107168
449730
726020
384864
572258
262302
682803
432764
94645
601687
92598
273419
866239
13097
85850
943625
266423
251760
486665
63928
48490
83051
929367
802068
588817
878742
544518
252196
627090
758338
768679
43585
719620
857700
860971
18946
588546
710759
416905
602011
754710
203283
309448
72819
278784
838759
208876
709235
814594
614463
460117
705045
222773
121764
386246
116614
567766
194868
565838
260832
389651
141197
183013
464275
530481
125071
83417
26478
484556
685583
516682
680258
274428
174705
447955
477632
600419
95655
941143
869421
626052
712339
597534
840351
757909
476831
599736
978011
889054
175132
406549
816636
907293
905386
838856
564393
876149
541123
302916
479927
589184
997560
952264
262133
507148
549596
907275
435964
291575
16432
455725
547307
151421
148310
857957
846976
685915
412124
490059
310362
311973
74044
104002
441488
325149
337055
187847
818659
367884
219148
119983
689457
574596
679888
289210
501513
877542
324327
96520
558004
490491
869921
112181
850043
435999
159833
153973
105736
700526
881715
300446
884484
3440
118776
253150
505769
358704
19389
933787
4750
773295
984997
308878
75156
819643
696220
347104
489110
538810
50751
186051
269150
962307
238204
770829
559574
398164
146731
508582
305523
768214
825893
471698
34486
766354
434949
898486
938865
66616
946011
824519
658117
770074
613372
147262
201826
385868
394160
514775
519676
405380
459196
548647
302406
585966
512065
501775
235215
899876
999902
48975
497428
630794
546200
302351
274541
631871
272359
411398
145785
807734
761448
338461
158882
345409
980441
466293
831336
564824
136743
417784
979306
61119
417920
961329
124114
154064
804657
724105
940415
279912
715434
369673
735019
630840
106793
686167
846824
506311
116078
402320
364075
523897
481496
622406
968517
937528
208463
194472
660237
301498
447637
934849
641395
670201
528633
795977
700564
988969
466124
675575
116666
993482
954253
946144
930175
95732
207187
193996
54862
767695
840235
879297
228902
686626
543250
324454
600577
297336
834428
873769
50794
592639
398257
897606
843409
952370
221991
26170
20985
916055
719881
331740
472700
392507
677283
819384
143645
413870
621592
519186
369979
275640
862335
929970
956272
762808
34516
667251
122170
848570
216864
12286
433212
565772
71681
782134
716515
172185
630611
649370
756864
974899
803530
347902
195277
543338
538310
710108
194432
911336
769890
669088
397648
200197
633594
917208
601534
186555
356768
285783
201581
633515
623557
684240
266577
557993
6934
310515
29273
894636
380575
619335
562938
755912
294296
287341
371829
768654
29639
924676
331208
283848
646973
863919
798141
442673
998797
412402
532521
736317
747989
168110
225094
295600
569393
100220
746497
362820
361643
447942
425133
802889
594469
562250
530560
909851
31131
112197
740679
494326
760076
648019
952129
659433
334406
871455
361208
427452
475479
177519
717550
326185
212946
571785
262661
721098
336627
121182
932921
478418
58238
252303
287739
236049
95087
639248
648845
288393
796243
101800
51729
524659
705812
355461
802163
307988
202352
709471
819888
228109
450684
651785
286111
958301
485303
699184
285630
957341
234999
705432
358081
700959
611114
219029
787456
250575
968987
626422
972193
781923
939743
813175
727046
733138
199099
143608
520458
94040
136613
189879
772985
450524
57255
906132
606502
760323
663415
795696
171861
648136
245189
146006
432485
640420
840557
389018
90580
573307
666790
432292
798069
690289
662355
876135
683845
810964
29443
338893
333691
18786
234604
230751
665686
208753
201597
620752
672408
886789
890335
726179
675704
142700
303665
627407
605113
817213
215942
772396
929496
2612
703270
551518
521730
810167
739854
798974
220605
64013
9797
587114
707278
551906
53739
232258
69323
526127
290635
991491
603646
891920
946689
531973
687634
306898
487469
272493
4521
914425
691893
783234
569434
798934
581778
934570
691470
628534
888579
724579
253119
218035
618778
918152
628213
111590
729054
161634
433997
854323
456359
568172
273587
104099
828488
117058
85734
477310
120158
281189
268529
591632
539168
935607
416540
258300
533649
255683
839042
75948
979587
974731
826215
322726
632331
100326
992110
220936
665914
901557
284475
348202
628762
44980
456534
538807
889471
442268
245381
518636
509533
687753
970733
580425
688490
471081
878495
951091
945329
937255
551747
117054
321281
474589
823778
948003
808495
964955
387875
190327
995097
654450
260956
104777
718754
301026
686231
619304
433323
750992
855295
444776
811280
680837
467256
197503
374044
513738
989698
26815
851267
933001
372294
471537
114060
768095
123478
825232
440511
50571
806892
371953
750476
710709
637317
202711
797407
790172
405358
254587
735521
753673
743515
38071
453786
356473
839683
199845
75516
964041
455897
634687
486110
685719
610708
984613
795977
576239
662255
592131
2896
922647
158248
263439
792958
702042
863482
186411
931543
781465
312122
999320
374566
938907
671331
112222
976899
748893
103696
539244
663247
258195
447467
644553
992862
791948
243665
330296
595926
8913
448360
262844
268175
591727
68880
207056
961759
221020
427854
758725
574284
358009
158331
517005
135499
136298
746247
15311
327139
135569
264071
361144
547054
730621
879134
522238
560185
505444
958262
293791
290825
189787
6548
623159
632583
173653
161494
125052
338152
946140
74480
225193
125603
32458
898003
23609
819053
596915
604464
614741
433332
968679
966622
387979
552131
332470
488389
881886
665989
164268
162619
517892
102404
784857
36779
841921
142317
140122
298448
9974
506180
249694
95126
294149
859661
556432
884533
448534
379571
718889
379342
589371
422668
605770
529224
555682
847640
23541
282045
875460
122337
308797
453442
876545
693246
355946
797712
469785
981843
708305
931223
203504
667345
662458
416192
811687
727614
865679
994368
992469
661531
373215
934029
695479
544942
322011
316064
364186
380982
219759
591944
335913
597968
28028
508972
574205
795219
426652
174866
117745
186982
229012
841424
360666
465857
270274
973750
848456
580671
440464
810811
200858
423631
801006
998112
589101
237160
747436
313102
845381
991990
351268
622056
343384
353679
737559
111389
267406
518238
555087
579892
165055
517083
70706
600217
969645
271639
752637
389614
301938
424386
746547
578528
61324
907079
42628
847077
215585
271406
586970
644143
480390
511445
320076
406586
537209
518740
185327
653238
449349
724323
460253
776301
314657
931159
544060
178469
559059
187016
6923
476830
674426
308947
41
219019
83243
739157
106505
818929
725586
310761
769346
63900
330887
540238
177949
259638
455888
17794
839182
835983
597930
326986
862068
39014
878347
376775
203882
323684
649189
653346
641982
109405
93108
816889
622653
253758
720319
215551
305921
130593
309444
517918
406997
127387
540423
85600
434281
494064
769968
271429
579720
162569
675704
120548
535098
806820
317621
956329
312163
255547
556308
254376
692452
855190
223872
268181
370239
273596
922673
842245
442396
155264
591644
287129
28694
15121
485976
833505
829113
709795
268212
383902
997072
562709
229311
87050
591191
892825
409470
60232
794515
72068
467169
371498
203195
923374
610955
488932
198007
918246
589015
137487
588399
309092
273537
591515
666903
381085
652472
913862
366955
309516
657082
8204
107347
56226
191963
431648
687474
246685
687421
180121
765004
17863
244260
151985
892600
363247
138831
566914
893424
192287
84352
818624
391087
78552
382303
999104
589982
175418
636522
61020
636773
971011
273460
777411
642463
457725
345633
180425
877715
477328
791629
275014
200660
118509
803063
490420
321755
144765
891024
863940
293510
473456
163316
828637
662970
833487
303282
455704
660176
993602
332974
493526
798928
473917
535400
452333
657189
581520
873823
495967
172800
281020
257543
249849
133511
291758
350406
105414
534644
731837
778203
868347
492100
317279
508010
237533
212425
442853
367424
740880
631116
597279
189972
89738
257057
351353
266486
266617
686392
148168
182036
233466
612954
850435
271856
990507
788449
586173
51816
338556
367984
343295
528734
755518
637116
296968
21324
591083
218273
414126
601709
424035
36000
21834
981408
833289
679042
678275
919451
166173
15461
502583
299148
23712
907883
584782
802284
106715
354620
795811
7727
425200
965213
559064
752860
747200
343938
362133
981641
701333
427718
857174
693181
526824
308628
72870
47529
429071
601727
212950
197854
522415
570904
671218
425533
86094
7447
74015
187385
896600
937637
519707
931605
87339
301245
103090
38601
560490
138306
664822
273711
714663
368931
416703
520301
962230
680523
829588
281820
211553
446753
495434
115996
876772
906150
289806
871084
319536
609575
390604
276138
582127
310
284371
119333
733485
963563
782693
242754
461778
47880
124537
636993
139155
109591
212831
153774
605464
158933
235173
362224
80696
440615
437396
910559
746763
396269
388868
248926
307305
291524
422362
906585
33297
771655
142999
173038
197993
520334
656842
303370
687174
36428
547258
400882
317261
979806
746105
865716
982536
711442
984449
187619
234856
707199
520585
437467
989604
30277
664033
39464
966695
873205
808960
814430
335872
589572
957638
457795
619278
135084
497141
593122
805607
345711
362852
621437
338539
586140
559611
376068
239722
362900
92717
207380
943546
189008
376912
876925
925912
179771
721114
734638
834978
106668
631980
302515
341284
577097
83307
819918
899921
57974
643118
830248
910696
272279
997083
645070
520440
775629
63855
25541
310307
800160
951163
514307
803540
382698
114989
13565
30245
658136
98126
928098
600025
616646
909810
302647
135158
931660
894090
801168
574464
963877
54236
150761
181689
557397
284294
279587
730893
8715
877851
153972
374678
139377
288607
186649
549181
90812
336728
909805
737437
168432
900315
661767
886597
464595
596790
261293
774115
282260
923737
805637
85784
167110
163723
635136
919523
756339
705663
172125
323512
724234
310003
134168
140530
465297
817746
448282
102613
446013
412193
147829
488437
656079
382276
547886
779311
193008
967850
848928
863156
455648
741488
198654
110098
475022
2161
71334
849742
593529
401084
143281
337472
608429
390696
160068
115406
762204
252586
821364
641900
793410
793234
284254
252837
49515
424703
158944
14266
50412
209942
280061
956844
727596
493623
596289
558248
320265
141361
47179
491514
57683
592528
259888
761386
856113
806485
509023
347561
367536
742579
114475
780796
495476
409195
607507
296793
16048
491552
331443
554774
224024
168854
325316
844226
289259
651792
894993
565254
775520
573339
196527
105079
35214
635540
583211
680397
714718
294637
32644
125183
547394
179175
997860
971049
346957
295070
181514
996893
959080
448695
535173
405914
664710
872278
331169
17021
775493
658726
195860
325263
354507
347637
398096
32444
165769
582440
416150
460618
388941
999260
415648
286614
406048
365902
694725
901722
682017
633743
739950
240220
609304
136568
476152
961788
807539
825128
111327
49669
607655
14676
291280
84267
234213
974940
464297
214159
74358
616108
923432
141261
197159
24555
915034
395196
544906
346913
327174
232773
404970
17186
171251
159814
272304
691875
84078
203547
424949
915495
263093
420990
711804
396945
87420
843942
429600
235957
520429
628143
67501
95129
835684
348251
226025
67002
589028
522350
329492
777823
904413
586187
651504
806601
741949
810713
151976
559698
953621
500255
389926
451139
452262
975436
249484
267235
136019
858028
260894
829904
714048
878150
847554
375288
888844
971233
422983
867789
914795
311080
448083
597983
457495
854266
917021
201100
795127
818054
667895
507351
484468
641401
753254
55721
251909
558595
210521
541936
165454
345774
111054
806216
705922
168185
41320
393075
800713
576990
408968
755488
95576
140036
804668
326423
360259
564754
494108
483097
701525
132023
877441
270643
777186
681971
308970
290457
201069
387422
962637
518374
385852
45130
523082
860018
647139
489413
582629
135352
250245
756498
995001
323904
425632
845743
231800
305775
662541
923434
84835
359041
528374
850248
295696
143971
154456
463681
928933
143168
154503
898492
85674
919276
239218
394656
74168
967047
93740
307642
455429
56332
492685
471107
292406
201355
147400
205344
799392
185737
622310
517871
257347
538079
529228
818219
563252
860438
152270
269317
213402
530912
765855
709477
960518
591515
934973
836753
363674
350377
995031
917576
593286
891263
762251
546233
669722
771505
146532
144015
132513
254781
148000
676044
95006
474761
705829
554892
752806
784849
492541
553094
729240
68659
209468
678760
305038
384453
874855
76676
819890
634534
435391
56252
578007
528670
283011
340127
353001
204777
47433
514017
600780
466363
611694
355699
128468
653400
635140
441062
232105
976657
340503
534357
383837
733045
415699
445643
838110
78518
261016
608380
497467
143571
206337
715015
568384
652164
678215
121709
969068
322564
189550
305283
60224
797191
724003
115202
929484
450065
591476
281871
430249
631344
413019
962748
733145
302521
507343
573817
581606
425273
71623
235386
606332
729668
356007
100718
576816
326248
940569
415910
92273
967697
908487
926342
345159
873435
313632
963286
557013
906538
387322
178850
156632
521824
804813
468904
922780
253870
559446
70059
437322
860590
762667
338895
514301
64288
748932
516985
816270
750043
817067
262917
843170
287247
567879
43002
614774
207227
262097
281193
401044
86822
466418
739706
236887
247268
278540
947904
586197
722990
489270
478017
946429
367958
166990
996536
751520
263626
516481
869372
274202
585129
371753
784454
415458
439370
164774
606418
641009
21141
784056
804428
998707
530553
784206
190639
340526
321401
806572
653867
506781
779387
96459
826036
757636
712670
7622
691093
300888
745255
135164
40598
224998
330427
640933
709894
837989
280889
548767
236916
866019
724502
790550
269703
245337
989954
316343
410847
653517
256095
475509
969546
23953
796655
402358
471724
665420
250431
590551
677162
227465
643005
509009
38837
301723
823527
895571
774364
612228
197575
805658
856146
233924
609209
295682
684979
671487
655784
774756
875168
588327
659422
424933
805229
44051
302386
868304
556980
850020
352552
588217
404781
200053
477260
78070
233950
875697
446145
301114
676081
931194
614627
721742
233452
932406
514355
569668
290546
151295
110860
707388
470062
949230
168885
382567
653423
629620
472636
184375
869782
855411
764558
457166
21216
765522
850194
535310
517296
917017
41496
770843
736790
751258
894791
839551
208072
368564
772416
951689
957618
382091
664214
300863
873018
377735
421823
799732
796667
791071
992039
686532
167372
534807
151051
204758
494598
578296
900638
587015
939863
585125
640364
624356
262801
115898
85007
1104
582007
580742
452761
943507
564269
421097
745325
702032
102506
158717
866062
690473
346139
535874
90744
191890
390730
752767
668221
352626
353023
712818
396286
378395
240107
696153
449745
748704
433442
230028
473488
347173
120373
571502
956730
869919
544764
69023
393804
649796
671528
325806
849296
285582
389585
651446
139201
581831
74883
801751
780437
130017
720924
463358
47522
270940
284383
600509
774414
406722
799516
113809
439847
946416
725806
953752
729314
103316
488940
240993
954516
603734
933080
741935
477513
463384
29062
424276
162002
569529
5940
946011
781497
912807
201558
17850
6022
760339
253298
911440
744833
125455
192760
932008
605547
341603
66298
919960
292780
264476
578689
259317
788689
463252
41138
731134
365800
441524
234852
954669
683438
41951
893925
173129
387722
703382
422272
789367
945352
925739
647974
580900
571783
213581
465289
93490
27725
304387
169104
943987
504395
557815
223857
157631
643506
383469
373521
818224
476850
95585
551788
181303
54014
703443
405604
942957
45335
702368
968971
309007
465121
214516
38988
478181
75402
768344
493972
982699
505344
499609
237429
543132
926865
250689
301991
643015
650968
470578
376666
291661
875283
944507
897862
215934
231436
964280
519023
549055
843577
392562
106356
777696
805617
146850
708678
88715
933184
997328
881856
403213
635435
992372
420875
799072
71403
29797
544033
864975
561104
247257
797212
840663
158822
179902
372025
677285
753438
407800
281418
900800
409457
464891
142142
313359
537376
255854
62776
647317
121598
488795
432190
439647
803967
762370
265625
233619
412900
860744
150465
273608
588848
380810
323178
922738
880456
130794
499218
863074
826032
130153
831010
216661
566946
746844
147003
297053
937330
289395
735673
677079
343443
511527
71158
92396
274424
41464
66811
958248
753759
265475
728855
107720
846105
447308
746548
216731
538831
712225
582512
363582
438419
619387
238351
113195
945859
935087
896808
54775
616204
660170
569843
543411
886606
547507
138843
680375
700265
354897
873806
209101
315105
474077
407381
659821
537411
228421
511046
359938
830176
162722
561161
228105
699972
867541
557490
369892
87532
844801
205163
370583
827033
421278
131799
957997
818571
583608
705575
869337
805961
357878
696062
204748
711277
305686
560232
518889
868914
379094
332123
600660
893158
639228
388068
824548
188444
223404
232841
544427
334811
791213
453263
732899
530294
158985
775182
893051
822671
763064
976643
371621
693109
147616
305226
334156
945910
213114
446314
446119
987337
795624
859965
486952
606839
350626
589395
233266
90208
561862
70180
702206
338802
969335
23802
718888
89008
822178
726948
376265
368437
962362
659929
726754
41260
526760
362478
686987
411836
368642
970896
122197
253516
244206
416436
351648
417184
227138
245402
40602
170219
471032
712540
595695
802926
432166
478921
146934
252069
770646
181165
51299
56161
965793
551191
488558
86020
709990
830058
694623
379582
127529
461626
633645
117313
805698
375531
812892
410052
221297
298685
566530
963063
845323
735899
126271
103756
270980
848657
43487
232578
244170
632971
528111
327276
762140
998385
47323
356223
537232
370776
294999
176430
865670
62348
26688
845193
221048
328519
722618
909434
642917
104539
526348
420881
590578
729684
229498
984182
263330
528909
333455
679139
297054
522137
369201
790405
533846
263091
341991
621217
989987
109294
546733
183735
309014
25703
978016
836702
453064
105476
7276
919700
100478
81063
170506
382744
818094
752698
573320
969181
244565
57265
407897
443356
69430
823617
207849
890035
483404
2739
349341
436555
438649
882596
959205
292215
718486
858502
694929
779083
717144
33970
762583
558331
822479
670270
968142
418954
554561
943179
247517
657400
187762
271160
935088
130726
834188
639749
216167
263854
401227
569687
192845
644820
698578
86706
584151
359122
781737
194681
181891
926051
964434
793591
117485
851101
266554
337280
704419
560625
462738
557114
59516
222984
373778
327135
172017
782196
634457
694121
892740
137244
452100
564030
492293
142888
618447
224872
737463
534422
253721
169704
667372
860219
232117
337877
336769
334759
111056
510840
452794
574831
87091
90596
834263
643822
362245
874763
221909
580519
58906
149205
128413
210764
917795
551036
369188
260273
714681
80611
49501
847183
666331
564265
64813
901772
936114
255901
499623
267531
343830
592208
21641
559153
751005
409656
609272
306775
22561
879293
101741
412009
277224
101164
60606
753606
607423
810460
612819
115634
47965
729895
368983
86116
613101
631803
707988
824428
240424
254653
646544
485550
907976
828211
300391
244425
321638
684456
22587
162558
845456
660897
216316
14950
258737
752876
196503
843037
738195
439488
640509
106726
780
999927
784637
130573
770540
519625
654100
203620
130900
246302
24029
713211
674877
727211
329985
775278
144170
832513
335184
690340
767297
206498
775518
934256
599959
86117
669012
414108
648075
795641
152129
160134
134072
670749
195061
902922
564226
640582
111982
212117
208039
355724
641782
872577
786493
321792
956206
852503
950121
535414
947236
565697
494338
542933
318806
451855
885401
718361
708062
264231
880547
293872
177051
647781
252655
715646
328581
210274
401995
348003
231000
482159
495892
493388
881516
520718
792756
333301
589507
463003
134855
402828
91178
47002
996833
115003
569012
601158
729333
845176
654685
831764
269449
805717
404349
24359
83303
651961
494259
115622
6043
580112
425871
819210
744143
105521
496933
751223
16691
252890
725310
703581
489207
219507
366224
603591
676910
842662
68671
903138
937387
726063
695926
77468
98302
900453
504693
900302
939642
229549
196293
83316
947389
866407
480731
745209
219423
79750
643911
549522
643000
16904
246159
249749
620945
559823
844651
794227
659941
368693
434114
820986
439032
430002
54406
628891
942049
880948
376358
432193
150758
68583
331475
94593
453690
482911
690134
277403
8731
656342
844629
497445
304709
278971
143166
939411
115698
799019
628525
26441
421529
585028
506226
927412
641182
399973
241239
423328
308020
745017
357115
459246
192397
214314
28916
107092
474468
61403
860630
545098
181676
885731
504840
617718
292286
706136
910024
241275
939896
394311
270594
889150
745554
252726
508641
143365
626599
784718
728813
303103
905589
532543
74416
521328
487956
660177
972766
838602
893700
527980
523903
68836
331338
606134
477056
601033
879441
115057
908676
830692
874671
881590
229885
535187
361920
728470
780955
805974
373612
673862
496379
283971
316146
589479
105752
844783
184824
492005
964446
933381
19730
742161
699266
975058
964559
780733
625449
88294
159410
478597
244623
623872
65294
302936
936002
712050
113423
368968
507575
324704
635277
566467
7821
798445
209463
630596
95075
668631
928732
625579
385143
173082
434394
991191
910325
601864
172546
607334
306017
549324
497169
41496
648491
794503
88726
126461
972017
341367
668281
890163
91592
819957
18186
462588
808439
71874
203261
635189
790712
19580
47544
57004
799133
622690
338455
819979
896351
307370
406363
485235
506137
504960
123252
345982
2587
290223
733679
428985
64838
924733
260701
562263
269367
308879
982725
161926
743592
375668
472319
343028
909904
591909
174616
911878
36647
810264
496151
987607
362878
271960
461005
19494
706868
707496
794157
540434
78048
403187
55105
326148
967169
66915
476822
286879
406849
204568
398838
795613
979326
41877
511579
981476
33691
126775
210794
863750
785944
307118
204596
313173
671686
682760
287900
9361
840397
709066
233015
809450
113162
129786
193588
291132
223442
246863
334707
515383
388782
206675
589035
789555
877173
829463
312382
55218
430482
793188
469173
121838
231115
539820
282986
492106
371656
36711
292287
982397
667753
98558
116918
779833
825610
93123
94143
181574
529380
139919
583390
462795
50765
279892
251354
217030
309405
23701
617562
586848
163313
249324
232368
126528
249332
771708
577206
863394
625366
682760
13026
705751
57710
420945
724749
927585
695586
761860
344275
123747
912168
263796
264170
6877
211999
868393
287928
87671
222404
560089
47159
875691
678155
268144
919693
763161
711636
196335
581152
83390
842209
867833
435332
27680
994443
180288
56675
144285
205602
951669
330178
543169
73379
575066
131211
236967
978207
399671
229321
353294
641383
300925
986120
624000
868818
605064
422081
680591
283960
916470
247255
707423
467044
598027
763247
899975
341244
552460
760857
319476
674442
730633
760838
686956
482063
357451
848555
388875
37994
417669
621417
610032
709562
333495
627474
956189
40005
514961
586337
514754
647972
726371
535685
407089
828902
276491
220646
349289
227032
152546
365471
401964
893785
121830
746495
483762
78919
458565
767464
780978
186838
765430
373694
183871
110056
290694
166059
350815
392801
130864
626087
471670
723412
106751
700723
561341
311197
231609
173525
6247
398407
527271
346496
284895
597482
705323
597211
728311
479075
513143
587542
813201
358505
277226
412775
225681
277600
411067
994961
676503
569971
293730
159831
695323
390629
472131
124249
258868
763293
287272
914768
314099
762937
243555
232459
257097
473691
773716
661526
328158
612282
804848
222244
471303
383810
218899
551679
437466
55159
844059
183801
399037
742827
398410
76399
464290
276860
861343
585661
827818
276503
401432
219395
211994
78543
807892
466714
153862
360366
531315
783570
661724
764523
942811
199242
346781
162248
47851
423053
773172
423966
596599
15380
581454
839376
67234
802390
605369
128364
48718
428577
562028
234724
315909
108347
384006
900647
679439
391196
15673
628264
977511
466878
884528
138452
122247
143123
363960
842793
468236
786588
715644
891636
766372
507551
617047
468103
529463
473296
176263
722946
117698
116744
547162
358898
660003
660442
825524
88914
59482
430756
769278
895912
607276
222017
961393
518645
633331
743619
761502
150434
13030
565752
823945
804420
343931
494897
358949
246306
825526
937520
988064
650224
649509
919580
665432
801543
862511
179797
480846
506821
240278
857202
762147
715003
468440
373878
361069
345617
818574
63981
447171
506523
195040
38467
251915
812913
219239
730434
843142
806183
350264
511238
236610
840526
73583
923893
346501
134441
892597
574375
164349
267898
608230
586487
387020
742542
66541
461974
247278
159953
745166
86467
147439
872885
127162
701399
340498
721554
727211
242600
714549
16800
349986
479187
751733
944092
896231
584896
426545
235844
623495
492995
678506
871521
405735
981509
579093
875424
290673
526067
198033
146172
609547
922503
571039
106776
428106
227446
311948
61410
636876
11636
444221
63724
930785
855709
200264
542184
683563
446473
717109
127989
991910
631678
524643
236064
167803
507931
664907
528987
785800
210072
728152
662892
73725
852866
582400
760247
481612
626026
859946
524926
199819
575082
542631
464458
593538
753786
395313
378393
700206
285814
822166
359002
386786
955965
403901
453400
276599
471581
614061
676669
670196
867571
398050
270949
565874
292999
488322
394317
740845
620177
250814
439841
674784
554465
894699
984024
948101
510121
819084
561913
56698
72217
445456
259663
916771
960525
300795
243228
955666
27818
382556
856244
249110
494845
654692
393473
146425
741089
676108
971163
305198
686412
892116
142256
69779
805146
992434
393916
774209
858057
803514
316786
306321
423829
514549
578647
613788
82360
504572
769228
222899
686996
835364
760958
364259
294488
928936
861294
132418
9732
805032
937278
153346
98207
476316
290875
545825
352895
80986
691061
629474
186909
225891
14394
740372
141399
422453
280287
281189
750155
519806
973446
785931
645281
520308
877201
613387
697609
28647
748609
829551
820999
146433
849446
345417
403231
532417
372082
406664
484079
306713
801813
70591
419580
857267
794548
781891
574090
901355
509737
395941
881032
2724
492930
303667
589159
213299
570067
963022
44999
390140
70763
896521
247375
773364
379244
461809
199532
476505
161196
361828
43838
521891
751837
126093
96403
764315
849200
868711
276041
524461
805333
639193
383673
719903
477274
297247
101105
48197
313322
393258
521548
274502
426086
220864
333246
405772
345926
243489
651156
163689
225506
686010
70733
611022
502624
433803
228068
778127
867100
182317
817728
228389
395702
134003
410498
756713
626324
551685
295484
747482
697553
720034
83711
21875
446003
169023
665815
639193
139164
158460
929289
372050
487743
179706
250705
11365
695588
258216
680227
107208
280928
615548
805512
371145
336694
674069
110788
956465
592020
301331
382102
469879
84913
409377
843424
548014
473013
491141
532158
604880
631479
97112
621521
14550
429831
965630
378110
116144
944048
611723
518846
220109
119026
486781
237349
971524
227509
293757
988967
168806
121936
528778
445750
781263
39295
571013
567197
943859
567611
145236
477312
837536
816724
305021
2482
660587
615443
118827
632772
987677
124454
272130
22434
429713
197484
995681
822987
901400
501501
799614
839529
478588
716703
762240
249442
530928
727009
17068
224873
148787
604983
986264
263341
796212
398557
338569
11550
113883
227653
860443
345083
966138
87947
319958
235852
127295
902643
155124
89306
166442
118684
203825
939161
833605
480692
973400
405976
292221
854537
91238
353100
18454
632549
96977
452732
398208
841523
255643
125666
384361
146103
467081
368437
465574
771527
918365
590694
854692
313558
997424
335065
285664
118672
49272
182285
335193
532710
560801
921635
921499
823811
836401
19843
249539
437303
700281
180883
723908
374283
525334
459235
595726
211850
753166
468220
692529
781670
428233
35442
133477
15751
44252
729038
487475
843501
781670
438389
926833
902386
452448
893407
359806
467727
316029
931950
210683
973328
622909
939228
527053
973396
789247
765113
37927
368614
751141
448628
681389
229100
255658
550865
189744
795602
48624
940294
472550
781672
424584
81562
726982
72345
567244
153146
97378
99429
180073
727437
147137
309145
554588
890228
597081
437239
764722
883185
432728
879665
353750
854341
451741
432471
239061
166821
386533
514772
139627
536288
143612
573333
173329
208550
930924
847347
626857
761983
30634
229409
430419
900210
715429
68280
218331
137256
653073
845328
431975
876112
70560
23412
229156
643258
822258
369664
514650
978347
170377
874880
555168
456592
561123
473135
439054
374075
381252
151145
873529
815596
928310
447261
557888
148324
141200
371846
895260
421865
467012
164350
608809
475388
985383
700332
648436
527873
679594
209322
379711
75458
992697
300899
824742
885767
506082
934072
540301
710031
293046
263381
702009
173910
282020
502361
57862
969217
505852
354731
454538
636155
533934
934440
623320
502064
536175
936523
371709
363417
219905
448286
449482
995546
379449
847876
715015
435158
531625
621921
859049
840060
423157
722875
955374
464242
498881
620498
433168
993784
212987
845149
669666
887601
157535
446984
32498
649630
985152
830677
650510
595080
256452
343450
782637
191868
802996
842912
690304
633279
239310
534137
380858
639972
514544
556825
773593
347471
409628
24263
998823
392637
459461
303667
340091
321984
765927
509335
302664
88086
948952
9090
432285
316276
505789
301584
336873
169367
672979
299477
31894
575964
222011
479017
256934
956573
599660
498171
821989
345600
881058
527791
899592
272023
808539
241270
435212
844337
962092
703284
115250
67858
925914
983195
308058
32328
844522
981230
611725
819299
220931
350155
888381
746746
358217
233867
454086
997716
837714
859704
271766
482632
511751
234293
109523
686470
19348
997287
537962
481014
778442
564276
102258
246417
752406
994145
258293
220539
150728
617624
472267
618208
983260
519834
661737
438666
46033
352015
646486
102824
788012
692755
471401
457188
558810
698803
909098
236850
478084
449916
365129
236385
942798
868109
108209
144282
653447
614834
577076
274447
854455
265868
69129
221383
238922
520715
305914
164627
49749
231804
996738
372387
502640
826654
244063
948847
742986
706177
637591
637448
37053
559174
990773
113880
556623
960689
513930
545992
175831
144450
484374
435370
631837
986073
786271
220764
663725
683364
661702
272697
334142
214947
16999
680777
113671
636784
746424
245374
982448
684461
693791
776944
95999
366377
283121
126902
768786
428235
525827
276886
545390
752160
950969
78665
845380
945926
269414
257091
850228
605472
702894
737014
617816
628668
760736
336281
492950
839861
993002
301364
489824
463701
106286
565178
201994
201797
970354
182941
859763
283749
260185
744765
270254
703336
391861
644913
181187
12559
413945
607612
87343
1000000
119187
127454
291789
242211
157686
722275
588432
605349
962187
453080
959093
876793
482128
749416
416712
194946
911598
24104
379707
625915
699733
974975
822962
552366
668712
942175
689156
370015
995930
974022
278952
68799
947385
332025
917455
398456
825935
271077
494702
443070
318083
193778
830184
814845
426333
869232
922059
921462
246342
492109
492627
881882
97978
958025
986645
886193
674388
975260
576014
407486
984815
923035
929345
505367
351265
895322
563273
386823
113784
580787
706319
147323
380180
988311
149227
734265
662414
616961
189230
913554
902436
489388
188838
231591
683404
677673
603980
73140
738618
331887
397069
500113
967963
75155
147555
80053
577416
233413
579198
32979
604376
912402
167175
45065
578654
308247
382133
462435
293048
430007
428393
185738
943898
568103
318060
46429
253974
428142
386771
776807
84310
141924
196795
423636
791100
820434
753485
915522
262712
968201
793238
240765
438608
622120
716740
206225
940069
701642
965350
704307
123331
323977
951034
497011
820785
516344
690467
800492
785740
259447
403963
122707
61375
578111
668605
155065
564028
444743
865276
273883
376498
891981
252531
861702
594265
140180
754106
345490
4920
516788
318661
72818
575345
683111
373290
395295
179588
434600
359769
536731
128122
468636
692951
839950
89460
528057
929093
636596
886262
928291
71437
178913
880232
599487
549376
383093
743967
483040
613828
796738
24035
172526
562882
586313
302586
803766
69800
907201
145370
130646
448420
868854
890886
968340
553741
488633
906427
634573
379796
954672
188299
396672
363674
148447
320033
679117
676845
40417
404750
949831
700121
760825
248853
612706
187117
502277
597474
596763
582499
424342
75777
13750
442618
224347
261682
172903
42122
99963
860427
20247
808531
926624
316981
794731
804797
276602
646924
731625
450654
105827
968439
136416
47719
237621
390159
564016
504815
657749
900483
356236
859844
471357
397072
244155
362355
689466
177919
472117
343745
47590
747426
475211
315799
933963
291927
809655
883918
656299
679050
552547
530247
823261
453963
166081
68863
447984
456718
72562
304762
887220
254114
723113
740123
979459
184413
256223
134734
730381
24707
813949
384988
589592
945899
922647
32422
572153
160639
326217
478955
80361
285128
788928
903686
91916
480054
866839
874821
538845
379193
669538
422021
756952
904033
302764
565375
16254
922277
339959
340172
985573
745777
662038
596320
448744
803902
140291
798669
368056
973856
467763
997183
548897
146174
102700
201369
248771
224452
623786
862705
625799
574979
851144
160204
810147
34192
933911
337806
286095
243284
69859
236689
69584
440974
234658
933450
759020
262498
465868
337825
275095
625821
982844
912801
567562
531376
444989
502687
618617
59052
277479
508336
844296
521557
433256
152208
354225
648207
285663
951237
580027
837223
87612
60347
254864
491689
692333
484053
913611
273796
443821
648518
473437
894016
301088
668931
135252
157218
62877
936373
706568
961791
621054
487163
883245
810934
797430
99661
974603
918477
233062
545283
356108
770756
300423
132583
332793
469293
529301
64069
689020
792872
907143
813741
207017
37815
582798
741090
147929
449463
334
198190
864184
226351
549820
467241
480625
201299
107748
620826
696680
301894
648478
45159
257197
18433
512807
458998
914395
97218
27731
682676
434404
979949
133537
353660
972534
949860
251786
187331
834335
176309
943069
168102
533849
162056
886355
565343
226128
809103
240983
665895
632309
756075
281115
90311
867557
182279
152573
221747
956132
115078
11302
263841
112561
76111
444106
904007
847109
62637
226276
619810
663340
413745
145241
942572
387120
375299
338773
612263
911109
236069
972030
99347
254908
50584
363325
908029
605481
827476
427768
151786
122902
434946
679181
628641
772225
528808
787598
736852
161183
331523
201653
189734
574845
468792
984689
324917
749521
515848
19188
287309
382468
236641
525242
62343
919642
444200
920845
723530
683259
563197
91531
170576
2383
581330
670946
348812
300525
894718
278731
359786
314710
994396
477646
10670
116803
448077
897988
537087
119247
269719
662332
510337
139513
85788
582276
353110
855477
356698
802165
262107
44868
416386
929218
788316
938614
629553
453380
622292
342485
594156
511966
767662
726992
610764
940752
505456
957950
604545
170039
803270
198486
989183
332127
937493
77979
482188
740123
664369
943093
55107
349630
504251
638417
650934
7457
614842
247429
495546
147524
816292
794650
261760
640894
107000
180140
592429
473611
537219
695464
995251
220504
638939
79732
402380
868489
750925
453250
161970
700366
484615
710325
733473
389485
742283
600443
271509
387858
319225
977489
732647
826962
386238
685131
708088
546355
555334
223368
67726
272028
531866
998757
38235
768242
977420
794377
568757
859298
90479
317636
470020
210121
132543
61935
2381
391015
448529
840459
975229
629404
874383
42040
815771
405967
65329
120827
603476
537933
587244
454372
731254
569380
654508
78416
26168
665576
868411
902708
117186
506361
855041
409060
522382
629469
313710
620380
203410
371908
170020
838704
939830
614274
182499
305606
418683
609431
474512
991513
18773
229319
697546
997500
181065
245524
833367
901810
823771
695014
631970
179922
562878
912462
478292
326451
689716
81371
369259
464851
440276
760807
488447
17995
561703
115834
764329
143205
403381
438741
550739
776356
974490
690533
548026
854447
699668
531145
406273
605289
513897
196707
907233
986053
765650
32042
315835
653319
687123
653360
403639
38587
93407
249675
476735
560396
779511
65649
518666
443979
17689
12486
388078
880380
650559
806275
75312
339425
528639
255904
263695
646559
492660
536427
923906
621395
409258
456793
463049
89883
560228
367853
15635
908523
791509
254633
916755
847108
439494
159407
714352
188912
367327
710824
873584
718215
280206
969945
854561
745561
775386
727458
637038
637027
949411
111587
346
194305
763309
948213
671314
111966
192157
108424
399098
661218
654271
938585
104769
70933
562167
102978
820563
535832
708658
1875
894858
92171
514127
602474
984861
828972
131937
579408
870223
425126
639103
88451
804510
714977
106547
878706
520689
913055
806628
942001
879973
899183
553455
197036
841407
716890
994165
894963
77595
629636
156822
643722
686683
303765
198867
590031
229302
275368
895927
227870
8167
839925
182961
746313
4075
466058
502874
529686
798608
911200
809168
406039
259556
840034
532496
853569
403119
765446
930608
275827
631537
449082
854164
993261
734811
70581
821023
504422
954375
96127
87899
382442
615225
430346
925341
163651
891571
388578
800376
129985
439421
662998
171372
448757
405508
402168
237095
798012
806038
554888
940740
348528
536914
305577
171794
41243
697809
189550
180000
709330
344844
444888
484864
8327
500397
666263
241091
681170
679459
301577
14107
242985
524111
919937
739023
870775
837677
552044
339066
254008
330141
306241
999643
901758
859804
999142
540793
905314
299549
835918
256912
108928
790675
144453
476170
231061
673721
840230
726792
563824
166164
547888
199931
924855
249788
750449
227085
301835
318635
48513
275907
826866
766475
498442
733485
975355
42700
609599
132273
928734
856085
495939
565910
371802
517356
676565
502773
41685
870282
52544
435256
418534
656880
646630
468854
682285
441860
330614
424060
241712
381740
166261
528160
53828
311535
761085
957958
358921
737574
85066
326219
860715
695648
326917
83880
917829
551234
498864
904008
650045
63582
568618
465266
451457
763189
920792
887700
379563
809605
256792
289327
209182
125795
646648
958241
749870
951422
628131
441662
564221
774634
449056
259781
401716
757488
827651
259731
661329
193378
578659
852925
394793
455944
755951
148397
139420
929315
753318
121312
948446
51308
516087
705853
437979
194426
137042
954090
541638
101364
583935
264596
47556
866224
428013
406956
747729
166496
187896
379416
522202
370527
624677
452123
575167
10137
525656
631618
200013
454665
376179
39144
580206
481886
251943
74314
507105
243928
529146
196587
861148
917853
935093
655235
416772
387966
320926
796282
67521
181350
300070
685965
721213
78517
675039
380426
699689
226820
879336
355021
193981
272408
489611
579172
19529
1593
853951
113816
992034
335383
29164
692744
278385
742146
845629
157687
765532
22861
184070
304174
15690
166899
153525
339193
317156
444113
102923
93601
333458
69226
788408
948643
566196
28928
954073
345726
685498
526290
904604
317337
11323
730359
461464
9865
425928
443625
139795
140432
511175
537711
845012
306246
224766
967378
785254
111730
851114
613688
662184
520617
741749
588292
654185
939899
775876
466678
816194
337108
868125
608011
357462
127636
842860
457095
271508
334693
78671
494956
814321
208302
46034
61490
287415
350812
826117
429793
46919
796419
190072
859080
50400
27260
637123
292315
306427
175572
356651
80623
99212
309460
131495
396276
982442
787988
815200
230791
864636
351207
243831
77159
285772
358131
313282
898067
812121
833711
885981
488348
345152
846115
992903
947270
243
674998
517365
946843
368215
947905
238436
450181
337076
306502
870051
730751
510721
874157
308338
114774
104245
263649
43341
760847
991543
222262
562621
111827
511216
939311
709410
642110
116904
637472
985158
69098
562696
603967
985002
555805
687195
505595
266610
503613
518399
549168
760137
461018
95259
786667
479640
430141
625806
168580
743852
734127
219744
424434
182878
685304
151902
619101
378078
721987
315429
436452
362162
759281
312291
387841
130264
978347
218868
181554
831978
316827
816388
149479
325419
831713
480967
95902
141850
792055
432436
318610
569965
160114
536717
987969
224504
522018
780768
233190
746724
840062
559068
622169
152570
741342
228559
828351
974592
56436
746709
777200
100219
502323
449275
342744
87626
736755
162517
83673
449327
99767
36972
821949
934675
907976
463476
873621
791237
178120
963703
528261
901727
139944
147531
421523
338211
34612
471105
656696
248354
946755
396591
97825
102039
15513
603553
818202
507022
825439
417696
296195
621469
721757
642994
612779
229290
322190
762309
89812
200304
979636
142923
178733
509614
616264
536784
856958
477462
753357
806705
834367
464989
721261
387494
166197
822968
351535
362619
63991
215619
448235
2573
597880
369216
326770
308297
234225
777996
400398
93014
889367
424906
314706
428299
181693
413165
113111
243777
135405
540893
650610
265696
326989
149856
984086
160420
349959
842963
660995
700722
166769
762806
420713
372688
394688
835534
7768
788802
139962
576124
583939
873539
502596
829083
970770
809990
783906
353563
702534
459772
431108
723652
854940
936312
946757
359089
513831
431778
509704
168311
807178
783330
405448
90536
189619
468054
934449
394419
211699
3560
125462
65617
810632
694759
877803
337204
103629
996698
310735
990636
241616
879983
59392
469232
704122
576170
936275
631657
51193
31063
712128
129406
635657
605870
166237
452603
509860
757167
384046
786599
546022
118890
608648
384856
811928
275736
58270
216937
850203
141522
725591
15540
792915
706745
925465
880057
298724
524384
42030
632700
710121
98597
120690
780086
779538
115890
243689
606045
669244
304937
623588
339946
221998
605414
351852
668658
754700
80350
837961
205303
411436
92740
104766
826291
520880
830550
767356
659549
134128
960868
544839
24613
874238
914246
67002
481776
203899
263591
899951
104434
969387
456147
41433
263795
556407
910410
561425
157193
334518
603316
941898
261612
331615
957356
235088
776096
168326
620484
125297
18621
878414
842196
840742
294888
554401
741179
255254
548671
887625
951433
439843
849380
449694
958990
209305
874205
91375
782991
413956
812904
733595
788965
78328
439551
170563
629620
5939
656797
952500
432970
960948
275311
281702
966736
810667
670855
422531
158353
689284
513392
302489
275639
529879
88085
156918
856500
680699
131986
387686
748673
244354
541549
578292
582250
673522
37009
933272
943900
560024
366055
285791
365658
923759
345358
697073
84432
427585
356312
788462
436912
604757
770282
937304
531220
498196
539089
254780
620293
713946
618076
719193
47544
959863
916068
69960
760605
287787
358444
679718
541108
135601
34551
267694
201305
513365
327307
369781
369409
371574
913951
371233
621091
335313
447399
841028
62282
472541
742653
337526
47332
28332
794596
293333
749851
977449
855541
226466
105748
272213
148159
745152
663440
490001
666939
507752
826590
16827
376459
292996
257843
771160
729304
229391
671076
523535
549004
700065
843197
465618
925203
425977
230693
595561
425453
7363
301972
638651
823508
307140
417964
7725
859520
532559
323907
290950
296538
641020
995451
790173
456842
448435
869304
783376
998106
716554
486885
427721
678873
396667
54769
667481
193472
822660
262615
449165
605334
176827
383554
52905
625588
839265
915548
687367
40943
530199
472848
94571
977647
165035
77721
388781
255448
750822
667458
336593
477040
180992
418571
392987
449544
298278
593680
981744
326880
221851
227595
475761
745934
457969
575309
567905
774951
154148
229081
224768
369755
320619
400101
21557
944423
998074
66815
504940
460053
132726
500584
75966
726696
511663
849477
861254
205844
416718
491481
274008
514712
95020
94256
419249
246395
61526
49661
421869
932396
418008
49085
682736
271064
580853
719279
935253
861667
255151
431839
646330
724912
675347
527991
748130
409954
610115
697105
792314
925021
759924
136804
611408
295678
790435
291118
965663
137691
558669
319408
103386
900631
473708
249887
614615
461586
32880
253534
932703
339350
843732
390484
122224
937440
186674
963257
737611
53041
162072
703257
682767
422244
772388
500892
800392
925546
781259
48420
80907
725527
819456
809083
998721
30522
145388
464352
268421
115792
671623
988260
230632
742902
322325
982467
170984
783740
671170
483042
246477
851648
227859
406497
514669
91133
44515
655622
661615
781734
423408
7108
989367
882593
16594
686830
806780
632097
331988
8589
261793
790343
23604
591467
282961
863599
140603
178537
82526
644738
373932
554331
120946
980699
167356
314930
685077
552716
356578
636813
535251
221246
725760
833246
418196
453401
948927
830973
465243
57209
837259
32095
577568
99034
180827
863885
692412
567149
72873
408868
798367
181813
529848
377417
724847
44868
223826
221270
742837
718996
58769
95832
856330
503360
957137
22478
225610
137589
51957
228276
138960
500489
175800
342341
492657
720276
444006
385666
901008
406727
726255
122499
51676
118793
273987
91877
615911
668316
722158
19685
587595
322612
986529
211720
636944
347782
48165
762451
221263
32010
419798
809401
805996
202218
739915
219271
958963
895387
600926
14921
737703
640470
471985
959045
814138
516642
970782
507218
40691
689264
951880
331727
258059
973064
130195
306695
586024
731306
549087
661420
512723
806102
780284
830477
879164
487215
935683
974153
793388
432013
535783
922559
404455
659107
460186
755427
415480
74274
625878
421955
580876
641511
989853
809236
308035
140846
173940
34878
701078
870474
357434
347708
714385
141181
217782
445652
539653
927575
838565
21421
339629
32712
190565
204193
245266
878127
753583
132823
761300
103404
700622
482009
594831
268746
938272
731883
95909
669778
41456
801758
196783
1402
472993
35434
932873
492743
658424
262455
388279
491304
968616
153993
215095
224992
748716
203339
529704
792031
628201
76529
718329
316692
690759
360441
556567
252882
130623
720319
270073
581011
890187
515393
924568
87878
424580
768467
394434
271300
557317
858342
198811
674180
355058
826444
455210
794712
5715
371222
126768
751377
896924
505272
535308
718880
726746
971439
946240
688588
837891
401110
697911
414335
43727
21745
412035
506052
245758
142962
410189
628781
456811
553017
888607
668628
728738
494891
971454
205774
922853
711548
131127
461624
598335
918607
850356
300395
821607
453209
280897
475988
176149
913748
585800
598205
710593
111811
466506
598253
558277
941851
10378
27224
997446
303708
874083
330730
719546
332442
822730
936268
102925
907733
334739
682598
980842
845529
84293
188642
329665
592642
559994
421267
572204
839217
150057
20380
189347
439732
792974
306876
186379
100862
781135
900574
471157
185838
869666
709902
193402
521117
65575
944460
960570
937333
989690
15479
524070
216678
534825
557292
301923
784283
48388
772279
888623
989758
164678
703358
412990
964188
631543
696515
616478
810371
531143
161193
191395
480099
64959
562972
626503
979696
830559
911485
821599
871603
875703
93525
611429
509839
571745
322514
673445
603346
966680
52985
905592
570476
344514
665282
685110
446386
195072
753314
169296
487004
911297
723460
957742
849453
656929
141059
209771
355064
827106
670920
945174
270218
206477
229119
459521
774796
546836
272544
629357
863802
376230
383422
13647
610755
622321
785032
980819
441367
515296
85382
662028
36954
671878
239576
541760
74362
612086
552607
168588
365357
434268
147266
299386
631514
49928
198852
561866
697094
746785
478421
583220
24704
420739
711909
393096
147526
633503
362613
73197
500208
965854
734360
727537
556247
300525
100808
366601
797261
23403
117070
919009
284394
830407
469813
364963
881935
336048
502178
900113
997076
30952
107354
898562
853596
626006
344958
536047
597009
754936
714534
826857
437394
896099
694232
30962
163063
995752
649751
284431
952859
738310
869943
11059
891744
577986
920542
432962
563173
344641
646352
941138
512145
662505
871830
173676
417459
529050
345692
591771
888162
818795
354993
594599
83371
489820
885493
633348
274099
725710
461160
290634
763580
641703
202778
239417
126876
244061
33924
54042
974077
845993
751507
131446
312348
84381
878595
743751
922517
173318
275387
339129
178221
12362
656967
759124
830350
838363
504600
402593
372013
950597
267250
962075
12797
641131
223665
219030
341067
908954
526980
394371
301222
880660
243791
193014
495235
309144
858497
850656
89743
505092
511057
968051
458582
642491
759668
857063
650877
619917
55362
361096
694751
123756
314086
136949
28899
78441
626916
319429
573446
944152
521022
832997
402055
758778
987324
680674
414576
331051
476504
904747
49147
481996
877083
927985
46902
802391
855982
288107
890293
979987
223606
964305
918329
125529
284491
416175
997361
34625
914656
874178
708461
318476
128797
97763
666130
998537
410106
818472
291458
287456
375719
864914
671436
188879
682661
283183
354223
478075
515783
151473
82885
818147
853591
397872
931455
861030
535907
427326
334871
690067
488820
163493
242204
609378
692346
212538
898780
662882
592561
219855
909511
127775
119765
116200
33266
302036
384860
622129
749628
442526
552699
760199
399073
844161
349590
923682
978937
747574
525587
158585
781395
674289
399290
516489
941095
91708
54073
302822
919289
406595
89776
726031
384542
374328
956080
27373
915830
347295
483117
587352
557966
513535
210139
885206
183310
689683
395080
226717
497357
976019
872787
58685
596358
920078
314059
318948
885666
79762
366818
537187
737242
686845
121725
270929
445951
289139
643944
887811
142254
367278
343832
150680
999811
943878
836784
547902
989322
747228
105540
7489
202824
607617
697049
527840
904174
235562
372444
386308
518488
321488
75079
496485
83736
683420
907247
660800
287322
434141
470390
907337
264609
336309
150930
954056
731245
185691
346465
25119
754830
630753
384644
201939
969770
919902
346413
37415
686437
309274
81091
381625
44302
84797
938738
857456
13430
716083
121095
528011
238417
924533
869341
314364
705466
741322
29310
513534
589202
101917
268993
364019
405897
240148
3639
711736
732358
564092
346537
899487
30744
38194
797044
941816
594124
584405
3683
675728
715706
48903
349981
739492
507278
157537
245246
906128
461860
431822
695887
132469
518356
748641
215053
188686
439347
483486
67542
404095
250410
713075
356718
427269
501007
186549
322270
730764
85889
731448
449147
185790
253574
404925
340944
729106
555411
67949
23952
839547
244878
825637
120367
722423
808303
902956
586281
71725
62231
474046
726384
684608
922641
110920
682655
362958
287867
203285
757378
883151
591361
928662
997069
180474
174494
749618
417247
534082
249860
28490
369680
444832
366348
305788
790335
318809
827150
840546
103471
946972
161659
784584
163875
980929
147101
21111
851622
168325
475404
896682
44086
452147
762202
904263
824028
486378
426301
816622
33899
612632
559732
346054
537074
644632
824965
463344
850932
215729
64275
579707
804142
672345
969446
781774
444388
882549
933941
176945
643577
710549
863585
480836
632482
318407
398278
976939
955797
214177
502529
438920
272825
913284
705925
570326
481052
436522
19025
154470
185820
491024
541899
435459
221971
708261
269524
80801
434075
679096
203575
786128
799841
402496
709570
670515
34859
310779
251657
724226
714554
518086
557838
700868
840900
617499
942533
904707
313024
685482
149811
36950
68604
572212
755337
121549
765637
745249
217747
629880
807966
21000
41620
566150
185311
111754
650193
252964
279646
917140
199290
13020
566456
285656
105189
988872
629008
448790
829082
259929
227874
184124
538900
698678
828321
966211
963658
869429
36294
8591
54213
807610
743787
148206
974460
575339
805945
897116
11472
436125
243958
388529
90602
509525
749886
414214
254607
370376
233397
914986
190299
510422
61867
844493
696361
500798
621105
241382
635533
534217
483395
625352
885172
269847
198477
579535
343947
971876
588337
729281
481795
758841
478907
920722
871204
116680
942012
870463
793303
645394
386541
954191
56643
816821
931121
304301
925795
617281
20017
298081
521369
161574
358316
467709
611667
854470
930789
981984
985931
50871
916432
278679
774141
633114
591656
908122
209038
236991
196233
179591
590537
780503
941246
458902
562935
929815
329913
477006
646696
576936
283041
304731
319002
441522
736306
83000
776062
340971
46397
493272
406468
241549
707682
628838
292228
683245
845292
605826
81933
631814
310194
729002
638102
163545
170886
432801
778758
127051
936754
768951
463388
70763
540192
157338
152307
758932
947339
93976
468549
677655
318717
977136
201272
936889
20716
602694
986664
529418
833629
399087
796312
955212
117768
838857
137538
511559
869933
128824
233078
792898
911165
77368
520751
264928
82366
850635
694876
77674
239130
587242
201619
211114
197075
181559
428306
343197
824758
126553
753654
82756
730094
168675
504863
454065
976679
7674
972401
413541
20162
461741
263883
751413
395712
501891
462061
302081
71022
580955
131228
351102
502058
439869
894270
68261
92062
761569
843428
899815
33245
87927
804128
113999
249181
574122
231871
791071
410314
682760
827422
888237
815092
410411
867129
691008
739009
311289
467460
854377
978747
125932
600520
988651
881669
875586
241463
815094
921171
946292
235213
491566
343959
539930
395263
395853
1088
890351
583596
903502
991714
257345
99000
160219
95749
523737
816242
992167
313563
269722
376162
401408
793490
316138
77204
701453
172796
943468
669686
556832
183548
518158
125117
378233
691821
799014
998505
799359
606585
724811
356201
887396
583994
399732
810185
472563
809544
686206
582270
770206
578847
954491
501926
415889
339875
107744
694980
780477
341450
111112
206088
431174
463609
439528
99872
493968
713865
713157
133419
52230
678760
333661
502451
569533
809659
282315
450224
954358
347036
579170
720956
783077
59048
858841
354278
806998
963083
424038
776570
302754
97248
449547
804143
196816
866127
775205
646047
585118
86162
947559
584409
74649
408880
914889
756781
645847
854017
359619
842972
487915
317237
238708
737349
903310
491026
517924
391864
672718
261369
798509
850462
297340
334649
934326
943258
267043
603224
689169
228957
295060
919278
794239
23734
66040
754368
83301
274696
80333
459405
945081
125020
174889
625939
292096
446189
85881
21763
222940
375275
361035
24957
407731
989300
469426
599724
577220
417239
262532
843035
422976
410772
62141
352481
585137
21566
190009
669641
422965
234691
804233
117322
837391
673333
608958
346997
773100
414116
929110
917482
552913
174346
275466
453882
301889
661081
40538
406906
68344
287179
556887
48191
397843
929465
683534
26376
682904
592127
799965
963461
164069
392366
887813
997159
784835
728064
566516
890251
988222
939496
408914
69218
64165
616361
436788
490438
229700
742542
184491
192916
631974
129447
431958
822065
32629
330565
101507
571950
577364
90165
402542
246548
330768
801074
607563
213525
355392
252990
159763
125055
493492
937921
124977
320652
878149
370184
100825
514389
17315
748508
720306
842881
480808
687601
721525
993430
516655
266319
829769
532078
745903
281883
116143
700390
860598
287442
462232
244356
644269
594970
865063
184274
383892
55845
110324
645786
981921
970000
520255
526309
897971
739052
225441
597747
208830
62691
435598
910846
710732
14178
593630
273115
743199
936151
553233
345101
405127
143514
805194
836781
184889
488860
431005
915261
311646
961860
624434
101159
466812
159252
979923
98154
337485
114531
471021
56510
225946
791970
337208
799833
260729
76167
919004
100780
140534
531349
886083
459038
871746
520500
237646
527103
965615
282370
665614
968975
979607
28619
322389
842711
586535
777716
150919
751480
128382
652473
858253
888090
155338
242880
72614
305840
288629
288200
728818
540129
813076
737108
892217
499978
509102
440661
829044
740798
285604
319830
320480
585544
614201
96968
502757
114046
774705
144500
593619
140070
794444
554510
29597
735895
292702
953633
220669
27277
542067
348659
778158
541454
714783
733865
919194
143996
917481
937041
223523
820169
519331
794372
762111
495713
917075
875679
897389
143796
25848
320432
205874
605267
773299
904254
489614
825350
869483
695311
861386
308886
126074
369014
506296
183460
297026
117100
827507
930753
436821
290700
550410
406669
618131
391907
308356
886208
857243
370219
830560
582234
317828
959334
25183
351185
604876
569251
357766
548048
296910
671716
356977
696979
953283
238350
25120
928995
553504
985979
701301
495896
485580
145784
774713
358821
796114
532425
553339
292770
553471
616004
902481
705377
641911
340107
857574
165257
639587
512377
632731
709372
304266
725748
119184
482964
252656
32124
481515
563896
149240
500085
286204
742927
457067
194068
757702
950880
948434
999473
778627
405191
429579
772879
268695
341226
333595
231748
769060
219646
73256
944915
42216
114242
697746
657321
773504
738323
388632
897184
240560
21966
140822
433129
399392
993706
937291
750824
88867
713418
642722
140840
243630
823436
676812
186987
515696
261529
62828
854847
309093
629488
45093
113737
161077
930167
49622
905625
248179
844798
8784
567385
766999
843895
531051
711390
365763
861551
950692
319581
693158
751484
994096
131990
811528
35858
637488
882091
401244
297645
362448
951867
255362
714034
525738
563078
586499
203015
126632
553151
889334
476412
214568
400856
573094
71630
866088
351119
555090
453480
935723
499403
421620
328907
98377
979746
676702
909371
774015
495556
393898
575041
845104
471076
269947
743233
132097
258588
416061
83008
354467
636127
321891
330646
695719
542479
459321
42395
976393
587772
468316
622796
694082
804586
344963
749146
646900
388144
328026
9478
539356
848149
748004
275238
62426
626082
671355
766271
364114
87948
241904
141929
15789
210563
675749
648526
199639
449877
897894
383970
47390
861498
308488
112666
305786
712869
33877
477448
35164
747300
422681
381893
598038
80478
317273
683671
654780
171286
411195
639097
33209
622584
530696
617350
334560
84626
575831
821777
126692
337267
3462
911675
142077
493699
626776
92642
638726
490585
422544
536962
547347
446168
996599
165404
921325
266055
96172
866408
848797
656475
880457
49416
208623
558033
479015
382559
800119
380633
649898
149272
245434
326215
106387
248928
919939
798595
651576
441880
201395
354742
484289
84985
56881
354360
54142
48918
962837
687659
243360
716806
912368
80485
414666
512840
387620
440222
316970
494744
593173
74602
17329
169059
100955
496916
708805
966272
573904
600664
147661
849090
667710
801748
51751
780727
41796
962830
501467
703573
730405
336541
475782
371646
715865
369510
151896
225874
479608
661341
997402
632278
320202
480379
674364
802975
284311
78701
269769
291235
682633
540040
379634
914671
73188
793846
914688
98375
6064
300725
698694
572792
444
805362
69151
671739
705592
141029
244368
126799
626075
698513
103474
873501
384596
692037
989508
28570
582699
160806
531100
544066
699966
133629
705567
625742
586467
741424
206947
699474
486775
631568
177243
220463
900435
728492
739770
616907
358640
497269
459256
529346
836583
281334
870475
474986
466448
453115
185992
996871
492152
997262
980947
65932
406393
435148
880081
190309
455276
860905
60531
488105
296493
886514
663293
101132
477879
459829
41176
370157
159280
256596
714978
705088
696016
354853
718963
918849
14799
160175
859780
582679
371834
694332
106787
193336
274112
788894
277304
389296
563517
545958
647952
56776
608300
627178
411421
54571
440781
953276
472201
147274
751558
120661
971488
129752
433652
22611
141171
980422
230662
502534
980976
353326
440432
386044
844680
951516
532709
380860
517996
990950
872743
26397
796902
469993
487142
739594
612817
300899
1789
364514
639243
759090
630002
952290
264112
685405
597120
775164
255933
465403
247235
258969
49173
49536
963440
842823
917442
370129
793262
149156
54036
305834
357298
636379
459663
860148
943368
550131
364971
579853
281252
193210
296524
318934
203199
282566
572607
914098
620774
52188
76553
493595
793340
951476
683274
952119
602065
277953
506547
526493
865325
32877
799063
178112
510109
743941
342323
703938
763862
277264
715947
756859
253235
685335
946648
159858
55003
474396
731010
999336
918419
77525
358695
257683
56060
987652
835810
246034
226043
293650
176597
245525
685064
143966
186933
702098
135596
603182
592045
55319
691528
269208
804770
667043
880748
51897
838364
194484
458085
836893
437590
267126
519497
34170
970801
896114
905112
603573
741589
175028
99509
520462
317278
317113
82883
335863
714187
111346
735471
193893
680310
8274
643678
154852
217420
835718
90615
301762
588312
400234
627088
511223
412756
358629
16537
152080
844376
144306
565253
229377
245685
88686
780390
999882
103065
327280
954797
371301
65629
326294
129195
191213
17593
934792
230020
796255
723381
158454
810746
204109
331893
700690
607435
558475
523161
871106
504666
617274
867263
453650
637754
131739
428414
91306
637687
661110
79180
640652
90149
281711
274073
558792
463930
860912
441627
438831
598957
475188
874821
124089
889192
9430
478790
523090
702174
929177
111222
975216
916440
649069
110390
740532
835366
116270
283549
842529
403932
348537
715179
756874
804854
94285
340877
776267
762511
832371
430497
581613
730952
439975
438785
443377
52990
418159
272579
876073
40684
613122
100255
725956
298270
163371
301836
237766
674949
94261
530537
778111
794308
98423
966935
344693
932756
21934
778219
910461
145985
11906
582387
968020
283496
858429
227552
85336
978970
320248
384610
841993
640685
441182
887467
583759
381184
494863
704829
958711
170358
788698
195544
739033
884971
260517
41407
899327
747859
760922
521352
437290
969087
563594
567518
516235
904073
709715
311852
391820
8483
135976
470165
81717
575308
3325
938622
184666
106136
528655
569235
508720
502573
328223
401314
555781
352742
850815
455387
226826
661660
270261
86747
821565
329783
129576
221988
416513
265079
446255
658638
239243
10004
422813
389660
976298
486494
894395
432089
809308
272087
896417
928852
638199
620792
669203
278249
965881
960243
164525
928821
500456
453107
554410
402830
971238
565434
77831
621600
929736
464729
194650
851334
199078
469209
314406
443863
285161
529779
207620
158586
455729
443049
100039
497849
341049
412279
71607
643140
262800
480225
733437
347956
231835
6429
860328
715143
17859
736955
617653
192872
509042
843706
472728
185625
63731
923276
910897
826700
309290
774089
746326
372506
206136
43552
619202
536346
473424
644517
687986
948711
754625
817965
79066
559590
811457
249465
788753
62377
857096
971461
389486
864169
191256
519698
697320
708602
808485
452881
365309
466953
728917
419377
714171
16317
641790
554917
488892
735542
259147
529104
473731
667551
417674
249954
193011
764298
377184
461702
345796
373740
177778
222680
211813
145195
745104
511362
746206
451896
305683
266309
440415
191492
904222
794877
461202
400876
564955
982201
732465
417603
29614
296094
555955
728180
642703
625182
848763
860941
267220
659086
108012
64957
790450
132906
688967
961839
700546
858599
17276
701807
611560
602317
558855
724627
423969
614280
495817
280837
956763
437722
831255
615634
560733
872711
604502
686513
200586
933124
55492
158509
976764
170298
778976
672221
956858
161544
420673
311738
594535
599840
490539
650732
511663
879641
2037
257483
613169
875568
232006
436651
729149
160833
922290
850485
276988
315877
341340
166026
143194
864820
691716
68144
718339
364948
814327
139014
112254
735859
31169
329003
666917
649951
78701
496340
599421
597485
396395
273606
771566
123849
480743
390268
780510
654836
22907
276703
373480
777207
209098
303723
88897
32307
787386
984411
253386
346821
817524
420829
173535
596922
712373
882771
178823
882400
592887
272671
553828
9132
620242
517877
506997
852957
457910
895760
630412
299722
681202
722303
348412
685818
993640
66799
940940
31141
234886
816455
852399
845249
808509
626545
574285
797670
646314
31056
77510
792943
912779
438122
970331
346533
321502
334568
233536
499569
924207
643209
42617
278969
375235
337623
609269
466233
82171
500146
418686
250245
480341
987942
338491
848203
566261
483728
925813
611127
605940
341007
692297
718663
181072
275541
524444
899520
547858
644824
796271
338270
33922
650469
815446
76635
587974
252750
142299
283497
210449
688120
892697
401045
569985
206218
81436
799486
31015
216902
162515
899436
275887
938172
912155
86281
851926
63226
235095
645034
299728
916972
558583
667434
553089
407850
303198
571409
354641
785598
429892
424856
322996
189995
785498
37018
384355
185610
154015
534997
462979
149416
919623
214929
881646
365736
65357
352658
642780
643363
212503
768898
102103
543874
713443
425464
616074
904905
598356
759072
903575
806062
245526
157172
279060
244315
686669
859683
171338
109902
933494
629797
865278
163139
401023
342565
815426
820417
408448
410732
69255
744756
77394
408281
636691
922592
587045
59124
400474
755969
828541
566710
568547
881880
987731
81700
836307
15687
210746
996774
514812
404045
241995
116758
446044
777988
301323
761060
231610
444250
946597
251240
674103
273138
986790
686461
441303
429320
27949
559425
23614
341433
531621
713948
857427
873774
560972
461523
659559
627915
997398
406487
224192
25745
24346
235792
340672
698473
545139
340712
797967
496675
544579
569788
685169
516271
318408
526886
683016
232760
806233
96035
611712
718172
412642
984569
766781
819093
390044
923585
382218
279871
332751
621702
885845
348611
745648
278515
331882
950701
994428
823394
764955
331047
955337
424952
769242
244451
177160
443059
857505
641387
676089
882630
557612
138340
559169
764739
653156
887503
479394
422326
526788
601493
69369
75925
263201
47143
396978
620424
386656
888596
705511
67866
847240
325972
512823
821124
746315
427432
868457
491092
717620
125032
884988
562989
3900
564526
515432
994278
365370
160524
45366
318276
276463
66762
280530
256669
782738
262109
110279
691860
933773
775216
804007
465119
163353
880073
872543
206805
330411
293854
646134
901274
89568
120929
622550
226386
866063
345638
918649
94173
703769
795949
486349
41260
1387
622146
762924
277638
439209
932168
515263
61755
110494
712304
905991
104366
54951
448928
303574
863902
4780
128147
455334
35950
442210
700977
587245
483827
900048
89333
710992
36398
561684
366292
274954
517636
945868
230513
617439
870700
917694
104461
133743
406876
158778
444463
15853
422174
984737
313421
509643
899912
378842
503599
36070
651034
405910
479595
155121
526414
932156
101110
434962
715211
309642
51643
596468
946356
573255
952256
489324
212165
785396
29257
976890
53878
877449
343135
729433
249663
989984
862
842945
270168
27829
707370
244363
336386
461185
980512
47043
626938
104666
491193
155244
882940
154911
908132
602856
185365
594149
664268
413800
772340
419564
118455
299452
84560
23948
367060
773197
803065
247206
625955
573661
891045
546148
367606
183809
635610
923883
395239
782431
345777
755326
410557
428284
866112
561205
505077
113068
47787
688454
167067
719477
506635
221797
78049
227973
942603
190290
215871
550024
524238
621848
763021
17103
43835
192532
647396
497379
236705
902980
906032
364942
159392
993203
913132
1917
372826
784627
713676
361103
367504
431422
662987
144470
70082
461881
750785
934523
77993
283907
873466
131048
774391
104761
714638
975981
229779
127512
467615
703846
938762
864270
817890
627668
65809
553456
330558
294307
55498
416534
427967
70051
882257
158146
115387
327815
797058
178139
422025
44184
62170
681701
284640
390330
64736
320299
490306
47874
781185
23147
188061
813967
984732
447401
599945
847310
618184
511801
423386
680856
539989
920734
871260
480187
569981
325920
692550
10924
376638
366334
868420
343836
269875
13573
177009
241256
20250
174902
101576
773197
861056
582251
49439
930441
8878
864820
224777
978060
481227
337424
934627
191743
372463
569154
942545
987467
988336
581155
312348
358745
2334
210117
153250
128060
436459
708550
179228
952732
565899
195138
639555
665896
246430
643772
901596
18277
937298
590844
290977
408384
257027
108645
980727
423044
629957
908240
527821
659394
157184
687022
873075
324194
202387
683188
312360
113410
650008
539320
868202
32165
922070
575263
703545
659724
604539
409396
128611
157522
933517
563607
416170
756563
935613
857013
102244
963712
753940
439251
208334
2628
226165
735207
580029
21668
611820
555744
318522
182768
266066
774271
939445
300831
75946
595213
705986
891780
509013
586885
896832
956428
356244
891872
333667
277559
846488
474308
878036
738675
748455
219187
766018
432956
337193
175367
802633
892108
418940
977294
560030
526915
355918
595490
135071
33778
171409
734080
436279
802866
864619
729764
514778
291290
11664
374519
1537
665991
525012
717560
187382
955905
303
151314
620333
561246
706348
57866
969533
92539
661300
403859
904803
254212
632429
257611
68367
827624
87479
824622
549237
485081
807885
584269
646274
115173
190037
351246
774247
916793
193012
59312
426370
729123
626070
56508
677151
572474
899932
632855
114115
581881
704458
361979
819378
346790
837033
850519
509848
838211
718222
199814
683369
357135
866772
963846
595064
682459
410601
50413
928682
332324
814767
358760
855067
849396
970789
844266
734404
463460
754376
153923
711544
357363
189791
239293
786393
794469
357848
904521
136835
804548
89967
971618
938085
889793
855308
230721
883946
946380
883858
583760
366961
426810
313276
508063
94004
975848
265102
526873
643172
974634
257458
307872
655799
219688
543209
127041
269032
161562
414230
757872
441958
693069
801150
260866
237106
690404
334435
751421
486676
652620
148838
123956
418355
585826
269771
964473
324389
164426
922912
853858
311158
865577
897184
612770
871492
802226
990198
366743
825273
651052
169194
600218
973543
521477
369033
242718
622312
461300
852602
211952
39363
190837
342861
714366
124198
619904
712818
53150
793430
408088
384531
910579
777591
157254
103327
623666
676812
131397
152337
332141
827661
776458
550995
637031
102665
351095
526827
122769
518499
203918
291171
535572
555158
163004
382134
92976
895448
977458
216410
364699
999098
63035
931928
235602
57092
715591
501647
559618
35532
468711
830444
207103
861549
900172
686113
39013
763692
683144
21279
320295
918830
623736
788270
828608
476035
462627
499009
388781
207025
275636
928142
812489
118788
522446
132938
2194
159486
802328
633007
420688
381660
679055
934286
845331
797037
633369
519226
549627
333217
207507
201014
306583
51185
49629
280947
676803
564377
456332
324331
704721
830676
238698
741586
948994
371230
431744
383802
277511
692745
277137
526396
863727
946477
832901
723975
275722
350888
389849
562984
530890
31906
771481
717815
692443
353104
616949
823571
996194
55346
462567
495530
463379
929121
912284
929237
735647
315618
979033
275348
903338
528218
526288
153741
655871
643961
383153
117965
941294
995620
417282
573579
831978
534179
296439
904033
544288
764671
59348
263884
806487
45440
973782
580261
71259
392566
501255
228474
865352
472198
425872
772023
118727
144843
805010
136934
218688
824489
798671
977405
47676
335826
312431
270296
382839
729364
82534
372489
274065
324766
742797
22990
409521
376095
326896
244788
941639
229762
704578
787873
156887
500059
80266
433034
698276
326584
341103
6743
379237
382007
149176
109450
428719
855520
295616
696189
540761
933628
822447
843330
375121
216827
533432
439998
997970
820842
831662
542725
306017
520588
669227
642194
273901
550089
244700
665038
214031
690378
447507
186437
513229
258260
557563
179228
317854
283148
432073
104617
679272
877600
937405
799049
615118
815242
319033
285511
187753
677878
231095
444831
922912
490198
570859
706711
515969
921106
116679
134193
694917
847070
460878
620682
923009
289088
292770
711348
767166
550244
997719
689477
654973
519346
526015
463823
927869
124416
945364
243548
460936
769777
249104
502186
929136
282166
86911
16322
624254
4043
184158
126164
242013
885759
254866
858505
943097
256877
996320
579191
52024
668379
207548
522403
841956
976976
246113
331057
158283
496483
516310
780264
914574
674815
726151
962007
191856
598775
829719
669325
540072
750281
175614
46943
817545
11762
613303
740998
639650
483807
528300
84152
395829
628993
967880
663773
951150
333646
665726
780454
207164
417986
644137
248758
131708
252890
417688
417911
472297
238838
427551
88676
178095
754345
299986
989069
26308
513064
899816
410274
94067
374240
924532
756394
471045
618839
919254
503731
316208
457018
494485
516095
21674
854568
664950
272463
683459
293865
755535
100400
132845
747532
496642
784683
161726
359805
715977
54818
9067
255430
176691
266708
611556
730491
609922
460138
440392
795341
507036
658893
756527
354170
427791
220818
124310
633752
141562
983634
732052
645177
741636
975842
970121
189680
992133
841304
216266
614922
774287
29957
893817
441208
301733
101826
680342
119664
71157
14281
632003
324423
595164
62042
594832
183988
145814
471588
125484
823596
271011
653056
963252
671489
101308
425727
295596
830455
437470
405555
331847
909549
526005
937788
572078
942866
524828
358004
372175
557589
339946
389800
236074
856816
570186
782176
357052
866088
948932
952554
735386
537216
391475
670130
413903
852010
537151
748976
320227
88470
322331
679359
680910
148376
822817
150743
769970
657769
496083
413900
961082
861196
55769
307777
615042
939095
283618
21879
634805
822279
254208
233619
180805
12627
132806
640000
624907
873111
433810
10925
292306
964388
477061
804897
951363
648644
148380
948072
200743
138177
860802
970544
711487
674146
600747
225481
542874
347379
684901
623877
691343
432163
99351
539207
747787
276664
293941
945771
989896
774431
215777
184164
877652
89097
814995
504869
89755
937402
405319
924497
830873
432914
672378
307311
138325
987306
393605
75374
105749
862073
139037
211077
313945
944452
823478
666560
312129
336678
614837
672906
247989
353591
500895
624864
751109
821210
488970
345272
683395
945678
588065
356904
376456
785102
144951
837761
503464
892279
806715
866373
254803
865175
873501
327820
819663
432461
623252
440118
531511
176366
88965
573822
18350
627666
299501
576034
329757
632827
14270
293391
279871
821752
299483
768034
479387
800998
159912
757098
499564
578693
1961
515467
637190
731815
531407
504424
499747
431950
879131
579038
269799
966460
603412
64281
62899
848291
41281
157412
430516
527176
539371
446142
362252
631244
947026
867864
407028
824600
404182
388367
193402
476875
460558
102717
404447
500975
882538
263103
398997
326074
745221
81837
382091
946151
225840
318089
10373
589293
442300
407958
64003
819014
939084
734650
813054
730476
64658
119825
443105
665023
996736
398572
804896
914963
28510
789249
896625
897813
199591
452930
931496
946290
991506
964743
753492
461928
104545
736299
364806
69994
361626
80395
429095
449018
898204
568296
719143
242601
694019
322488
401763
564521
463299
729191
460130
820311
187960
46124
743339
318227
963148
972961
266395
413268
610145
81845
338227
552096
827269
759298
647751
425002
540999
951135
878571
12193
274029
217717
864213
386393
374364
931537
148252
251160
5091
179762
569296
972534
660383
884513
23125
255124
260239
420970
987471
198114
829562
371421
233750
327797
986394
892761
707890
573652
841814
846772
376776
406126
336542
476132
839576
765870
612819
515459
490658
444135
897764
533473
670504
416891
690978
407547
990699
509312
165758
473536
7932
391593
84994
662355
73796
45616
626850
499575
386451
791501
301844
260888
74917
724895
920945
770571
571467
396270
937548
84996
877134
463108
539463
652917
217805
786944
338505
94379
900745
816688
99445
127759
285681
158460
827399
240688
929447
335952
975722
590106
131607
483707
486966
158605
533031
437304
116589
206484
574057
866096
539434
130088
410711
597844
18308
638148
300835
758741
634427
965493
270965
571673
871961
598410
674031
740707
32861
861320
965912
610058
258221
454660
397517
452881
333770
641288
319295
916386
591873
836319
355793
740135
577275
824641
275098
384700
542297
613645
228913
809526
727476
535265
861535
994050
704532
532958
882913
100508
775133
783772
959729
298140
561799
740423
881089
917103
982566
334240
424376
507325
957355
335855
748090
635454
740036
244507
751531
595057
789533
919769
422320
806388
596178
845002
840268
786820
870993
303160
963200
767334
241792
325056
192228
148063
896438
209774
793408
42247
291962
289257
508130
699998
965923
58710
461932
437565
289454
908163
932200
699073
372466
175110
656555
833545
651687
89818
502134
5054
44702
986081
866473
13514
647222
292966
415775
741249
579716
171736
930518
854182
180369
242614
861091
841866
972019
981253
448836
784960
267105
233079
443386
65505
202833
913927
964647
731010
699549
163564
777122
630252
201943
641064
371002
378453
181855
654965
41507
318760
224040
325860
634703
172167
740800
844816
742878
87742
656766
532417
422135
606691
211695
25121
782230
928136
916333
803630
728788
182478
729264
708545
270485
865665
954724
809323
673677
463680
492445
909786
838580
57494
91937
305664
731498
850915
892552
830180
692320
569032
286463
874251
614560
968301
927384
190066
154251
824432
870205
348358
662971
312630
900346
250618
646187
218047
880566
683306
829888
743714
922575
51784
847319
339945
490861
998061
138681
278490
842659
535656
934827
589065
601412
708742
997832
495395
768950
726034
561115
786957
532355
224669
655468
376489
71054
844931
385272
481134
414169
787165
640641
906596
983753
499743
539179
483649
97055
223967
208240
664667
578948
536382
230057
931295
919333
457217
101099
605495
871107
112341
199877
442514
353451
424698
335213
260411
112848
884986
683202
354118
115687
842508
524055
79485
367626
595328
711769
787781
214993
844069
558182
126146
531438
98183
343694
32788
29473
937677
418319
167437
538462
781024
51605
785255
419511
565697
532492
618555
465086
327712
938826
111124
596681
587977
165841
352499
568695
376624
283213
134141
908701
730726
831915
313080
705592
362472
185131
735637
549827
865711
908958
9483
613741
572427
972655
716147
615928
37734
178124
760031
406658
574313
946708
16561
967645
762940
600322
209325
886808
940662
534932
806969
596510
322463
821657
687674
644969
547243
802790
724463
237470
18453
399857
432210
604399
598521
771356
554350
808536
797890
690852
55633
559973
606368
513650
528895
973831
443739
390686
101871
689474
603677
730364
100336
433702
896142
47249
483921
344173
92609
735548
333250
900925
559647
710848
699264
807860
838186
146063
724969
392720
841779
584302
930534
174784
984047
210490
335446
419925
834825
700745
181522
798390
317912
360642
590386
200675
281926
93114
504638
629380
344456
848217
233171
162531
588911
689668
336788
657750
282194
755378
502981
311281
671649
866858
214744
74248
569868
127041
868505
370348
923273
277375
976097
166068
676795
824705
366376
193613
157645
666307
907416
669391
541043
222636
823797
538652
308106
770989
875748
110036
661017
531408
936271
328068
525128
136714
622932
917908
875955
339606
508877
515066
872278
821556
263742
686593
446804
649479
589404
103131
253182
578843
383222
684291
965827
546474
120802
141219
290498
87788
854515
552735
923498
152555
412108
430786
34766
90306
902055
555108
38677
269439
140790
255529
578163
184322
318850
764100
711498
583803
77924
388627
461177
991441
940320
878029
292238
185302
389778
863406
312823
110145
28970
196256
908320
575683
783219
302343
780076
138184
877738
40985
966028
90243
774568
55998
391062
909545
286833
994922
697239
74862
59998
409099
855327
312484
788433
962490
524769
560020
677023
333401
987241
814805
689849
462535
70788
10263
359669
823557
430814
966714
369386
352960
960942
406138
751083
402358
641335
449033
326373
855725
465499
549104
552837
714865
831978
588542
401595
315001
401438
55034
622785
225387
874388
169769
209059
8903
39785
294369
402117
891926
277379
396136
172268
234207
87022
443854
201681
388233
117133
632102
459474
977745
947533
372920
197210
642457
741334
884266
136107
700702
927012
675359
120942
829772
256504
110972
530828
274007
643935
593837
772939
557789
203093
926145
448455
240976
460478
648510
246289
250010
696102
987739
704662
176100
956992
940954
660423
896746
374130
632888
455025
52510
826249
170039
627031
39067
457646
220504
436104
106204
612418
626415
421803
509475
423595
277251
133710
17424
277902
672755
703999
616834
131249
46643
318370
573773
244352
993942
448064
998447
203173
987104
495467
369492
700108
892934
727923
121981
964267
789651
5474
950548
607716
171961
822708
876265
735797
512173
924430
499157
365026
25425
668415
272239
226066
687797
439099
12979
142050
648614
654819
235943
285900
755813
131137
191904
508020
369940
400968
451728
855490
439509
519998
756479
998410
489032
453252
616951
527108
553520
22812
168330
530588
910844
808414
750804
226139
267676
357838
741978
850394
875983
689534
968631
531699
149303
467878
930653
216183
470182
492228
85804
312307
472518
861063
983457
964735
135789
778192
108577
325059
767594
636107
652147
876073
533964
989587
459866
621005
420999
978478
709696
581826
835451
20297
592641
644144
68437
762530
584703
80721
204223
934845
597088
987751
327705
965061
58774
870884
779044
393530
990545
790364
344899
187376
160329
111875
773471
175395
341927
434385
704486
716989
96357
164735
714020
495865
675178
643320
576880
268146
731034
14473
406337
818436
673701
107736
885943
729749
160692
480879
5543
272839
646351
155877
400959
327564
118984
82987
161916
276500
630833
937007
876906
829518
136506
333354
774504
442045
997208
147747
63800
165447
905630
759363
998806
563491
230141
426846
140233
801275
832545
865258
575225
97345
755455
814469
734380
510188
495820
850991
128595
490733
39560
767027
973772
67034
165597
656784
786188
556918
137025
448024
250270
554727
517791
735722
193522
1676
865854
656397
656297
176696
996331
963258
788342
989656
583506
456966
173546
952069
482950
309417
708119
766747
546004
476308
497700
658892
291996
455628
476433
175918
173938
304703
427475
993162
755242
898803
477099
594418
546140
753434
580679
217818
438974
937087
417460
434560
878605
925379
551885
816555
995223
261454
881779
347581
917338
376186
354285
592828
479250
349033
512404
597112
450480
231705
17259
708060
900996
514036
920193
180827
923448
470122
792244
956499
486762
563484
994110
747747
924732
437522
961272
270052
631062
833683
861616
425030
808080
29092
60878
203473
925059
755476
928011
441679
758792
29044
786901
259160
256528
444641
793696
630952
306261
240586
548382
66163
411268
372750
218348
183251
214675
735517
530857
536832
63340
217282
918708
754945
234755
494941
488576
999728
98745
821944
543784
571505
665573
922052
583173
915078
939048
691536
42204
729276
524280
456484
756961
822143
236402
596005
255122
547655
417655
533992
484177
831394
97607
412855
508296
985870
90780
392867
313508
343606
263610
86774
506456
256837
868231
215215
335071
237771
572008
25562
619126
437217
748491
366606
688128
327790
859575
795533
888499
770033
745258
111197
577700
19907
257586
990099
861409
244551
52482
576908
484441
210120
827736
450501
691128
950370
364296
28055
841677
955137
964746
369346
898775
477351
974660
286914
906464
11352
313179
950872
601303
274175
430577
456027
775755
104082
523522
724841
252515
278669
914111
913505
812045
984816
791150
988763
411172
834819
289358
78246
574214
148019
3498
120016
212023
927211
45299
586025
526596
73354
313697
4384
366548
482123
911098
615072
561848
411675
788959
565266
52357
434280
412933
727535
387210
594283
16806
938026
851784
639319
817570
208541
556467
404715
879307
120933
877877
26570
2831
524789
953559
469450
91984
598624
688358
975898
242499
699872
430044
563525
747975
280641
761348
726663
800298
706125
72547
208694
921283
165943
910365
572297
392715
545911
272936
625995
713206
617511
727274
644867
559150
278871
512220
842751
140592
651431
556991
984733
252982
616627
692847
819731
711478
997328
524478
244015
579850
172751
176040
734009
508982
704638
501602
532521
991297
843390
692560
99594
119851
43027
692712
145914
85809
708252
240683
315842
404589
950687
446877
798807
98648
658499
164047
193386
623539
612348
151526
618505
74715
649498
547058
668515
16306
69000
807399
214146
920235
138190
451389
581818
887219
118028
358283
7466
713589
77373
914682
812727
416664
959319
304977
816714
524670
421646
457384
262811
362978
848676
930624
656138
699634
484521
118806
876615
638004
492883
751385
735744
956245
442785
378988
10467
35966
169168
659077
88449
568022
39375
738977
424801
526033
175129
448401
203570
406696
398496
42453
41508
114717
917155
847674
726943
449661
474488
158556
780125
360376
375672
853652
729116
668824
365972
840253
300230
440123
135682
375364
872705
146735
293664
349234
671274
761328
137060
724746
604055
148359
647753
435565
104719
147204
276100
542642
640279
436307
132770
367821
469085
719367
152588
859554
508389
804534
577027
833549
477749
754054
423718
20558
240468
992633
510465
653176
647339
517587
489219
889026
949414
475498
806444
467665
564858
21516
114039
85140
146797
931514
274830
95547
407697
127284
444181
701268
353782
983914
481182
932174
653928
304638
827796
141258
146456
943446
37737
744308
973397
900462
479487
826144
948621
901734
463393
191803
856468
864615
74441
902478
529986
300818
837502
758412
376633
301610
966577
120933
834284
707452
196782
245210
325543
793422
951867
616209
804741
784900
431115
129120
518779
734614
803233
476347
852578
641913
667779
644795
788208
71381
227938
741220
928761
728586
376292
143954
387126
740090
172595
455364
253278
585757
160917
358919
382540
138122
296891
264105
243422
664705
906078
154754
978099
399808
461830
469010
413379
56031
663454
884461
339543
85957
478227
566600
516875
689253
549636
35448
320346
961113
584716
701414
201720
477646
359389
721949
524113
965670
397057
519918
494675
273103
391793
197590
514104
186793
2027
867261
808612
872154
287642
392793
136396
865798
50534
538977
807235
922616
310426
563240
408472
945116
651743
696451
742983
812078
422890
873688
94275
371750
605328
430305
424645
146477
429772
705091
304850
118098
923387
887342
262985
992284
591234
525188
961683
493652
710853
864991
897620
317682
939957
357183
557839
930273
443285
134624
78162
53525
277284
804628
699695
622634
679813
801131
239307
359942
478280
714690
411158
104803
526218
347257
184764
186252
410990
73844
421104
332165
390050
570031
793018
730967
811091
336118
678389
504295
226737
634416
711046
753852
430243
741837
426080
53765
187246
393072
236890
601541
84427
957184
430168
865037
125202
993186
864534
486210
289413
75547
344329
350150
73083
89885
534428
838862
316743
123042
658065
113364
93275
828388
843575
225391
749692
694618
842938
195532
226248
156607
269679
598353
956793
491888
815551
35545
216278
602222
755663
114211
404116
492267
855438
447786
410528
871620
838909
562450
949694
353250
595969
339013
59741
174885
737578
757577
260065
681801
667879
163256
779764
983473
901811
250629
730200
518929
791422
174813
68182
675827
673710
360428
388940
305817
184885
580598
38897
463217
755158
784083
319141
716746
120049
408224
124435
285933
25651
377088
642312
773120
169716
127409
362264
993427
418334
318682
375358
800790
984522
435363
726325
356735
214853
714576
556421
86425
591083
370199
822509
886930
613685
806655
558254
952430
830024
814988
354325
946213
957671
870636
731659
672541
715415
415305
394757
740880
617599
628282
620248
729174
372497
387794
407487
918753
765953
666699
103076
323680
918664
492216
145422
491867
901677
40047
969822
404309
689187
107404
359985
481238
427097
980849
884209
41845
630848
729441
730744
18109
484927
686924
234436
524055
526496
118048
63281
585994
503592
311471
43865
582443
767053
887907
405568
874880
462527
928615
180415
263667
418872
106210
837451
419060
188010
523038
146023
58095
343515
644437
560183
358066
695812
153159
507950
806072
414868
869897
220177
326392
397230
181178
539248
569346
113366
592115
181633
80331
364978
873434
741769
432944
603063
342563
709080
661709
780960
366697
785206
653552
486398
744134
806397
707038
307280
300740
81536
190204
833257
977841
189751
481823
459567
884394
192574
434829
783813
282323
814190
720999
267956
292790
489765
448564
123717
647017
770270
67214
328448
388842
674085
53643
289092
971654
42619
537729
454159
751864
568237
628889
216012
770181
700479
373008
413334
58047
70874
485670
600640
412033
808688
436826
540270
480950
1865
838559
134577
549242
911931
842939
677590
840061
693212
846936
753161
3591
260534
223527
448837
106729
867063
554530
643227
799304
104829
486760
986656
838783
57730
533636
65689
860893
243021
949931
913415
808868
815510
332360
70266
669631
686015
578839
126705
212607
299797
299419
283582
598891
410264
464293
518161
204439
792746
968749
871905
251320
693860
681714
775396
520171
868108
670831
877448
78101
237462
525968
828037
906937
552350
497210
797317
994193
851844
194061
909100
704590
639556
146718
904323
409787
812060
430223
799576
295531
906812
949980
269102
742573
843467
172160
845254
702580
815929
979259
322383
311013
688026
631196
834102
242561
68470
255225
881372
461306
200311
6659
489377
470201
171518
513486
411444
332968
589320
898855
686992
734017
176324
41012
548593
918713
34667
852036
203202
663520
79657
763098
822564
515340
702190
880314
262243
331708
958217
763362
78248
457959
197624
400081
543820
340946
6591
386774
709407
566185
529658
720814
687798
542143
725140
353171
287109
879187
774424
47873
982832
480569
515951
462274
277145
838517
346777
523829
130846
508024
294020
548866
572745
644868
226487
477906
765524
562985
116030
821978
806964
404733
233415
86354
670904
903050
772703
169364
256960
753368
387107
221039
772719
966433
202100
677796
578101
205028
45513
671491
657171
850935
794916
231823
710713
112627
503591
945675
78707
722134
481255
284213
596174
164901
735743
984809
696435
606013
277195
578228
490794
857702
761987
603369
933690
502247
786226
182145
752758
231083
703186
962040
813616
157973
997072
54591
887058
315445
794138
176870
424078
836208
472920
832882
84230
42289
482406
775618
657248
314669
209460
61316
39005
615953
496163
555199
909609
856439
864095
723812
688323
74887
775101
403405
659115
431087
253555
487797
653991
594343
1969
125252
948765
591086
519776
6905
907211
331922
264994
200114
355482
214787
758430
387989
630094
15742
274655
192647
87834
696026
945200
87394
784464
971365
148419
323313
447997
183255
881317
752070
280604
901420
577780
822383
634775
410808
218863
169801
535656
204810
986627
631161
408683
876554
396453
969272
767901
402230
714304
161141
537586
871438
548420
674987
666436
337647
163203
511081
374809
233885
709195
969932
978446
61949
880075
912110
262943
932682
958933
837523
624275
7731
705677
905839
928837
169752
697875
540254
874650
160258
280806
506151
72452
553065
64952
851761
107091
845305
486661
909417
256244
742313
610588
255358
842609
17278
893641
170970
716828
327033
281959
919587
799622
204314
260697
767462
249698
832038
748946
774029
456979
118957
240270
427523
935628
187884
381571
959288
877620
430946
246959
215791
767831
597153
953187
526001
439536
485757
69372
548176
388533
742512
713155
738787
272774
909784
428887
605822
925055
553170
626826
827479
903679
450573
192135
760663
797677
964262
542216
439944
431918
785312
21154
47944
76082
657877
24160
241933
322304
188710
291616
504830
776044
609478
402532
301297
291262
552910
869888
186370
269450
931975
153588
972342
764617
354620
155477
237290
55372
355795
261803
824928
869445
420366
388991
653039
555365
337902
346317
245931
569725
423317
554389
134321
444013
5559
993019
974470
346100
209151
921513
746337
355152
323210
685478
465899
141520
612496
598548
911356
304195
638725
228508
886341
849144
230385
537248
218605
367889
75999
195992
189419
766991
490943
93730
85112
430541
166676
82138
692925
835197
156303
503672
440279
311394
924213
537991
122852
820000
636669
5008
311378
558252
549033
839884
527799
554326
540606
664038
165070
767434
194930
310154
68628
694899
359864
472361
198150
607983
681259
155193
644382
145242
876842
407379
103224
102571
196493
189114
757644
656876
871780
715783
334650
775225
287653
390383
895163
664494
253604
825706
85937
650678
738293
408040
4910
74112
557210
50923
173124
145338
103596
392551
183906
564028
259843
649368
603814
232553
14266
857119
358974
593712
462501
784271
920852
975899
210225
508959
257631
81221
527545
839140
323445
983993
898823
341862
840092
546095
923256
133910
715617
154842
440526
173982
77795
51408
325010
607153
823246
789533
176616
954068
987303
551181
142512
348588
706886
435728
921372
467778
306969
470257
436251
33772
489777
784661
442053
118922
427195
606851
525673
218077
316883
584921
510269
431684
610999
7937
339286
335965
836734
322683
141579
398145
365590
382924
486632
14473
244421
173987
55842
622655
917712
291558
283330
742367
698848
66425
772925
473574
783257
984985
513121
713747
540250
861974
739940
468115
287604
117053
415765
653818
506762
69434
546222
58541
633552
682695
215529
562451
887487
740007
703491
88756
137385
620166
382317
621878
537436
717372
330357
428612
140210
447202
442572
795583
93970
683080
759562
995663
623992
77255
9331
900951
33793
194017
795751
936800
646020
517014
694293
362622
413615
260465
870400
487603
608453
828164
721783
509211
939346
338812
354937
6299
691614
444196
615197
49865
313465
939107
470250
909006
835620
525218
692033
371039
722904
649834
120850
349254
218846
72360
959144
848277
571829
233549
633422
615610
364318
903913
359962
32173
569736
111323
211717
422490
998309
553530
748469
247361
330013
691818
822401
672152
760918
211409
217999
156912
384016
804351
333324
117483
944046
742261
663529
52281
487816
594331
846993
160720
39593
121210
21784
738470
984470
276243
628202
145898
352931
583232
493093
407093
835239
359997
396518
712203
429669
301101
735547
70538
71329
916103
85443
144505
372975
613440
714979
462541
43526
53954
177041
406222
47968
772578
183591
449797
676524
677538
796531
331067
805877
246325
723800
458261
463000
672313
304565
624143
304152
139634
305230
808533
323223
18086
60857
563133
889056
79505
412954
27214
629729
971891
174429
210307
254087
848041
658793
355751
83623
513955
245055
385535
492874
235477
286553
401192
259986
54688
469666
982561
762661
138264
168233
658645
390491
847476
379600
579778
995002
684333
565677
764603
365226
956565
476854
403144
724294
202581
360449
913386
526889
829851
577192
668442
158494
35893
734177
592905
984643
497409
420233
863559
251344
524414
444816
88705
173548
853133
445351
245089
230330
206218
623431
18859
711982
409858
763228
17317
520840
900533
880008
613292
930319
668842
131957
663251
543689
860180
703464
392684
655508
56968
483377
945573
925155
932252
701553
787641
114812
357001
243652
257501
441567
888769
571392
532928
927110
59399
851996
27462
496899
70779
387619
310615
710069
122156
216862
889628
450504
467933
32077
28781
230664
759426
841217
600874
35801
913858
497923
19855
378686
347306
922485
51477
56236
511184
39582
27147
112317
699504
481727
721370
833840
828994
966026
957021
473620
305154
658283
684425
828116
754169
922614
879090
960104
979856
736800
440679
870133
236278
292258
590441
439930
70216
509310
58254
105141
277583
385959
869358
390510
373896
949210
887965
331342
832411
856740
992887
737823
682802
180148
679200
808439
308378
30811
33695
189560
868173
34222
251819
931451
404840
473163
196722
263579
481398
557282
410083
421255
224073
951803
702516
99430
404538
992929
995839
930216
997355
998020
190595
172549
777212
161829
584507
117086
192645
518817
532964
751303
473395
316468
493618
818630
747016
909600
373129
503502
7877
639395
17359
818464
193604
300456
763566
974573
381037
682985
175811
807340
67612
512809
308772
739563
65053
300845
222228
265856
426975
505747
629010
285797
997601
187388
928229
996391
615381
184906
123490
546852
584606
772368
389565
570061
122674
965785
143794
417950
190642
432988
698771
4458
831522
518408
285888
786208
45079
473977
535201
121213
143871
147898
888621
610944
316807
371466
803027
917312
779922
164511
603049
300706
406244
316072
313187
922718
118251
221944
603383
595746
642135
10187
349117
69287
85380
712631
697134
960432
28954
588172
537492
216781
420390
560747
533752
548725
518513
553614
185021
958363
205659
591133
522751
357368
919894
348405
370586
114205
740135
515499
201367
187532
452696
970185
801894
585588
790701
874707
443817
660347
60164
236554
107939
584392
490857
226408
160506
970522
652401
926096
903772
43985
563958
69697
117406
457623
735597
941934
683087
770252
326157
101318
386748
979055
125319
627908
409563
860609
194889
699744
653590
376530
768064
603925
587950
84276
629264
851488
671183
188902
671897
601132
399310
126826
33503
277019
722207
401550
225005
836729
170622
712869
934977
925881
442536
666835
982467
809667
650733
561395
230704
522648
506740
719651
961142
896110
45052
480439
869653
283373
129845
795277
145041
916335
999856
624553
397093
951574
200698
717903
836900
457851
550520
945133
607045
4489
527053
283388
706005
61202
610883
177854
897194
698804
525292
373630
676328
633209
297083
937530
534337
76670
716767
732424
137566
161349
104518
519404
89215
162691
546018
333711
317308
461567
335162
559576
528401
583505
907332
353274
466027
2346
221785
347646
436403
500584
519278
127896
448192
245011
267282
833638
533912
422190
637790
3691
556694
805771
994662
953348
798217
169483
205930
319104
103686
438504
838004
715916
436622
835467
612182
239706
20530
811231
11090
772368
972462
480431
806471
765017
788302
321909
546083
939098
798660
857130
569891
512462
894000
254178
989386
952015
24959
664652
265841
329240
791646
979284
889652
223925
471239
602789
28687
422578
699283
512001
452321
659119
145057
827533
120610
820258
932607
633084
127401
891029
683881
158246
712750
191824
655414
846865
844787
565314
615562
60686
738002
667106
330655
36941
126453
226062
653712
549915
787858
584716
262819
41932
165955
646501
878976
991761
364641
345526
448076
582623
256790
748464
979003
370298
928439
99527
111565
220630
42100
27976
66277
510909
399674
845735
574661
120248
917372
2862
778133
870651
570005
459030
58141
949863
218147
532899
714750
448653
210583
34435
494770
319167
999042
623229
414503
543603
489182
794050
194001
962684
432694
171057
509599
138866
486449
676879
828909
698770
958146
752994
966184
570550
120225
998054
832696
488163
162357
900642
236398
367613
140525
557146
635094
929097
881423
343264
418528
167292
987004
671951
490498
980444
577819
634218
584065
75960
272691
60728
157358
787010
260145
755631
78604
46568
397887
469333
592923
208853
262934
468185
578266
525294
437302
281040
10405
284730
413254
206220
486701
545236
116484
751910
742250
895096
667642
881618
68817
944588
663320
157543
478161
720255
19203
240592
201893
4125
213135
82049
258674
598372
756513
323232
396778
101258
430320
16561
796890
854856
777600
651037
323523
223201
462663
79889
117766
304155
436963
855128
890349
400602
28078
32240
496668
377907
901584
734135
688603
115370
430661
745559
871347
586483
904249
274140
433171
366134
724223
677839
929705
24524
968590
918818
38269
102576
976903
815835
903030
309449
191329
446311
792446
984165
241692
960712
688280
898375
985333
614985
854822
518849
955922
672153
261800
739975
356267
294713
657925
778315
542876
278851
304248
224056
796705
340423
787395
91470
314572
652491
178948
18986
152518
60615
618545
533799
791941
622686
912779
419435
972134
723440
33387
111327
100403
247874
241142
58355
878075
555775
424845
516492
18631
61218
168107
381945
593159
22399
919408
387806
82251
388622
661718
509306
84954
511172
973981
186444
854676
535401
153039
747750
782565
868355
575206
765980
218245
511507
402149
19809
963514
914232
193661
675573
862544
660780
759548
592390
538102
36670
50316
162956
257528
884649
38210
578355
826947
936587
490870
567674
599605
944224
125157
854167
382604
465668
929110
929948
555166
632922
871804
480469
405034
181729
127613
28863
837696
871467
985386
141390
40138
75453
216191
747363
75722
638306
555029
383525
588296
675458
157430
229539
435826
5264
13998
205613
818522
239409
496230
77403
791244
263990
248602
162628
533801
481163
249740
40782
821570
42084
906323
59995
120040
222326
566300
550648
140202
8672
820455
896841
15969
406899
634946
612661
354237
77957
530870
754639
725992
463792
368350
356516
594731
845832
478208
528445
498473
224252
519470
817718
293315
94912
962993
499621
997490
82506
903360
970872
404336
278688
639333
208780
173538
456874
224002
798281
359928
554969
52409
512757
509348
281692
328434
693145
309801
666785
947415
340375
287344
163525
166714
838818
192405
462000
693122
849142
908388
654536
199118
317481
8673
898708
584098
828930
911641
730951
867700
727129
636512
639889
845020
182860
758111
286236
110066
612199
830817
285978
488983
358508
867120
315621
321603
852142
295484
201252
221317
410643
777940
689410
638022
865225
187757
590718
436838
926589
131381
373585
65052
790627
746198
804824
674847
404270
205293
25988
535852
345523
305823
956923
773760
365600
654265
75471
118107
652096
988317
541133
938182
17271
506011
15165
453490
222818
733679
633748
121369
155810
712452
234541
566886
504493
788239
343876
597142
568152
635715
701531
960913
74271
236250
636886
891411
145866
29440
780452
914323
494648
980529
185196
221302
989711
248711
151182
841299
77779
11076
17553
829698
799038
334052
593899
3614
236471
749014
582696
290374
219962
802090
858570
597388
506016
456119
294694
693918
642531
547107
436011
352420
580228
294731
632847
514935
698055
992471
663445
388862
567204
698049
636551
775233
575781
890072
5288
226991
483441
772483
963972
202709
582650
769800
68969
495898
816483
151439
408439
484388
830784
494234
22965
42677
23399
79415
910330
447552
319893
500879
595672
298654
42564
49410
271327
609819
955758
967890
710601
904632
370227
399467
476510
658105
456264
60775
219662
93030
657356
751894
647355
174430
292954
552675
148393
432818
635227
800501
232930
368013
545804
251033
857057
360914
956488
476410
207889
829270
612122
526789
674566
468648
199923
163505
924743
342505
617961
504421
878725
734874
362823
364172
59408
538915
422825
605044
848146
424273
334542
522991
918960
789380
325071
327465
882321
954211
32463
525021
88072
71462
232874
100895
230355
797095
700809
611650
314987
929228
185205
190355
548495
322456
343433
510240
544144
76936
232547
348004
239842
707262
616264
927530
920788
446745
419756
774682
310046
208485
520233
994732
244222
479031
647307
362578
502777
264750
239051
909612
642049
870305
945764
11750
342893
994748
154705
92210
956135
992290
238659
319286
156133
250925
24330
208765
278323
575417
896831
950318
829262
957364
564155
545380
319360
476775
703911
78590
714550
251540
678902
670956
577822
924499
347542
135337
162163
309083
437124
161659
266830
132773
439815
811800
260767
546953
896246
293700
357811
337183
549274
728866
178029
242546
273382
334432
263138
970155
659885
761862
824627
869269
957083
322107
469344
95229
807403
235156
662649
89561
442730
993809
959003
492651
432873
950157
348014
125415
607853
720935
472951
725532
553149
600944
815329
479625
432285
307507
837446
951626
995686
3674
812964
220101
915630
131911
810774
822976
811523
726478
363007
898080
650011
200367
930531
265227
296041
441963
885823
672079
914903
725022
783116
435848
880724
854083
170486
382974
227918
138999
549844
121635
981206
364234
43555
750539
830364
465442
410503
996611
979395
338767
836154
179697
678691
715461
666949
569011
412060
876457
756098
113447
91062
61221
85866
832984
230229
90352
524226
654992
650577
411528
330025
704137
150215
854229
705626
350900
791280
643147
376590
441397
952589
425275
977457
300039
620393
249868
579880
241373
554557
772908
235180
861163
361017
990234
959240
310814
852473
403737
599937
312936
386201
47250
566149
175055
324437
764206
508832
925398
861663
761251
765578
235485
226521
678810
558888
573680
804268
468497
172323
998886
527653
947644
66981
756977
786812
503025
416961
606522
660139
896261
21381
985890
9764
788149
725854
302551
390193
56029
482143
787371
617728
378810
140370
764630
224980
294062
360779
528978
411317
881499
55031
762103
486393
294423
141993
252969
576253
393888
296579
810137
415173
43659
849471
974813
636043
49940
758864
715592
793327
646111
425773
292363
854500
16274
829454
654481
340100
390701
194968
28652
215937
274319
422680
942418
385193
134037
582551
112
976304
958858
921475
823039
660427
252913
840290
458147
833308
769609
987478
899104
316572
625750
792690
171058
700148
991515
169985
105047
716294
310319
519598
158304
592765
654220
793321
946627
116349
435169
880557
198895
938035
555104
788977
743871
523029
428827
372083
310585
783171
491293
355991
46339
203096
820049
38476
161192
617301
374906
930910
926885
896221
642191
23958
443418
392133
720280
893252
218786
248029
158666
183183
235579
769675
972754
767296
448535
141478
38480
183814
465323
852589
775638
14709
793726
491266
245835
885033
272822
218597
967743
979967
118002
137397
683456
488941
874217
705447
781902
953479
848669
703311
197690
714346
292845
133390
15095
791704
910965
405051
234253
162059
99060
985633
411268
865750
125813
928742
389152
527276
943886
960196
497152
537639
629884
303633
558653
823380
598646
622565
15415
893351
439230
107636
286924
636284
530238
264408
177228
89437
598782
241271
928734
418912
575956
539518
234598
445277
582206
154819
604401
645764
241407
106982
947216
397214
52774
59198
688484
195584
82502
71573
15217
31152
548726
251719
814346
353928
52976
75797
562680
44756
357188
599063
525961
306294
817866
9396
128927
284359
913554
798793
836057
564891
120088
81694
578934
780000
10845
493118
754132
358218
675742
315810
786067
899800
892579
780217
674660
273100
419075
819478
413481
418563
37236
978910
114761
382194
115555
317233
788089
340031
731268
132334
648848
568211
723465
132999
379370
642120
313788
84222
378145
261993
372898
879551
796666
417450
808716
308179
236245
91644
138056
647410
820919
756914
997549
157496
238794
704287
922803
876211
244365
475016
262167
652749
509441
729405
884813
382750
96015
792429
606219
138825
866021
598631
203884
568079
470881
214556
25456
250840
197055
831754
215189
515751
250027
503102
962658
2736
95750
661126
175384
72886
415719
45665
853145
163388
361073
36415
897608
341921
64874
250694
708640
278036
606533
679710
845209
616519
900282
287400
975105
193462
425433
944344
604312
376639
175792
398166
561189
430270
11314
22356
317766
205459
183692
35356
782464
92639
317087
333622
77274
747908
686614
169683
873734
406695
873245
188282
35956
75918
923555
931081
711988
500735
53001
915680
475374
188184
622194
147103
163713
438899
246061
740499
218471
611050
348234
847674
287567
875350
637381
644605
915265
132298
797634
933182
395716
580156
546774
933850
718336
195274
138082
3912
356934
772046
698901
646323
395003
770335
684824
209544
167891
535050
596250
489329
815292
759534
477679
778206
338875
288189
880229
796736
690827
757574
87133
567768
79881
824805
486787
195365
26003
146214
623673
502883
849452
300338
737772
226793
132655
208059
771363
182124
579154
263794
712229
226357
752295
503851
640770
464209
193261
805930
68777
703423
809667
703310
876350
375068
126535
183349
945853
333761
216448
503680
757682
246286
205071
913316
932047
799409
98255
182924
307150
235933
857513
128171
585856
762916
552277
765994
473079
578160
238578
117796
736379
499418
473962
531443
651980
581964
124329
792115
483560
913140
490465
26801
303179
766408
321329
655812
66122
841952
669825
832524
440610
27671
742852
664075
659114
561434
28378
91709
523850
458645
629108
230154
943344
277449
564531
478261
316267
20361
792442
817082
833142
995764
356089
761860
189894
335793
213785
169880
379909
492202
518753
991736
589988
882128
23614
868243
266787
929554
690893
838389
990147
850451
690619
831210
226791
554296
333218
354436
696736
989171
242813
451401
516573
963680
442340
944128
279598
603664
390640
653954
432650
907033
935281
257819
629845
620122
310960
667597
559103
890832
156220
17039
105378
431155
165722
167491
584898
783796
128195
17108
412110
439191
943395
430443
971235
701500
974332
370813
571750
427692
730644
360586
924120
344882
601275
148889
243048
3891
324144
395392
934167
988523
589702
532042
652823
579947
607198
254439
759526
282286
323633
749138
95110
127127
883699
814931
370586
14694
565099
507242
896437
585679
808003
578122
556897
694835
255347
799208
836252
93112
166989
440014
111888
751018
261815
230066
659406
800797
214771
751430
118584
798182
452080
819839
470704
153992
547513
388355
949387
338393
798974
926010
21936
693115
59688
773931
877088
890047
749812
696181
357645
272986
494163
401034
77283
864396
683067
851675
983728
998662
646565
288824
144558
89313
123583
63407
116140
380136
761318
645261
473650
84564
188750
26502
221433
145358
657620
530713
486056
5353
488172
619224
740280
281892
908962
998769
585408
660901
353701
720339
455403
999619
627242
357316
627232
758770
958817
706229
859627
664417
481750
56111
195873
547647
121127
432996
632568
613230
293026
335100
42368
925639
55977
664315
752081
95955
533824
475250
741183
451775
656202
787504
888963
337301
993581
194128
497184
248359
128299
899621
108897
40282
490054
270584
56632
670364
778538
247283
751942
7945
419280
61271
21536
572409
525496
989395
335728
332916
199728
573169
710972
490629
622959
104646
485956
781918
84999
669029
429855
972281
675273
931334
287712
778127
599672
474121
554024
305423
255825
187619
190347
551269
278117
185237
705119
963914
893971
884200
434021
250739
862547
968942
781031
857877
534140
428645
598076
764201
277300
71579
387028
737015
66582
897415
294857
569478
766098
63031
818544
122497
837177
326499
313823
392605
294361
162649
762398
780675
288550
538871
155110
801924
257029
129156
230036
169940
219064
840225
505736
737554
526267
902145
52553
697111
387104
700141
443971
778698
218860
288667
136752
718144
222746
638822
534670
677827
804505
774438
344465
256542
820506
60634
346550
486973
898309
726820
405727
662803
578361
438995
224108
840930
945706
165215
131132
554578
801191
458404
476508
467423
967226
465080
981629
568159
457358
95705
392241
902274
570320
146478
159980
43414
51337
246087
622911
687347
604247
2644
216970
541418
112276
94849
818049
93303
620970
903059
539896
464564
649952
523494
545320
992570
411360
718070
546254
428112
216875
419157
97727
195208
696663
26647
781521
487413
308188
884792
804097
118852
819954
964835
313901
715909
86425
212184
429243
283205
255587
58116
573913
151757
614899
736923
79435
495474
589219
658853
111323
960492
23926
865571
635996
185278
164269
274528
211473
125529
440164
581754
268587
779301
216413
295230
64639
926826
768432
716394
596240
309187
807459
551806
905185
617541
523480
648920
538429
543624
58641
50872
357976
89717
1913
932794
164540
906269
565118
208261
653443
57383
327116
424263
529120
623528
653369
826278
464782
136618
229980
275749
711962
627041
377585
54229
228557
782768
418886
727865
964183
12672
432411
942849
269614
671374
39740
227518
35301
655721
405655
655414
43231
285662
963490
397541
961284
957821
187024
284163
748430
20668
357851
5420
553441
903068
738503
509374
305271
451759
861895
900467
46952
340932
861484
995308
884945
234062
912631
643826
407765
631727
616340
748985
621187
24412
561430
451721
653192
394556
106531
252761
118422
49904
597039
579015
29018
663559
152262
266832
304369
4756
654973
786286
101215
871865
312425
158169
879220
414971
571771
289514
912564
326315
397051
185415
597154
798735
563853
38056
490132
843809
378365
93107
608174
668308
426444
229545
882121
462715
518887
62292
49762
742063
3330
567030
382754
589650
650172
715676
86847
796605
455637
871188
249462
105661
82304
716832
808427
436165
397178
968840
475916
32561
194930
783884
902739
88028
153252
113706
32021
998746
589959
550011
312858
12697
373136
25665
213479
831145
646747
466562
844031
264189
854114
678592
147521
758894
573780
164212
391246
482945
314621
498699
368223
455810
47862
760389
762632
866072
69493
247709
541964
610261
446085
448790
333003
755825
702389
711138
906507
228617
301406
973860
928568
38233
533339
712200
26585
798852
768050
839435
693772
412432
804165
358662
418698
858576
165484
240597
689810
486361
323140
844194
391183
464920
347541
446642
818157
231329
823834
721667
902310
931098
783527
132263
566869
843438
870973
389537
114964
801212
832033
27709
502172
798488
944958
114907
224951
232924
212165
885776
505959
995509
270476
161220
894472
558260
274102
381086
403640
633619
54271
465805
711870
406004
302229
821538
493937
745311
314141
750212
472428
457049
668176
557048
43998
163
37335
475700
853616
364548
424977
859746
769180
852137
771542
765335
958915
772567
116722
282281
837538
257822
276701
986571
287158
231881
768911
698022
264715
888722
567250
71297
179905
567672
148059
754767
256167
41624
745574
486162
882074
790383
428606
58716
800465
260523
763929
704436
130365
155093
632063
853792
644203
716642
691340
68912
522101
740457
979613
315532
839626
34938
606749
748781
36439
955100
382685
640025
726762
628747
762241
465917
883945
706435
316191
945911
56272
661147
254105
536052
979442
294399
748910
453445
550972
878841
38175
752231
247722
787085
7792
190478
925048
702947
419969
966900
800104
445030
195878
532209
278458
706583
79158
466210
72552
436721
152340
5928
382612
468445
312944
767593
498752
41150
130078
418404
864909
486344
501564
766924
714625
405590
640444
84167
576468
854074
762464
253665
466047
622830
804760
131134
772734
301997
121997
32748
571853
256513
301210
300054
79221
650455
707571
53896
436508
977396
846466
369869
746322
577769
718466
287451
404330
528859
270789
970054
777687
796164
939337
317632
366252
711491
885638
961336
173327
236378
909248
734555
140181
481048
7139
587177
669375
357955
733455
508335
747582
846748
348877
223196
72868
662328
827765
47078
764951
290060
181689
724432
465825
273432
371403
285536
828660
736826
629731
935348
816333
628679
707918
159310
194829
770721
400826
473862
778165
787498
859628
158390
766220
702912
852251
960095
821639
204081
153577
787309
320351
212703
517736
694882
717907
887816
421387
608638
90430
874600
99401
328694
669022
385275
433820
749170
882689
508034
762921
505722
710622
840866
771572
759176
678136
529898
570059
375518
462551
707546
91703
361668
445756
84950
237816
636946
2506
521072
63307
408837
497549
756217
845228
348243
844517
493814
967508
231339
977134
113799
107607
818532
416919
110682
732542
810910
754582
872887
56279
979709
150650
846437
757253
558643
880166
966543
799585
121711
549626
441465
738807
406448
554167
773011
850867
73291
909027
275694
543781
547645
372219
844439
138951
396791
99994
47490
190836
481832
943718
131468
686828
247125
705114
671836
463666
807261
793973
7128
197375
196481
681493
540930
325913
744101
175034
291156
692587
712847
975198
249063
682998
839286
878540
243026
979902
111162
89198
220344
610555
23457
526591
491045
740858
809552
670766
494931
603471
972871
892507
709332
734074
302480
496654
173935
204382
191629
960616
353881
95895
504332
504790
775707
508143
328879
49778
244527
562469
772303
973564
670325
25914
466891
674408
384006
678417
740064
780291
438066
586339
225325
189898
356158
237977
145225
287434
331110
91223
587934
796305
98388
295208
172677
838135
443449
562003
437990
867100
22307
513238
327575
411825
865492
286146
645952
162867
667665
318999
526377
942442
589677
970567
520990
369637
147811
93763
948192
587344
684575
217002
298280
266614
731526
544286
222788
722411
686637
712572
454383
248685
434126
452696
131507
236769
140502
154218
193327
410863
304088
982428
843419
561354
879779
685609
40726
190934
26907
498969
127077
637962
742462
187881
232257
833239
771412
219773
902449
575147
714799
974078
143513
276832
652437
824396
317818
484529
658727
20729
787174
437666
453327
907679
575816
38022
295411
63667
924004
157037
682526
472356
770024
95579
969788
480139
40191
992537
619127
516515
986732
956464
318784
296128
22985
976046
149076
273293
937174
608341
970983
773304
323832
414767
165545
879594
403927
669887
880178
20163
349676
423783
911573
677404
697498
115572
525961
398014
921896
359430
909272
501869
484313
851086
737260
146242
137323
556503
710690
904926
245845
301531
49625
949421
292372
304632
312977
910036
728041
326214
425469
71486
801524
352352
629303
428358
62390
600130
297512
876557
55918
750212
858948
923117
261846
22859
194291
816480
395953
176680
164457
662433
255359
243678
970415
98111
258174
98077
379067
498451
740640
962218
756099
596543
28031
203918
737996
978646
126028
401200
592965
413199
479724
120911
656479
84504
779962
439987
529665
788704
119026
458378
215533
898860
79159
614274
670638
384289
143933
673020
953497
432446
530930
770353
665719
905550
508616
543131
125549
745057
638579
117853
257527
678106
978253
966001
538406
771003
963402
525246
886343
172323
252005
442761
719033
805302
882384
3809
538317
701645
107580
823544
347216
864132
806781
190687
836366
749545
283624
192416
605576
630982
115779
538059
63406
884029
275267
227087
510438
98513
228463
177174
101002
263425
698137
649646
374217
449008
760170
231128
110178
633675
671301
617988
919103
273282
537954
571205
735352
274796
11929
264896
734557
361154
707366
957010
212406
239126
349439
13710
765309
441708
819751
124998
257502
403020
398400
63912
529770
507668
227496
340005
707010
320483
817199
457781
50906
835433
853488
696349
369249
764363
405265
992173
185574
410883
427090
790438
368072
559999
361187
329768
332722
810600
469061
553142
409909
195278
989963
757030
588871
465524
975069
317981
828116
410149
670248
218492
846597
336731
674728
64453
13522
928625
398374
925542
612941
151870
883915
989400
965905
894107
596611
119446
453860
8508
148428
519884
377930
860687
873832
400492
80967
51453
265347
768502
734262
241057
176823
932013
159631
781270
541496
87539
304274
856675
582644
868797
738959
314208
198183
952923
86483
21963
550358
257672
596459
382499
845209
581708
404737
155651
254348
766059
875350
232359
568517
673212
759608
956330
560439
603821
267016
434831
702641
638873
595303
402068
662890
286762
870743
702719
993919
235730
635417
502596
543548
966219
480797
669284
215005
975946
257170
518938
57951
757595
272132
703470
493743
6214
558528
198265
346953
216537
883102
822162
821765
90494
524173
751295
865118
308326
595214
588959
342348
794435
372588
666160
968276
633147
739459
927679
379124
91624
788546
394457
620814
92368
144788
543062
283308
561063
157984
181498
680547
105243
303106
97888
314344
310805
108172
142054
93705
6242
40966
257204
830725
105050
247506
430855
592988
813751
585798
599126
731995
453347
746416
147994
891336
750846
627167
568018
447992
17813
20165
543799
981947
884645
187860
462747
449551
182651
656588
160408
123110
845461
913213
428862
798876
530896
350293
593560
863519
11428
45051
567080
969726
353251
457871
847148
528997
448505
286568
232371
193176
50664
330544
48558
390198
786403
136752
20765
496561
872134
928950
258037
43695
128749
389542
712450
309005
176868
72399
106749
63398
132017
806608
139234
445470
548916
802619
655944
308375
269518
723835
714217
979756
792492
247671
345840
736180
315361
806732
584116
227624
376863
964623
232597
361758
6934
765900
353840
931568
669774
635214
611898
642480
408093
647032
892901
483610
428278
759662
244675
420086
886823
554059
216633
520825
336378
344341
92034
733215
927080
54785
23818
402398
955164
552860
732907
35300
14274
995280
857905
92043
415291
717233
224348
262889
765411
554689
187388
32809
268180
209304
185006
331411
732491
929502
805475
287851
956429
802903
756174
417131
772842
734887
624972
10039
841632
567533
202395
119904
40613
946621
898312
737376
7528
95293
849847
847020
621343
610527
893410
743935
134474
961629
270937
472435
122774
374975
771866
728618
222359
758909
588278
596273
119913
497528
283283
284067
51224
614108
277785
585272
711463
418460
455101
163534
944395
214416
4483
729074
532644
313038
800336
479487
392232
246487
837764
989354
476433
368533
755145
919414
565978
667366
17386
208754
399939
557943
313296
599141
229000
839751
286137
355150
911514
496341
102905
774024
849249
403468
366326
792177
214248
7551
494562
660759
383040
441299
746003
336602
753288
152422
931571
107507
194287
395038
864450
462085
264420
590163
620847
533317
655679
870370
132710
59600
29513
881106
843248
644002
285155
552718
10782
817178
330207
977879
45542
791162
551327
111537
8185
16132
830114
385649
89734
740708
932843
24401
582952
358680
232635
412461
487206
246604
181932
128853
812640
474358
602398
739786
944416
888587
596592
482848
402299
924348
823515
844263
615924
863496
11389
793950
54109
104095
781301
871913
203211
201155
952043
325359
239633
543241
622236
742736
306028
509736
434145
231597
980634
213161
463297
439364
890589
601253
856719
181468
595204
795568
199246
53101
685889
258585
521111
156579
177374
669165
293512
168774
386934
97829
715895
837990
208798
795189
781177
180897
41535
394858
244949
382862
32789
5257
643011
723823
533037
873572
498732
613298
501830
599635
288020
856594
906021
932949
495476
459883
766760
785670
91159
813917
232778
344561
156093
502559
925651
468832
636332
821777
716252
814989
87289
52475
934227
208584
839075
107309
547913
645634
48589
146594
258323
265202
34391
501473
853799
26026
86012
427686
576140
912878
638091
423139
168239
614978
271422
310002
654038
103437
436220
904270
742276
429191
299643
824588
767658
842812
610027
88907
168264
892739
138159
421644
694874
509325
597662
769231
51772
849365
752195
385533
397216
113325
188746
699386
924860
212979
209913
939627
887577
289521
611682
19972
822385
768059
919070
526388
120939
472877
186779
275813
298188
884849
335359
608841
827002
137059
487298
725738
800781
774740
931747
62021
610778
346584
547569
980342
159033
943321
669243
667777
984335
70034
480207
183750
321322
171115
56906
932188
553698
789565
401808
854305
759377
841148
90745
980727
264223
302719
266318
65850
651085
628420
930210
64541
52239
771699
576940
851526
546810
416433
799251
776012
374395
39934
45620
535914
131557
809822
555812
75254
703485
648760
433849
348537
223657
51400
547701
30200
575710
827896
991670
754655
603207
373345
828339
997163
624482
988730
570000
899504
604568
698666
955028
770696
22171
713410
233576
799159
985226
12147
379035
837960
720549
777622
220039
754950
584896
699637
859833
568392
144074
602501
477095
609126
733072
635962
692445
43289
564935
19369
818611
134220
564175
958948
329810
718614
987500
769047
649381
109133
475272
36456
880996
543354
140709
745209
37520
152172
891485
934713
885812
352735
633486
678486
280640
307016
595083
334716
924169
988807
292297
735992
572677
107356
785034
983477
801054
429578
89220
552889
386368
904284
873640
201406
481808
577056
139507
944054
117505
589892
8471
593718
179545
141322
684586
500806
667098
408341
757652
572392
853451
317274
893005
861531
150219
885816
921952
662432
467645
781521
568383
774008
594271
458048
213470
191834
881190
408817
27125
554987
514243
405581
248960
432456
531157
419744
250946
214685
476512
695885
347948
891871
785314
664877
122168
28811
294623
79821
201559
165306
868059
115449
245932
789906
166711
1324
523838
558962
492423
843115
493165
979025
108089
357126
532591
795816
807056
239223
971658
199889
995998
329606
39505
30914
528637
718186
748542
477977
335430
77641
539922
388454
992775
854644
422830
960891
114840
50062
519064
191180
197285
857689
746721
171621
558511
857785
59496
530344
1840
784546
989878
75105
49250
123489
47364
690237
221849
20885
131733
28617
695510
546987
964709
423717
327899
73823
495034
257952
872464
485783
134375
762785
707292
942156
228348
858935
904746
759245
91135
925768
209424
367984
693796
10113
213012
553303
263786
680164
547005
771829
393538
119074
603581
748642
466658
754540
392678
702710
969601
86393
662838
13775
649705
870219
719203
234470
576382
953068
486867
209981
573625
218744
443282
914732
456409
964244
841576
490185
515378
177872
10344
191494
368134
198324
312289
448613
51966
939470
598216
384956
370540
385651
899155
557821
707494
52196
770256
870587
247603
820047
101286
14828
122407
298340
79225
198491
944206
117173
905996
601548
429190
840357
848056
345654
509750
7891
18271
731650
109523
321408
442362
767708
115695
494249
156244
845110
345841
197258
807796
223634
649851
184158
77784
828447
2945
182548
404338
563784
798822
388426
515737
357584
411097
808286
400241
187207
218899
130256
398625
312622
818193
761028
944638
721635
691030
934807
33880
481651
810752
772067
891796
142841
783026
185520
472140
638322
773529
887930
270302
602030
985163
214537
793454
929286
346661
208105
569039
930028
500682
417702
945613
521173
549103
302082
981385
499079
146018
914569
402064
992388
99980
883070
82459
209684
936591
715068
483043
650527
356094
927668
640003
740098
336967
260348
326779
8788
826981
787322
499369
611806
827156
583699
223370
222473
666190
563458
724850
612672
709884
553562
653177
299612
634448
951513
208173
510489
354990
322273
106198
765879
359801
840659
650766
390583
761969
730724
764088
518989
687790
524214
170757
572146
71277
342314
336891
997433
704251
145963
282641
947941
208875
238306
253700
702082
881659
167815
546270
115527
319357
700115
812135
972351
228818
332053
736646
806130
437307
176784
320679
418606
625419
551278
878120
187838
846894
712614
674659
647008
383388
566931
253715
259550
168496
418069
612222
942172
150859
660876
993717
981398
433736
994708
930182
805983
599109
535100
623206
708184
614421
768781
189854
630482
997532
7091
736506
447829
577731
306472
309191
481162
489079
623783
864642
495723
796548
636653
954642
487418
681808
306785
451778
86660
22952
328312
398120
500106
540003
411920
703473
592272
924410
858054
150791
821829
38253
976283
438172
771290
180569
46271
225600
288513
505856
965631
207442
445546
381592
595220
100890
774343
285513
609007
118801
855202
133895
981761
632675
770399
880369
178148
189013
808103
334685
785514
139541
716750
461937
321023
956595
14855
232481
367304
624261
152324
552029
154917
891109
674906
876982
162566
827992
329827
339575
51136
961053
857005
590517
263570
877829
186511
861358
442189
359947
230909
124372
594820
115211
589684
462821
37261
237620
953226
711158
424648
702545
313598
599664
934389
170209
551762
740114
536129
759187
746165
946001
573535
419570
530711
329740
490249
980283
674387
438094
664951
491545
555889
138444
16828
291833
822595
282597
744147
464864
919366
19430
421265
305921
824438
797875
287439
53999
460803
912453
551285
824430
595852
774354
823572
763674
293630
445734
180732
924294
113760
81958
399424
887040
844284
994090
302635
592709
827805
13068
32257
483750
696198
324305
636626
910021
601136
717453
276143
825389
608898
388698
498237
803600
166614
437403
841440
628838
402811
885001
76777
780046
821125
305462
682581
474950
931343
729980
339362
374854
478542
823919
957213
645898
209460
875647
113371
977239
22237
66863
535258
962570
288944
801549
75302
537724
366005
866666
684060
922353
424039
821269
211012
529785
306773
806888
838343
983423
492941
591383
143907
18244
33120
964802
171004
785554
535711
880345
409847
529313
485060
562336
242265
725755
728529
371023
696667
758096
796752
607969
96093
706909
276817
45709
913100
979242
541274
17618
778662
742045
525624
386517
506448
266747
130423
74033
679538
324420
728163
464583
746784
183020
628703
472517
401453
562243
843258
676808
345553
690101
633107
689065
631193
766555
819335
119343
571047
306064
459890
448055
103103
222384
765389
369965
136708
409047
807288
153923
935455
194078
548303
902140
245644
487019
173615
564446
195307
784861
147684
758339
647350
685074
970089
216101
395311
876656
638138
518233
387340
933502
964865
390901
638458
929621
229266
266931
390794
707300
733979
568323
352310
547552
648643
932038
777042
513960
342669
683910
293662
157045
807116
593533
39891
650069
743791
746640
56076
920945
626849
40896
36344
661079
361248
140332
795456
113521
718626
851863
105685
871867
437059
24044
883886
282417
760093
505207
792494
720476
174391
8431
395696
472471
593833
526878
909499
881151
300622
408195
300555
342329
350572
377787
353531
913053
776205
429242
978532
61006
901970
473227
193326
268540
640413
321627
705619
959000
158176
87643
526475
851797
930411
701015
475131
446776
988386
910197
289700
832741
7189
241644
520689
135793
306779
814858
276866
965347
795905
894273
240595
573344
492273
629377
633183
257721
223255
687224
285233
767271
580188
913626
222205
497596
895073
130736
442281
672997
153952
341373
981172
314138
668791
159196
340725
162296
8737
749032
440145
241696
985630
710119
507260
916639
214438
518325
769723
327322
527682
987708
8148
233947
880796
392246
374388
984289
660411
786667
911681
35454
723235
862690
963289
880530
904835
817229
201486
700971
856197
452919
900598
945156
365859
218450
325179
963123
558899
374223
932382
981032
482598
393288
709081
74365
43185
277212
218851
171806
221351
546511
318591
303684
509232
670072
144147
881332
981504
67979
999857
505881
665695
619584
632356
836647
763251
558812
339284
876547
553525
872119
130603
486954
646169
571360
502941
895719
176031
525206
804593
408137
557689
469873
363617
693261
447664
325710
252596
675849
156191
39936
484680
66570
174961
910860
353248
121161
926273
332537
865064
707282
346643
705956
597163
504649
133114
420440
677199
55464
383756
480882
221212
254532
75726
485897
759791
203005
444412
567284
912695
863918
252123
461743
781615
705334
58833
839367
285931
596839
553411
474317
536504
355892
315788
156789
825536
74706
929452
216982
20554
805960
742383
985201
797817
664760
895957
325930
940092
926052
580702
911898
516362
450045
410684
475329
560930
325694
486512
292159
882538
972883
666642
284305
340761
301990
19528
208626
601439
363271
113431
633521
321426
761817
883973
175472
858751
192603
477143
474212
876377
242199
396642
708788
932189
296550
967231
207160
977626
303257
600009
684838
372090
986665
911782
5641
391321
328795
560797
913269
552327
636853
188129
968309
571015
36563
592546
440911
97085
559195
725536
369851
303
109383
668506
174570
819546
488756
901058
614585
751636
832601
563219
912658
76714
532929
793009
972288
473133
880058
794348
868782
501416
900484
93568
698679
219352
751337
536169
968681
617696
111102
737739
889941
491110
754638
675368
155970
269936
598408
61230
58441
76056
874316
605747
959042
592512
413219
315862
897254
930741
209020
163953
808848
91754
648490
836769
573187
226384
947695
109769
982791
765091
891234
20969
619822
905450
294609
486484
432629
237199
593361
787626
195077
922731
817139
470090
221849
70192
921284
168643
433813
616093
42011
465799
229354
956498
749976
351066
603277
258748
405306
188848
484303
698674
385341
917218
865544
730753
62093
632175
652703
479411
580687
779683
832910
2119
408699
350057
832051
893577
127533
902238
990704
823067
374363
54579
996318
455185
913270
17952
818849
27624
601631
840321
130293
322323
220913
257812
851441
738742
109839
147339
322914
459729
297015
907429
496284
218501
333192
744437
809314
812189
248730
42991
470747
978121
707800
499578
816361
609733
684579
744537
921313
652600
261878
142889
430490
464536
469149
914608
699602
166264
978863
729565
679317
204481
692715
774539
778668
396473
259208
718260
781494
12954
183604
580438
621332
299128
282550
927029
461443
618667
226208
299001
694168
370286
38681
161010
550912
784685
431756
723152
334710
975613
839069
250663
704806
784424
455867
734647
904506
772368
427040
595558
875637
14987
461943
83051
748232
887208
300555
399148
710804
865692
889872
844174
914006
31180
970012
859971
621882
238577
423593
180950
456858
745008
51444
717656
356516
233473
918819
956649
951716
546625
683089
837280
666005
658403
510960
787996
173923
663474
441207
20320
207823
801341
163339
778896
485976
855634
380636
235774
878598
289617
956534
341425
874063
196136
814860
961494
54322
131476
2891
129391
224781
854087
844781
803013
581697
454715
257296
282351
44475
458635
724876
36239
586022
22414
762696
963353
399928
397273
597046
24675
526255
742298
721976
920624
720415
145406
871071
179556
45389
665244
636078
139995
306384
159808
401858
170964
730489
88330
401901
868565
301757
884135
614826
989579
848000
241011
534360
575805
293592
535067
670405
891695
165366
603505
490940
529164
411498
858753
760485
564642
993617
544799
956069
263782
845528
398551
939832
663061
545394
191377
812737
595711
714275
500427
247423
450539
147168
476144
748935
829950
838262
645136
673640
906606
93140
518735
83553
638861
370652
221159
930241
44096
790635
81141
87126
565434
321824
711686
545978
582630
844612
55227
779776
374221
862165
245893
17822
528672
134178
651549
396788
365458
83200
116186
377748
215961
698216
982020
783614
413213
153071
639656
851516
357164
105799
447209
981378
201183
818367
619480
798463
708946
328913
905087
26220
78174
797646
414509
465079
139246
394114
795437
108691
256216
95410
730168
775910
548218
292965
222523
608242
309975
818242
535064
898396
615843
284867
287320
136133
471519
99259
231167
784936
838932
864852
957905
251956
464536
120384
636288
867159
209670
702840
752722
180028
905890
680326
8180
193073
440615
280058
449855
21129
733275
686538
606713
788342
259156
13969
291143
791179
731985
202178
924308
171325
578042
355138
810779
358764
548090
483228
945463
766709
861990
997181
463026
132641
664174
527871
71632
775182
990059
647433
856577
43564
995649
702727
746905
252576
724390
408369
986926
528575
138635
791327
419231
109050
521009
608543
549622
869538
396154
201069
908787
179536
195342
604098
695111
277313
293961
986429
344151
14873
774697
898275
103436
277586
760007
557395
158040
916020
95390
438816
377254
86530
131118
519141
10523
829998
705279
913979
944327
192683
765657
288412
475716
625851
705785
461483
603569
644536
883030
92875
673348
315043
818283
482191
370762
874213
360210
62429
496480
981512
436863
400110
506514
873594
754781
526852
485048
107641
632717
16274
236772
561012
770595
974908
42725
152262
555328
492143
512836
235390
584875
925531
399402
18957
548576
559853
84156
745613
762097
745259
60664
527075
776181
947260
270239
157926
71190
79913
304583
151844
812507
462896
366868
39194
542753
534518
278163
533852
98247
37545
540447
146220
847365
622538
172640
45526
693513
463812
563464
726687
323188
197429
546644
900541
894403
30643
993514
173627
869086
60145
298917
365792
438761
67901
923169
248765
603859
600523
241718
596026
306273
992453
535305
419993
402650
999555
352505
436264
873718
175670
483932
56365
967034
545746
806299
742143
922551
171583
864769
79603
162735
858823
5604
665066
520827
964600
721992
551766
336916
209930
225539
489168
798872
348716
596299
350881
218452
193118
512738
603465
91022
549636
114468
866152
751177
469915
967353
127412
872096
784031
590394
211754
314105
735324
470726
235849
467241
108422
667023
354808
217032
256966
786966
231431
421630
833652
392187
916782
51127
175240
275112
459183
756852
532348
627181
16961
273135
812594
88871
377212
65299
146450
874036
864549
374171
573449
703148
368284
791210
516844
505379
915468
42869
382554
69488
270893
338109
12669
371210
571592
127219
882801
615555
402560
346950
367608
392347
838484
693312
951753
314516
166828
960239
767808
719911
721207
96895
336609
772543
998721
518710
931961
733030
374159
426755
874131
782751
897972
195726
336454
573788
848958
321707
867995
449488
533505
908924
986592
263196
545764
39041
296215
357839
55272
716710
392433
447360
606101
73374
141949
581356
218606
743425
644717
228942
62688
232960
709184
718195
450052
128727
871442
325211
146470
764852
656023
335679
789066
347877
758129
735006
383732
428215
553304
746011
174820
536979
856895
155027
58176
635711
981282
205658
256178
624182
770698
955284
38075
937935
283030
956446
16771
282168
623770
242193
937857
308672
123613
492355
562636
237807
553951
208157
869135
718581
652072
435659
656182
402024
608198
312822
178994
828832
111476
902821
198896
272963
491867
256967
29041
641683
339375
914080
662558
562803
121191
15392
326824
938888
431587
976264
540686
3443
856587
671779
984640
987109
261934
687639
817
397496
835748
710235
930533
763925
603202
592533
709815
119291
102069
887507
691155
656125
589643
114077
270268
180935
202506
17658
678319
469783
317144
206055
840808
638704
844951
546516
771307
688496
971671
380184
136602
187088
19978
160376
481203
772317
970444
255486
611000
2939
494022
900515
121672
305306
579027
929536
667974
345632
480687
53701
59988
426639
824808
142333
977897
81235
211302
833776
595718
165226
272174
92453
893509
282386
825422
529858
355067
861300
450602
362922
41601
796418
577721
71635
854631
192520
653110
3366
413329
541882
825691
771968
103121
545760
486184
790479
301308
394461
309846
11366
442735
727054
266018
156084
368694
63753
622284
521486
794129
212501
271867
497708
709476
274224
713200
754853
908826
830274
603733
638038
671387
440036
473189
592192
914013
940148
192973
785359
361221
267527
497432
162739
327954
468441
672431
657560
197172
406978
747631
723566
436737
777936
980332
80682
575899
418736
600383
782270
663961
71924
951973
841925
563801
322151
751209
962726
898791
634994
703444
512682
523383
274701
482694
146
144593
562356
715418
305493
781709
777634
712878
780335
325816
253289
296875
185113
968485
816683
862768
186428
445414
71985
136469
901755
902858
281881
505696
503933
431871
679215
109157
112551
20909
573793
691331
879593
464880
606014
669048
204979
687983
419869
826736
764761
513774
682272
169483
525695
920285
142431
550043
880532
737081
475294
802695
373737
377511
811184
771509
522807
938782
132077
343275
3681
661614
829208
883302
487199
252822
279331
767875
270787
651679
756859
856329
141587
758830
432444
257960
815956
993693
213524
491
230191
975924
779937
268683
614263
364552
157830
679963
764147
712291
72758
187981
383388
891014
176957
123115
235727
151372
861215
631604
187113
632974
264550
555420
324124
347171
62774
491228
106689
356057
980952
901303
914114
368134
735467
104354
201001
339546
494159
304493
311620
398787
122215
811852
208138
705386
492734
229379
17583
733098
203196
281753
572161
473659
35240
427875
996493
576450
349374
794425
268021
800485
722797
723028
387198
926796
540516
266950
954426
830974
543729
956645
464682
791592
72869
36170
352695
984162
753793
120083
511292
600818
546618
254292
798304
628193
555704
343572
859624
156158
789372
714868
922215
274488
11313
991988
392749
707602
27423
368696
236266
57677
419442
686715
120966
137748
327599
900542
42250
462823
251170
115466
983208
88653
567922
490270
763271
616834
677331
183391
108495
870732
824178
647226
440722
877521
335559
282471
271317
391054
115499
327982
755541
548364
975965
849218
617176
229007
33721
835363
728702
447698
661893
256707
899279
252815
796819
245765
111173
759279
142033
395627
210715
604669
5934
377289
142273
923521
933480
661325
313822
184246
913231
155324
216073
282621
894186
521857
846270
126815
69846
888249
664013
820482
676441
573579
235212
212105
726369
431492
193597
889786
236670
579298
189245
317049
363026
865876
886875
116913
124736
901304
753919
252967
606694
938362
26634
181265
667730
528718
580262
100927
333016
612931
923436
428979
199589
713815
246179
600447
760900
458810
159395
7832
810610
566568
797842
248204
655194
547575
68689
24005
48550
332025
977461
768131
214235
730162
892220
268278
238707
978578
180296
93994
525620
335988
281118
813139
690741
723091
89550
112946
581978
181176
357566
149614
128081
562939
150503
68561
514550
445926
357007
871665
417805
18441
384902
783036
57901
781019
250055
667533
871738
5487
727234
813957
512796
67806
699740
733793
587525
678313
36076
491118
562921
72839
423029
830970
329290
248619
967337
640489
664758
664110
750546
966332
184048
724882
976050
753551
921223
854361
602501
643077
539704
162403
361995
803668
914839
729219
42708
531099
239147
282126
16878
31006
949167
657562
627554
858553
966754
22605
296399
888132
855923
726773
180038
899174
178577
244014
990590
125338
817705
170834
972929
782206
541630
793830
450797
27061
959273
311616
347726
81002
347236
618234
676501
47359
305429
838617
679421
858606
327142
48594
617859
197364
919895
281669
270380
153486
485137
200711
660547
703492
174383
537466
628759
182194
539589
287221
588400
640186
869920
100522
644027
839361
8454
493060
853257
556504
915888
869358
26376
452856
857576
986556
418600
550990
96107
182335
920567
746963
583414
967970
903110
265313
584170
134069
862396
675005
915334
70069
755593
576082
365959
76066
538557
438497
899041
711593
384111
453795
413216
803902
950506
668061
17933
802597
960676
645079
824467
556261
854850
818473
790682
520553
647760
636170
323742
315260
70105
660678
554653
401413
671358
738028
87517
695332
89197
898676
844618
391696
603554
353754
961443
583596
487321
449368
832789
807615
784216
524253
314004
578358
7222
455880
531855
735567
393624
416948
666620
580437
496262
624505
541315
398129
747475
249291
149714
641946
219133
945208
855553
907508
39489
796770
401900
248075
858608
855300
883323
337393
578199
574560
814587
143833
782024
735414
447278
971703
605555
965084
547265
612239
985565
632405
73483
607952
840748
243494
640168
991435
358238
431059
903303
755131
291284
612634
461715
602027
226745
329152
529915
733055
515165
597771
971511
881319
518394
711739
590451
513122
803998
743643
978941
202952
605544
846743
370858
895510
28553
96416
798460
629443
305903
34336
845531
742349
505687
602984
773072
928484
687811
731308
673512
675287
403453
898383
883057
47894
470690
664125
761188
877279
185960
96513
101616
127689
159337
504807
311440
708060
555422
62243
455993
182208
508088
668125
932657
972447
939718
473561
809920
379452
595198
68183
93347
809360
746750
247090
909745
938317
762627
686992
491677
53873
495438
194103
269559
874309
263077
941780
748179
494900
838704
443849
981890
232376
73028
708777
609392
650352
859764
976492
317172
852728
820390
945253
43083
69640
667635
688693
204451
388653
689256
517250
549065
587242
187488
750059
551976
35297
248457
802060
284154
950685
575309
83620
856953
617500
319186
881851
653738
759243
826552
14411
487796
300603
121016
377515
330951
868451
354668
886941
20930
634473
958027
816034
681165
32648
430169
209989
613909
120063
543230
59195
120232
422839
738279
844572
346357
605994
294229
253520
485264
638185
319880
104113
492103
363827
51336
854387
10801
941434
553859
881702
790244
847115
555091
871777
10023
656518
562109
33238
885890
235466
230752
554575
346143
102265
382536
767960
217639
805620
533164
518150
767911
531961
654410
518798
379529
560163
757442
263618
866014
754178
886492
858106
644143
525933
237907
637653
261061
831605
341122
933684
967089
614106
242969
406571
597958
364925
790311
419271
478060
155030
69234
319090
369781
741187
613551
561342
476539
918794
85988
763757
616504
984013
532837
761348
883278
636772
648062
15808
942567
773853
804333
662347
264176
359638
881394
619915
301049
888025
608176
883005
927380
671857
824903
903190
196585
487931
682545
387860
433786
992001
689915
12773
134411
751596
339645
141153
736090
813858
669427
48293
688570
849565
748882
190224
287835
667021
301739
998586
453222
606364
767094
742273
185311
239768
54294
637592
509630
433402
538507
652342
332281
388261
108706
534160
312867
830805
430757
167355
695253
522144
315901
275305
513826
142090
988098
376381
563506
603259
936939
309347
821845
827013
968499
92127
935218
72634
944278
606492
769197
987614
531583
973739
74436
997755
223434
249374
298454
505801
635456
698317
912674
214719
683587
183224
720133
355609
219932
522741
845786
693337
613111
339557
502181
777717
469676
510761
433127
75426
556024
422862
544936
485434
570699
310104
224510
809591
506376
307291
346209
800272
295150
881660
593417
52442
374113
443549
312311
984116
466643
19589
349401
590419
552751
454125
922382
387548
273236
854872
415213
581104
713887
887755
751925
300004
467197
408740
203897
950569
868862
794842
755373
252547
65176
281710
925441
40055
67376
284908
467874
555859
182273
545222
766559
617538
604348
672933
15306
113167
707287
63454
527422
380979
684752
532740
844061
551547
780753
676901
647647
4325
633338
769359
162164
612572
229932
912504
16028
348681
545959
32161
663303
103222
831501
634310
344867
672175
997738
845704
245205
480553
401537
186219
405621
266662
70378
900743
186955
332492
445192
663818
262089
719787
443710
767901
104205
268693
815544
405706
896161
646226
263793
823135
579549
575486
216126
978077
324862
679253
566457
173558
490325
710389
209216
145488
587456
914140
55262
505023
496676
342637
71916
625921
199923
820436
575053
265560
3877
569211
154517
821929
856863
847819
208966
430359
403324
468526
226662
403687
992304
294360
776666
773328
472945
107822
575269
468266
757941
57779
937657
889396
349328
274093
966414
193343
627133
469741
299228
261843
958720
468557
171873
755081
791912
402083
833237
592796
95464
521112
959483
352176
878343
110120
819127
396051
239155
616506
120119
407178
293297
437841
194932
623375
607128
498838
319637
94279
490135
260838
687397
695174
863987
389897
123757
705642
434431
873729
71657
715494
980302
419310
668053
375370
669313
116398
888574
782485
780330
414869
679593
726155
801367
897355
434416
790252
579188
287903
308053
565533
408306
46929
357429
849718
250762
618777
235353
940722
127597
324903
380259
646668
14445
280929
747476
329005
113700
251337
866401
610162
692895
426524
688455
687884
466413
76573
222994
958150
885433
769445
187992
239893
525236
286916
679065
548807
32507
499108
896941
143444
700871
567743
471623
163264
695613
158598
730664
432468
948665
92854
666467
748600
950038
152575
983097
196472
607772
248022
151889
73431
883663
158834
802165
770268
915231
814905
163888
313169
668042
483634
427012
792828
860727
352160
601151
341085
7772
722433
266296
469412
331314
533927
287679
409148
792347
664813
283072
959319
733762
774013
345211
451739
740074
65816
278205
624974
356569
43400
923080
327892
56536
851039
594073
423751
818178
351674
295777
680701
332118
770333
143987
445590
642027
232443
577321
558120
518411
955248
270982
4591
993963
670282
4479
574823
613496
377879
780723
730503
23210
56556
807487
567681
246353
897653
61371
928317
181227
787216
865256
222535
606830
374585
670954
64213
648087
253304
644248
81277
955185
605769
786526
722672
105317
552581
123896
942176
436240
852657
892242
120684
337753
121054
51758
547849
351599
439428
548778
555536
52027
625366
179561
587892
779451
712849
175454
4548
68206
366333
297517
289735
266301
92429
126985
806906
61710
965709
692657
498629
923358
80252
981184
338536
82693
129398
938559
752671
510746
271
12232
963415
745549
782612
412014
379138
936621
559947
272496
788271
58144
594448
600698
967679
4240
595104
38110
789228
98198
890928
968813
343425
449790
11985
260418
274094
116080
825340
314795
339584
654355
756598
84029
168124
579617
92122
41007
583899
389297
616514
698370
315814
258929
430009
150936
461974
905371
268580
17740
347931
991903
534409
542233
103565
251442
24917
462180
238689
361729
180683
128356
715324
810750
840996
78976
406523
473519
484310
750115
111562
923505
632234
113874
550019
526975
275371
884179
788948
312126
314286
268058
866923
852522
899997
89570
977416
165790
500433
419226
487477
700611
545118
27826
796452
507243
531348
749332
628662
517562
925213
198506
292803
869988
755288
110999
586234
695220
77850
981740
87186
240955
653262
674044
597957
81570
247421
815519
979529
701044
149413
632628
196607
934439
923539
786656
403359
86076
47515
445648
478760
427604
485832
78851
653157
797181
710518
762990
556698
98812
487442
456687
51909
613796
736167
944486
682425
17048
484571
211065
390890
394342
884308
254763
888300
364552
259098
102038
573139
335833
845763
626673
541403
90015
955409
256697
469667
672340
293289
128436
706253
722864
4886
821750
489941
735915
578059
574530
753434
399165
711974
252237
807220
46958
899976
470190
366132
820238
228021
222268
940155
848986
837587
434113
422513
573353
710618
285898
526853
609873
930539
533782
89146
545632
895116
721257
627774
19945
676367
561086
334638
732664
648463
345261
23417
584953
955727
724065
958730
41779
597865
526520
856743
749002
948178
990094
152177
774031
920043
663909
173418
708719
76177
362589
753751
906817
450014
362201
677500
187687
421945
487627
518368
770219
264564
872498
952507
973581
48628
24702
80510
668536
395826
896193
575505
504246
760540
137250
619053
605490
259347
249791
738225
370582
59807
52466
506457
30538
341219
685568
214251
89584
275348
131216
809421
557835
234859
938892
935011
98846
233421
138144
798178
481138
457152
548927
799920
13384
310895
901708
303259
939442
577032
698640
302496
748865
444375
541286
512244
821650
526787
739306
474871
364523
860133
980360
916366
938507
363333
711417
717357
847434
307976
62353
310817
579845
961104
823236
556836
609786
790834
626141
8765
980757
484442
113182
66979
237859
819604
682195
256690
397068
958228
142869
648062
38433
127012
246156
340746
740532
844537
605861
838154
761387
812893
1271
260000
484699
338237
67978
947401
609204
861281
116832
498134
795176
175653
357193
611871
95268
743545
357047
31697
243975
467427
410216
97731
854666
856129
592544
428465
900978
346155
383878
769011
410601
607638
670513
426045
145318
210245
258552
675441
467306
322947
280202
247481
425146
240322
381975
232868
452106
234735
837719
493201
856063
685298
309469
143608
289946
721935
947955
26551
355952
210902
402025
760692
562344
227131
929428
729931
245711
23593
569152
818751
259031
548479
987030
100950
395967
859473
97749
806556
567200
321071
503192
686629
990743
898544
783947
244391
573860
971730
814032
30809
240591
760925
208153
851674
88933
353431
167241
967020
283220
722247
752533
717455
430745
489072
291940
164170
792748
812814
761202
523498
459520
807293
176152
798113
287288
503342
349330
832258
84698
670279
461544
643590
270313
693488
982238
765845
571704
935095
531545
332007
234719
592843
582618
666927
674284
642724
332322
504248
414223
727560
39856
471873
893783
382362
784378
347023
750491
617791
739699
921112
944827
24781
64968
446057
16729
573319
129427
372114
214364
153935
1753
988158
339054
451305
200386
928822
674591
41200
139082
819814
189082
562427
814278
57827
364063
442954
957627
479710
383083
387571
276295
56911
712382
828428
692187
2521
626260
520004
183433
493528
384349
824450
197928
218978
916914
118550
12380
679703
756247
372326
4066
473128
860489
732235
640835
158271
385084
779691
854159
353823
124055
187137
309085
290513
974211
880938
134812
782396
755558
871494
298403
841042
31906
972224
705589
111174
562258
573340
718551
788172
643558
464851
447133
797347
896706
885333
166793
587758
272155
279345
358264
55453
188301
905749
729490
113994
830518
825558
734016
796434
984368
694908
895530
245379
908172
705637
647610
302773
783538
627066
246797
440619
354597
917148
316538
447324
687201
741309
305112
470431
637958
215630
933466
23902
348318
25999
70990
531402
360353
201674
889568
469233
201140
164714
213052
824400
505655
579308
525670
878618
335715
355042
448669
712711
267234
677946
774271
23928
191234
346022
597519
591114
358926
93216
103092
174000
86896
369825
301004
350003
194498
856131
585961
374946
470382
486339
431661
277683
335963
532025
282204
357752
670979
424351
417566
267738
401194
784930
601289
436732
528084
881295
970202
283877
121563
983209
730666
26635
148908
152018
941956
792402
523086
988176
236116
769620
675565
450788
409583
699294
149000
174318
263998
425761
550281
50437
791422
457966
620169
40103
206765
919311
422467
877812
205255
935105
331095
218966
275240
997817
961261
463062
272011
214076
894994
513535
116957
729825
548382
392191
834365
782502
63484
211252
918849
601146
310426
826897
135926
446537
469246
855611
639403
180062
144725
745658
16512
954674
248338
142801
968214
96177
122251
902715
33829
592802
159554
851163
507446
207112
266030
285312
21487
543986
134808
673539
586563
945500
679213
696321
437318
995599
888451
154083
456551
15346
13012
748265
479287
292625
18901
852820
522639
987474
954505
709021
511073
203096
389725
239357
84812
388685
410981
551724
54135
655248
836842
232671
29902
158715
795445
769224
477404
290555
339517
838807
561590
760352
561612
773410
143410
14187
197818
859030
673190
602257
754986
485995
621621
791984
114740
716433
975232
245049
124188
435322
444294
713056
640991
889619
241419
920703
435927
484004
144631
928819
795914
211312
501414
736854
699622
264348
159660
203466
649079
875674
678581
846397
644094
362307
940019
349336
992707
51397
655421
848171
394851
569788
504994
451218
992404
175927
480050
288909
83244
49006
770221
993357
908439
150126
747428
538858
773884
165608
39611
746703
855754
160443
295571
823236
421942
932319
986982
358419
453180
233890
869633
742692
515042
523966
301558
866223
791355
111330
500407
998878
327913
621730
914656
379987
81477
716641
31810
523201
670243
681575
218400
711465
553588
928600
467326
499291
309048
293702
161795
186896
581389
824095
511935
917617
406833
933215
326096
798729
720863
148804
402168
924810
503744
448312
486044
86240
703127
539415
205401
984574
534535
661501
916375
490551
596164
396012
239272
681894
329145
646093
47957
515878
597159
405182
705141
5946
423679
183667
1240
899184
129632
161500
75519
229754
385840
41251
682899
623990
320379
828238
463596
561350
339796
444407
850795
907692
705321
46306
733486
633491
588706
50432
937986
269206
777065
731432
609426
257255
100076
506279
861997
379358
241069
513083
457142
640142
399649
582069
218231
236430
786189
451962
49138
853586
814206
797880
959292
720532
583824
991986
60325
972554
751512
461488
839106
746812
45947
817244
632665
377653
817987
233185
92050
574197
875059
784912
869856
552025
795713
596752
856650
628657
872820
324501
323063
818377
633174
326709
359571
316384
107408
591208
899329
667312
759269
330506
604968
264134
314855
501938
778672
709155
737448
897734
566395
464648
678456
962162
868217
458125
817893
354262
694444
301245
490308
973969
990901
668843
190645
182696
541203
739980
769854
184465
36853
809136
955143
687057
552160
595463
997122
329757
939589
771164
649797
211575
750562
971461
854937
426369
420606
416507
191826
566457
201441
779614
450223
279671
973574
226161
814482
933866
929698
292281
654506
931702
974412
894082
87775
104286
799787
294903
462512
73889
368286
854778
798788
551529
49374
408508
206696
680429
44273
245713
618162
720294
755642
630846
787615
998957
783405
552292
883122
470488
933198
967735
918154
804558
135638
841676
195008
765139
24071
78508
420101
16806
641648
928177
247447
910847
807181
772112
215862
142733
842775
462592
890095
136897
801230
414783
340155
313730
975429
111482
470629
152033
820775
594802
993682
688327
890265
426261
398523
274706
341909
79218
614757
652890
807116
483523
482847
196508
34389
314030
949369
132301
324582
330603
567382
154927
616823
916312
122552
334626
37714
830188
312609
80628
172410
766898
216173
828837
523739
576935
843385
959714
320679
161586
366894
121701
638519
721752
56735
316287
499605
899735
77932
238629
685091
703539
120883
442768
253011
182616
146715
158547
838212
152236
5175
660070
980199
374997
640988
574290
784304
27727
229825
603655
990909
61387
255181
504342
752791
278643
601049
610787
440828
907454
253107
832095
770030
784391
207372
996751
293970
524415
82665
912051
680649
260421
932247
462980
71198
381291
912699
533194
745227
247683
261131
681776
282655
55351
545766
464185
714573
602000
427589
164821
454910
117519
308113
818943
864929
374905
995707
203737
99440
439293
894493
242315
199888
978147
904426
660825
876605
546078
503909
780532
339272
515071
61709
405495
123565
52199
304991
90642
242312
168574
74375
247560
813870
328982
670607
384795
530138
161378
915228
106545
96372
19883
42605
391854
587649
128502
663969
261050
179098
392898
292299
107898
697092
575109
522032
326002
985173
306141
896895
137646
561248
440431
191230
877600
680364
359434
816052
221457
709634
853937
985123
49044
424223
697186
433924
176790
41583
739061
685022
903420
833890
890103
162645
440324
218576
569049
431318
147629
907397
169626
675310
561521
727785
876382
52777
135179
149058
696994
429369
572386
509500
889718
399694
519417
760237
646435
69982
350925
929579
166122
422526
18071
271689
604709
136034
495663
520213
885646
564266
943088
625584
81883
10781
255171
497902
799864
146041
463088
910771
118438
283453
627765
337482
911182
803928
187116
228342
602380
858694
464949
484297
67944
303473
595860
182257
945391
527712
593186
436330
796654
393834
391066
413314
90027
758598
196515
543351
49600
314447
724475
875570
930677
61773
445244
271046
935359
544684
227347
13713
778708
418466
454453
4493
718841
818253
928302
19895
703767
632020
276281
830310
674635
774079
622222
725298
722780
67075
539332
117371
342089
262914
563831
355661
367924
624364
135691
738122
141683
900164
737544
232969
891138
931026
714785
690551
98588
964520
23366
31945
769489
5835
589075
116546
825468
589839
60885
4368
773472
487763
277431
759230
741776
71787
389286
496920
261560
382650
984326
513317
737726
689957
175411
573053
881708
904924
428076
981872
852004
495653
768418
309220
947337
957350
730320
517319
94306
867463
668226
460278
817426
139331
301851
475075
675737
717557
420006
369270
610437
823066
546268
815944
917097
252570
670851
869895
261977
894728
298559
641273
654886
413856
648410
133589
978011
147069
732957
529463
111194
668349
300319
349091
609068
426323
839800
489637
826792
685620
806713
518751
337465
215647
834676
530413
776205
240775
732854
787596
131414
118757
178250
541556
29916
604661
713790
274130
19701
426159
878770
622035
492393
837141
452210
571196
897373
488662
924352
832277
159029
263906
26687
41238
961967
683355
328774
693750
162704
767963
802549
561817
33462
957463
46523
229619
292464
260188
657359
343462
566910
159255
473715
986333
32547
986425
557727
347706
889666
504275
845352
603588
62071
361703
382832
758528
657919
820547
810650
974347
97742
653570
301390
112024
723364
628893
190121
658243
272083
802444
814906
590818
646763
131221
488139
492858
813461
853423
145478
619375
845040
172899
111164
183614
202675
870541
784868
483747
673173
761945
318853
601166
816881
631783
954956
303132
820377
477670
59310
16409
313511
61401
959657
277353
530701
872890
63034
47417
959324
811687
820717
294563
906930
897728
317220
336767
278063
515705
348358
282824
621371
484372
371580
102565
865853
842880
194135
391371
288337
754975
662233
116834
331324
307488
918167
287031
830373
706602
469828
207227
916234
378299
420113
541073
525491
891782
840290
789525
137007
408830
802102
608345
684428
279328
643973
669753
793483
69710
589016
646329
814765
695960
397112
521365
575749
911587
253932
900073
197315
959756
379929
520842
741438
389768
922527
335279
568811
934045
553800
21503
219222
490712
115890
96561
106091
57939
673296
84655
631372
15174
569001
905375
367112
915873
869581
347211
253886
505666
807657
881916
661547
700123
650325
608740
572930
532825
532859
563117
271181
814752
599798
556748
283836
108153
734338
557224
626552
641920
628977
301184
496688
987650
589067
876697
691425
768549
663980
815002
713797
86977
865796
175405
446571
542303
653528
956309
319236
955960
938006
173161
350891
258393
421087
131531
499073
191387
633177
786215
871259
697718
441885
805288
200657
311411
220511
940362
118383
62722
650005
328631
206679
809145
652981
2615
417827
196588
146147
635249
691791
239985
930721
122202
932797
619841
155941
310728
493208
561992
13072
585033
568684
432140
751114
718233
609364
859616
902381
48172
710102
761755
445818
658538
628133
212396
140093
986365
358453
587413
810018
953053
805692
451792
152244
228452
289233
517402
287009
167729
21672
585995
713655
246371
769219
326044
136539
521086
941833
749990
401400
546861
586
407567
737473
26532
844196
264489
495200
64351
474387
797722
188824
752694
972792
944030
332295
929784
238203
933958
155675
201414
462943
979985
528450
280916
781794
883270
133278
659094
436852
57587
220353
253902
736574
955368
354078
99891
518236
398127
540864
278349
767572
636922
582496
278345
181140
76419
573161
573197
916080
404641
831548
639004
518211
585291
133701
225818
749141
501142
519559
550074
702224
176628
684199
629927
788610
485524
555695
133997
692393
523170
574741
486522
524451
425419
74423
586010
946190
746241
955169
578247
397962
134895
68853
217752
833779
607243
460453
40420
988467
907641
170413
12182
45754
80089
330309
323796
352100
432546
916659
169517
149087
466994
583298
575438
257807
287093
398500
310899
403235
207672
634069
553249
130931
704506
624464
678258
950431
353037
417845
55981
657014
711195
550762
349421
343962
181697
740588
813299
410388
387006
170647
121737
552295
203216
124664
776206
891951
575664
251502
874831
16746
358538
630736
459148
357284
384775
324103
131479
92563
633362
498856
614626
816302
595763
401988
661217
763252
937314
46804
722965
763059
271240
52486
696657
370278
833085
810771
730216
410994
258262
838073
19698
718232
408999
170196
399531
57388
464525
784024
211478
263893
729860
275642
950325
355894
690935
888248
843576
638944
933108
733514
484593
531243
205307
524472
734403
745982
890293
969700
225851
392514
601205
951460
154739
631914
78113
162019
3209
749263
693621
34579
688032
128846
412940
798024
133949
738988
598691
378609
581173
32282
204527
342617
775740
525805
985576
849325
135268
747171
26736
439456
378924
190327
297933
764080
393943
398793
755460
507824
747081
45303
80144
859957
742204
563749
482502
678311
981191
46442
823963
738210
603445
631433
163842
414336
419047
509032
12031
470213
781412
422795
823455
632049
555403
650486
258800
39081
610214
55172
179357
414617
619048
298072
833978
771582
77852
429315
382108
81930
337828
876960
104136
200664
592804
221262
349917
736958
508860
608257
291180
342141
939467
581049
879074
193761
728140
845935
433089
396641
869286
723010
884363
970971
468429
915711
474143
912354
870615
749671
36608
67502
161337
494354
584798
717087
200813
258034
671811
832462
943488
635029
919741
181488
395272
708583
130179
35319
942393
845439
70839
734049
817833
78187
291907
246390
924218
921531
53058
390149
973200
80908
151228
483935
216730
891290
759915
579797
950539
412700
375694
338515
21141
76298
463045
926277
504039
440253
680783
192489
475501
242173
9103
435762
426952
361009
483155
448569
352487
826135
204158
863510
502552
667848
692064
447592
913000
986536
947380
546135
615412
687136
225520
246618
524709
214153
93969
702218
508934
550212
206932
593168
581637
125844
899380
706563
791151
848931
171683
486547
398539
928020
132554
872931
639022
299655
899429
91546
720637
454688
513661
743909
641732
775486
610790
662567
543622
327250
215114
54961
433447
507740
831153
479120
850417
390636
195681
252190
630848
22931
331212
934545
600180
966211
801209
355123
136520
236860
129394
19603
857430
484506
430732
275443
710014
373937
215763
553419
181409
300399
238356
184594
845867
981724
372613
719786
653039
191287
306054
517388
17067
278166
445240
85628
881754
363782
656229
579344
66894
52156
368273
262678
309721
303764
313695
776441
481267
348239
997202
474959
358930
726955
905658
314708
340387
770188
787293
955338
878498
548977
351032
86036
508900
2598
657629
913529
718772
653278
758969
880698
585828
445552
198792
583551
470486
718737
666475
192328
637742
812907
545687
977173
777900
779110
219417
310296
189966
595149
955662
512404
781912
904145
320549
37919
865962
7914
462022
498873
24889
898551
95963
774598
545865
490341
747653
76854
887206
750324
273734
70821
460888
793990
922656
104237
942270
385419
218489
775697
277939
622322
591923
708932
508124
722946
930755
580424
313391
627722
764866
412628
892083
760053
254423
281559
987696
250013
970584
438800
213416
230771
431499
675115
78592
543519
726327
678988
966735
667020
926180
707381
303884
615074
703565
368676
893895
795885
19767
859255
870731
369260
573662
303620
449434
302632
319589
216396
93635
4581
289983
860400
648570
680497
661296
581783
800081
591726
427594
439395
911241
156230
957825
187482
314915
363748
276620
962457
369398
661233
508128
882320
36658
505445
998809
657942
50568
43722
913634
454562
298218
161967
740595
672129
497834
389045
957933
940346
561625
684144
112465
531136
489652
551129
975028
178691
618256
277331
472158
16267
959869
932544
965717
270073
324828
297428
144996
920335
930918
619563
171663
495036
703040
526098
356276
770722
130675
629898
42912
212830
531722
907838
460450
726321
359517
202771
64211
943091
846506
890040
994189
64004
471592
398278
363465
641394
544377
314491
404498
890508
880529
885979
495612
101123
581327
930644
779059
290029
476751
501987
788710
35486
471055
457123
792666
425638
502423
514511
739872
775558
354822
163777
571935
363439
991773
988428
276643
858054
853277
823982
245529
714537
796891
877970
905793
541291
608974
329669
902183
816597
538746
843363
442270
69291
918444
169813
234613
771221
620359
381489
92039
733455
114510
962876
885770
845926
676392
61094
25785
862576
135711
939882
767189
43185
567205
39679
452981
16418
439664
192749
952383
937689
559979
252263
757758
876826
448229
320624
522952
166287
49212
128452
639664
925605
224721
166614
461916
408898
330843
310551
607874
325222
805070
704886
542711
1841
553878
953839
426985
820116
11671
210237
3184
480955
120991
51883
69486
649761
119742
138131
221267
32057
24162
527204
637018
230726
139473
355042
772670
507597
322544
784189
822265
961678
635674
323886
777281
885021
233000
427949
631489
538661
30304
529596
728164
146032
175879
792005
432781
423234
587836
217889
859062
216030
17966
404305
936959
997627
720806
455819
179241
305971
457150
608654
72542
301973
960131
200275
47994
641796
37057
119115
629784
212751
398765
138079
677330
924256
412753
11880
972732
619916
425914
437984
960367
780925
7507
342548
314671
546301
769876
919407
957411
618688
988195
374359
529828
766912
101628
438234
131545
328680
455884
838015
55599
797276
23145
126836
521267
674751
923708
702026
388367
529755
713092
524643
881752
154444
670593
434227
449479
715852
61340
113311
241542
585249
39628
159151
278366
934729
918557
790046
135691
905610
400803
834202
482606
787639
746367
192028
58618
789078
863068
853761
224162
207364
440000
78480
463095
561984
367593
283494
136735
400791
443534
900041
399835
604608
620049
299197
10047
550513
565652
30089
492830
800838
545942
553038
736117
528389
799539
275320
385192
238268
921894
654853
583318
401865
594204
779946
323628
913598
606599
835845
208044
356440
795393
773210
669633
392682
444895
594898
510568
645263
985217
719763
693608
12055
428221
37493
408870
463377
347026
331904
793996
542356
217054
422734
405085
970298
177825
543485
685854
507974
707202
717917
925909
250370
19599
310432
917969
874700
625904
881721
899438
546125
985727
500323
669762
507419
499009
310446
328496
781887
388546
339998
623172
682299
448480
259310
438360
418961
104829
931288
222717
505955
382014
407070
554744
389339
276578
218472
485927
169674
379980
86628
124233
97578
656047
589052
826189
53083
216533
510424
426877
380764
4808
342443
598672
8509
606065
744451
481670
322240
48427
493256
986225
715105
112032
26988
367172
588389
866503
859056
257543
811351
706677
175842
811512
273292
555326
799179
424906
606678
177932
342447
341422
498040
104450
524988
167268
801424
263786
891493
202788
112186
532751
161088
722720
101378
230181
434194
126048
454893
687427
860181
272421
847395
39485
635031
2992
123952
255587
576779
394550
794733
780086
419469
843855
765127
998621
527488
601412
412340
878482
420
258229
86951
70146
391765
34600
15829
145575
948125
641807
495821
562232
55669
145550
460876
22295
179628
443911
371621
418106
545677
64058
351097
700680
714674
241662
133579
245567
864123
811682
331930
227596
265757
277997
116554
686474
339310
667604
517044
88356
61165
626582
288032
758968
140131
923529
827860
307970
729820
411834
657226
515015
625885
595242
460486
364073
912414
273335
16199
439947
507436
595206
62776
683529
98293
744825
572228
612253
53215
330535
200987
393927
68915
284080
405600
359023
581540
250675
144893
211243
873046
893858
262386
791873
559402
253784
957087
376292
106643
897898
450037
307895
958288
186025
863526
863273
739435
849870
998501
697447
626225
769751
737696
229316
516178
386806
868543
979125
147487
701793
732276
201071
901116
831560
437322
919606
190323
970449
967162
55790
568111
435930
560520
26977
384125
777719
579557
423852
877964
860203
258534
947694
364168
974288
36120
17655
478578
561594
816638
580827
938402
978973
35011
503699
472365
552037
445291
982096
958611
807925
366485
427196
950884
502023
686916
559233
378222
236210
677495
74700
263427
873503
710058
512021
328380
294731
370682
450474
528007
815573
931472
91762
260401
433024
211931
51717
813613
661854
756612
298944
23901
595235
678631
194891
843716
914922
478249
27469
788615
737776
93378
192319
744025
140233
85628
234186
495036
548203
89594
433982
229993
787771
92690
942107
746985
799536
211760
291274
142955
408116
179835
692148
295187
489915
244400
279176
873253
438268
425206
765191
437761
248028
143921
492045
527502
792451
609386
524365
874358
302355
745997
441668
939480
133555
280026
692705
220512
583390
670726
909313
288295
634193
130989
254106
288912
708203
646606
837366
916919
362890
947798
120621
323966
464529
294236
961848
669469
830549
112958
341092
941535
948683
418970
386191
87888
908318
199148
755108
945653
537981
777390
410078
500945
644223
96348
98921
65852
701007
317447
489095
651188
130654
871985
291576
621135
445219
193766
258225
106738
156498
528656
341013
314073
505827
609205
423659
395191
3644
267300
82531
70545
286150
459292
68869
243888
453496
234757
525057
599883
958475
932328
41896
275923
591204
400647
481719
16378
738462
283812
172902
249393
893877
11956
820878
603007
878909
614126
124906
174724
485283
542283
887085
856625
417377
676458
128062
157145
336180
587161
600055
26059
68531
861560
630252
339465
424959
119218
617883
329003
333198
476708
574608
790605
938582
389195
455011
715188
803857
920667
562471
14837
53989
458101
116489
339293
615224
410066
796351
764451
815176
880495
713546
140949
99553
983257
508461
833165
77680
871170
302849
3006
497478
124183
283203
371970
523521
331439
546816
917853
576954
858040
833462
48642
835923
847036
509481
368434
631293
21163
453335
971548
688798
390818
248462
445527
192501
172065
791472
354851
157033
670669
688876
878922
795549
77515
85101
169059
363186
586908
38511
440675
610324
230613
724807
332595
639297
387955
826758
972021
370064
836952
204775
304567
855986
642336
612106
257009
377703
357350
845979
470802
936338
532027
766358
426473
495652
482811
897614
353166
79319
557086
860879
36945
665047
670341
794381
154096
127950
612204
782441
481758
490097
822001
436916
624514
640965
773106
975769
699349
474322
19779
682624
998573
502671
906905
670156
230349
247299
354501
584294
909914
320586
539453
263163
630746
17309
121680
449820
305299
853147
631009
851018
305048
885712
148141
272917
526940
216557
676073
125287
228513
468847
44242
207373
372307
121062
465344
36444
677874
163593
77358
303328
341075
652296
39217
484242
877074
492977
399538
797095
399762
152253
803002
476799
521549
116153
93665
372065
673052
569644
224863
386076
625533
769750
93506
769292
533329
429978
839219
107509
138534
699792
203426
964023
455721
905369
796523
773859
953885
286468
879063
268097
348737
931015
656961
473684
114646
964153
674497
350555
844342
907816
846025
313798
442006
946312
189956
222998
926934
62604
803529
821770
921561
1116
378342
949928
790659
245384
253003
27192
757487
281772
175806
349691
858801
580139
922659
42796
438904
94864
615807
358001
338924
67715
974118
875013
650827
13438
111619
594706
738943
143853
73389
467403
128156
344504
826688
280496
565330
490760
16140
489882
448437
810534
661855
390789
890643
6801
953913
235482
131997
453017
610230
616049
307028
109130
287986
745191
511163
903171
128395
251771
681494
412764
511290
330776
206154
41153
64078
293960
882939
940298
754195
42750
922863
647376
829202
493300
335600
389625
724426
178282
217369
705723
991584
17526
984054
423302
541490
133866
157221
566647
200423
21660
761170
443159
346744
848613
519072
452274
541686
297524
253011
429753
204908
431734
48920
225236
383200
72080
660297
393474
292884
587800
362810
439860
368826
863674
10767
507107
402128
565763
492747
577711
46428
155712
685825
503339
943558
652703
671085
255920
590769
327759
204527
170019
236160
961219
575465
325837
821848
351069
933954
278248
120105
484713
190790
888875
490315
509038
88685
674297
419438
292961
59528
228720
318696
299241
195838
684922
908445
148704
42864
334232
859374
424640
861104
517499
75096
236708
784604
972991
720321
62201
126220
932611
138777
874097
549545
239632
74669
63525
150366
497403
177683
72472
643561
823354
888441
276892
260498
116985
784741
447830
463593
193659
95721
36538
956652
822944
679972
566656
7207
706766
221557
580205
741872
722517
173592
990807
75843
114966
403728
168513
449298
340594
972796
934138
943490
982165
318874
878393
470699
346689
716021
222479
141862
214942
490944
728040
579615
14970
873005
894041
475400
833879
637274
305496
702145
979045
650089
76789
382515
27136
896853
777961
710905
371395
109493
686757
644473
786713
973124
283900
428646
300254
352455
225078
811878
260199
533025
46294
571725
316507
437227
287540
829610
245234
142662
489762
885670
606304
497116
950621
684086
208229
15068
568245
560010
935441
730802
883021
149181
469595
675349
850373
405486
951832
829119
724170
437977
786952
842523
313239
41939
245977
656935
654937
836308
878112
270227
419418
295667
514888
29460
229064
438927
345524
296333
631081
389586
691371
365268
840423
520205
372813
516642
257974
568142
253756
724838
808858
574701
15634
991317
382964
608400
399516
415567
297479
482604
743640
911605
739836
29633
97594
517967
108345
801016
516762
528221
234716
891680
5693
285660
110
700718
108387
842526
106692
321969
982653
349237
667026
958656
99163
243767
951282
431418
450630
261571
786560
623689
71675
757918
769146
751833
979409
720746
544837
550434
861296
228122
789687
463356
571693
534165
216203
156951
268249
954362
951194
317518
908225
702343
500680
400344
180159
543039
259739
155630
467509
806561
752346
690837
908342
516811
572475
39862
486572
279765
544620
817912
556557
710340
550899
630990
940141
756615
366133
246006
771186
426945
381011
114391
178498
790679
778210
599578
460136
597401
921095
420500
28461
647975
478662
384674
135408
148985
286540
424939
218205
335509
195279
220188
917655
737872
202328
839834
565730
348380
2955
207023
25234
788762
768977
87562
928784
356171
301718
931875
66202
112102
516421
751199
713587
623714
176775
489199
804708
488211
779565
780589
260045
796238
834636
652762
942241
352293
889377
638170
551433
893013
821951
949738
326372
310835
961978
275116
396282
158188
585863
389393
876010
281817
591962
478638
561066
60021
712785
749414
505944
81417
969216
133646
869447
527667
588732
756687
493151
476940
199042
301307
14129
236774
433955
788573
854320
551108
201327
534992
574042
61096
152418
925705
574244
121252
10653
396446
918811
161035
240923
7207
343058
733701
1619
644331
643585
110001
70064
96829
346962
431999
593235
535290
963122
830521
552258
687740
53987
716697
212295
631233
374502
944545
413973
664401
477610
453174
926041
566155
713765
325886
942178
56864
125153
177304
586924
560762
367
714201
438552
367728
746536
631973
101049
460993
398628
343513
639351
537682
440728
626111
607545
571767
810433
577589
740536
691897
363160
303600
643743
646472
257274
255591
75667
586689
218750
174229
131168
127392
77104
931063
865431
899881
918565
14819
746674
147986
677799
351745
267151
183207
294873
813426
816392
939607
785114
348530
487855
259158
966312
87325
419102
108072
172900
698186
645096
66360
679509
366037
954008
456497
118414
348578
892616
307316
972515
556202
700377
477942
453878
630620
515561
565837
336325
42153
641658
992297
274938
671656
983449
580068
772461
475029
707956
418666
111
655121
965394
894402
289570
975760
788258
618312
84089
584375
569050
440957
453705
489113
117977
890651
492421
444493
376169
236420
643359
357006
811188
944293
609305
363623
586903
202001
99863
579338
602164
803031
715043
909006
707699
943787
901919
827433
387216
89612
506703
174641
890338
387455
932090
186436
992541
251474
844388
283517
141071
101680
871249
385949
127436
130091
689611
142026
628809
575776
215450
764213
496530
26035
754198
431962
836084
340388
760962
656784
922872
1374
982788
254330
102800
23177
570792
186948
22915
582536
451120
669831
648134
100554
165091
440313
53985
42786
402615
719760
670678
986538
243672
851047
236971
320907
512999
433795
208046
891860
211929
108712
429989
54035
115030
317670
224858
229176
783696
384798
332934
937484
365378
980699
421772
782358
879764
629306
128154
994427
406622
911804
568654
996564
86930
970103
938280
747899
179403
115659
60815
711935
248184
677289
818775
529203
329234
874908
565316
160775
266626
393229
202796
564665
107938
907148
135638
295691
432983
608726
869429
164552
527844
661717
19214
216427
698623
459943
78459
496245
254419
186349
20087
415651
231712
704580
920470
403143
481779
491542
164881
560864
137764
618562
693024
195882
781409
558973
774522
924408
492056
654834
218248
233929
402674
189188
436585
527962
86630
830620
522336
453543
201664
86770
819400
556673
308847
731948
959096
779080
955916
127921
218265
731540
555060
225937
124938
440683
643369
916497
16688
408052
254983
703673
235942
979785
129063
719514
576138
751906
169110
462450
236012
395438
257514
862531
297134
719807
797120
444918
940476
64470
500993
950820
45376
307732
20219
998311
779841
2330
566641
710506
378079
198464
111286
661375
559977
874468
339368
267272
825400
627018
523061
978826
357093
206477
521525
89116
657468
11994
801701
211712
152205
393019
503529
987530
256755
365253
892685
816660
305985
132316
639820
316774
486789
894757
322763
70007
369377
376200
733761
524004
781157
750578
53416
103242
754725
607815
905111
621763
254656
928505
848833
678724
666429
425474
628818
166667
491183
471401
873679
436256
119741
452424
751261
111907
310547
510428
856222
878637
447885
807966
761753
484245
744729
409694
143611
984286
559535
747214
763350
552626
939683
284191
482834
179961
384986
213936
525728
792709
551508
780126
461516
601873
219880
72763
248897
57223
592234
466265
46500
301759
253638
924581
97061
40425
942164
513131
484311
994479
627820
38546
828749
829733
267211
540419
113098
450959
809884
33688
501860
671527
763420
385032
522543
351210
856103
706635
367860
863194
919280
614951
32165
956791
487044
957272
936649
505165
620815
106473
836384
122138
991030
738395
989298
629949
788098
79248
477616
731992
736374
423385
345933
412835
900348
923005
855118
271757
848370
129930
753580
5263
754225
55688
441550
574014
738990
116635
257647
387191
916022
25184
461462
723032
937286
336759
376602
125111
71203
769391
735961
218519
921538
570829
866324
466609
799078
433900
146567
243297
327607
383581
184345
243819
60483
700847
501216
317440
594612
602507
992146
200106
678435
692568
815982
514294
927531
6691
934831
928522
407760
678630
878395
61206
181615
973994
774562
767866
165169
803617
731667
579671
44394
475022
774929
458897
392607
494010
437202
225562
803674
102977
718405
128931
597994
644541
365964
323309
461104
40636
325131
502828
997643
614987
985410
420418
911382
258916
756383
44580
628881
84898
612873
41262
24440
939218
72381
343636
544204
928288
967676
583802
648706
883478
111326
573450
198370
167673
405222
724945
285330
186247
540275
733307
878546
900172
865090
262634
164104
409087
391661
773272
839056
258133
972341
889099
20238
997660
199128
947464
14351
622051
418314
504287
147379
701730
77590
687642
838277
733302
59882
192507
963741
142356
683434
444971
850730
898290
740872
70037
139584
122122
839217
208736
972644
956607
745719
56632
802141
952436
530450
61222
573372
636014
374803
523080
501921
648644
779327
110736
646181
455523
93739
579035
815401
341153
880790
663064
499658
299865
106331
427053
842770
341630
582243
587565
634476
426839
641876
255280
750698
283423
28934
485097
606071
409735
111535
199104
282156
536740
974309
839987
157272
838719
93630
23741
850139
102507
510819
988364
55967
267397
945604
423772
957447
894585
856331
402566
202554
280211
681196
836553
455392
71733
529078
119891
609360
111205
289643
661979
568069
552345
246017
931455
368159
694736
568610
393751
669380
591404
938808
849992
978204
610750
297762
823372
831716
548970
541912
540239
95307
222003
257695
178310
924326
206824
278201
782840
144777
279966
961965
123871
975488
59921
645353
878547
64072
596427
712822
226658
599058
653625
450402
649978
128444
30966
252419
369178
734768
453607
300672
457480
723363
813557
68760
620785
273041
714190
832166
550238
353706
584607
527831
924447
325388
823358
398932
264554
837321
649643
887235
572070
126816
718211
132845
360046
461
906387
440085
535187
402130
188850
631275
524897
375253
330399
211400
661933
520181
136139
742024
418925
467564
1311
112650
723459
213400
116879
597354
925250
83549
443709
853180
760103
148808
221595
346524
217554
583875
790686
439
436629
677334
791421
85329
557972
365573
80295
656398
399652
575334
266224
757155
898967
330378
141049
430017
442539
327652
746034
854389
618417
159058
570800
293704
716313
446935
449898
968235
840594
642866
795851
715448
295157
434283
384492
708971
440356
956192
130373
420422
443986
376521
158898
940966
873839
896892
662841
892670
131914
945267
562395
865529
382381
128216
86667
424831
91045
129310
995131
450511
490340
637532
188369
757238
397290
387009
460918
455157
935501
627172
837326
402803
326207
553089
982674
858098
287897
166377
92456
471102
748501
587451
936659
826160
857803
531086
153030
493208
1103
379864
526875
294727
784339
577779
642374
593025
191923
335688
323844
477402
658174
425225
201628
755553
491399
805674
270615
256544
31811
399935
752768
182064
327722
663981
425282
523436
387154
697381
172043
922963
338095
98898
277248
144912
4605
753287
508212
874518
341242
857
225829
270743
340832
54272
823607
775863
992403
908142
379464
102161
110935
821144
432726
816106
304058
765149
841843
42511
338557
519167
767757
821951
845796
469272
320371
111821
263967
568925
858974
998784
223643
115975
340279
337002
855361
956892
209702
825593
843673
627563
563418
555865
820891
574144
866085
339963
526865
420153
862850
50100
544894
182595
632136
293251
765961
545477
859807
149302
610509
260386
168670
814550
445797
592230
245798
177903
841697
378900
196837
159792
96623
314020
732065
753003
789727
748120
244563
433409
742624
925088
790020
379766
345229
200859
424735
715837
614346
76819
253005
9963
50520
988806
785050
826936
285136
969218
521498
807567
45973
663732
663674
644577
183524
474591
819041
957515
396393
494883
350000
28036
494035
316000
35448
184222
784742
726561
755778
641715
497628
745709
992511
423654
912673
632990
139298
843787
867503
728915
588021
224765
401357
961614
464918
955652
921633
306304
713928
584351
24434
427533
765529
725898
875567
68574
386513
460596
695840
449906
827537
53962
917265
111922
121105
988896
274164
211130
511583
512924
661902
557142
524684
624781
86597
582289
941748
537839
946774
848959
880884
427483
87192
662174
302952
212907
826675
681446
344788
122051
60078
601262
971265
765858
26902
292691
821603
836619
560620
633055
226098
996232
545706
402991
129331
722294
811798
416040
882750
442929
700242
3368
727019
192098
864748
765922
141569
662120
595967
773582
88061
362444
41620
407315
857336
824081
143397
820355
563790
987341
674485
381144
323209
897936
548748
663265
447001
717088
640045
999713
814251
848580
852233
644023
397539
465662
14348
200536
294239
41170
130690
680679
632978
97497
270154
788968
851069
240949
485932
863125
102204
704704
287204
980825
634106
548024
539922
694549
465388
668373
744904
288412
99699
396231
482353
9980
284402
119942
378611
879989
295283
694153
343044
158818
105666
592315
477170
968401
688217
153548
513989
653824
502522
93665
612360
383
579571
165204
188279
107632
959700
449035
759911
751407
938936
496958
343488
46876
576228
721818
103332
510483
725021
770520
369817
447877
753223
426732
698225
703853
756784
531308
131140
471380
450789
827239
470474
45807
395263
963933
568112
708804
867900
497860
450257
439252
498801
614564
431849
891468
176254
672115
598094
942250
250690
440192
61817
984048
864842
643391
58922
512228
26201
460005
534852
997104
700086
937575
373387
534602
299477
965749
787859
652205
332665
646372
893479
989024
847519
832151
84832
903047
793624
342349
698248
787626
460296
73634
537643
871643
61247
972239
292622
42500
821666
655279
290306
217233
752425
979423
738612
402046
926600
223790
394331
566273
837709
198789
680146
192458
426420
552987
448390
736028
270002
717210
535126
694796
955152
493702
941632
554329
457571
348739
330189
220951
552218
870861
190110
252520
38154
902354
33865
315226
449146
522885
142195
589697
344025
590813
112604
254052
197111
834129
134770
606778
168486
140212
351572
93630
465407
975055
703902
577608
294853
681593
740701
255422
465194
129532
835090
799262
339148
646693
720290
853775
3874
882825
495926
899311
687667
340590
789704
135486
504195
736463
912013
540758
478741
925035
877582
107404
826130
272159
988397
894084
353320
249881
319492
50689
119324
254933
225462
842976
111415
563423
105613
603766
330190
354628
187530
197119
997897
442351
989421
397815
861452
89178
298505
135071
293541
976234
457978
436908
959635
236918
7823
517625
265275
349401
107404
137973
942718
508386
428559
272101
348956
321088
518628
478703
600340
714641
85629
596823
567192
950569
577102
915256
201188
322154
415766
429957
117111
808733
394952
985502
541788
646413
595260
880273
541166
665969
850716
980477
565998
170129
967440
681024
656262
993264
49820
57860
989574
30093
93208
341669
291455
749567
906151
479068
74966
923917
890220
769662
14544
35137
159129
359497
177864
378280
34414
459563
872016
424204
69401
772617
549231
739282
147860
556247
832869
686979
720433
282306
756912
29573
322237
572665
246850
666259
465352
626163
346647
282882
373571
558476
90151
775640
267326
485859
840320
478434
46132
742984
929620
628915
620106
537716
976304
352693
124745
408610
478986
436155
793025
141096
9716
781904
479554
328851
7039
420339
743692
822193
35574
738312
864498
409728
468881
260891
788679
168777
987518
246424
369405
336241
174853
200703
45141
98680
125123
876379
49486
301583
923802
768003
554212
665556
628301
702349
171980
17878
999240
83187
584600
636230
915399
604010
739122
676312
832007
917794
479647
291339
347615
139384
21941
640631
839172
564401
23910
193337
491044
603308
567628
873629
380733
630084
418284
845158
851370
785856
344066
910029
297206
205764
174367
780500
911055
962100
916943
896469
939441
264126
115351
349310
384452
178317
219
414402
316221
457199
264128
819380
19307
904304
486161
512212
627773
512362
731143
506026
492937
378218
900180
413996
964790
947882
341322
278155
518540
792772
419107
171696
479743
242863
622262
699281
916476
79098
628733
939491
766043
884420
462369
644556
457144
500853
44965
102829
702023
835977
769096
824167
498154
327348
41485
388527
872518
851753
789918
522903
478712
770933
790584
676411
902433
582127
185133
327822
492684
379633
245620
359375
717817
758358
179465
295310
423558
413755
647666
783421
216002
157520
196618
549713
414517
667903
823227
473543
586191
305249
877778
30404
533137
667097
846172
775456
272024
281192
934031
32862
664145
45835
874905
742802
631234
841849
869481
725995
81820
604788
512678
120565
602714
622991
596316
743774
239239
671148
811183
970162
744737
975906
696983
867537
329947
830975
943217
965349
670825
341416
494163
596159
787187
469630
322586
897447
718172
785026
795889
325683
435619
266670
311245
486661
552141
251087
911077
297393
543851
638328
716036
406612
45253
750286
757074
778515
466667
592265
132529
646664
943642
235394
89045
440242
887033
890036
384686
626630
533903
515612
614406
638048
797266
8053
575833
822024
546367
401318
379424
954935
765571
800401
113906
751534
45083
670240
182140
146755
621946
816280
973235
85888
58353
878568
658685
542176
499428
137566
49137
380944
842101
493148
126435
106586
748330
233572
247269
909464
163143
361870
860240
338882
13885
385212
594062
392066
380155
711119
157294
626405
397285
868262
380633
270602
87621
406667
593828
921333
820534
946921
970160
68750
580329
820433
429969
873919
203711
778188
287719
885085
100641
310832
852500
133566
549577
963850
537683
215217
903994
619800
491758
165778
300711
103193
112852
206029
918578
196587
910492
421111
446231
337272
251555
919977
81952
285381
639418
256221
235243
808007
151923
201154
849641
787357
703500
413498
806335
951824
908117
625440
991546
824326
565940
246080
582603
944106
814815
930813
879527
64853
823210
225645
767777
787862
385844
385347
659712
705590
894572
744696
646444
820144
996781
131055
426522
477721
443109
873996
670064
391493
544374
466134
462528
853374
864637
89097
943179
450430
758957
293137
603248
488437
842622
249712
962692
559898
128745
930757
281242
865835
615662
93863
164434
88332
962502
360515
233316
628263
655428
795438
456051
620243
703904
938968
344966
700974
150181
712259
544895
728369
267548
336896
386450
353536
342931
39408
543151
36136
137095
309071
32930
102127
742702
560678
585163
152538
840754
743307
697173
148974
438934
629362
808708
643925
290663
460356
860343
565058
1786
352054
148260
642658
264898
939020
594884
227718
626579
625334
878998
784310
482519
742772
781284
217513
65094
647368
658184
598413
21062
388173
533725
404584
255134
827360
454997
25270
419993
613610
532382
776858
896765
496192
773450
927333
42962
626851
42702
353837
535078
567286
886642
686299
174438
854441
303169
24151
530060
148655
620622
200676
418232
284833
394634
300846
249920
167401
906506
591519
279287
466798
448447
282168
673711
215375
961811
510907
219528
142718
555035
795298
429390
236425
395470
347699
99878
415272
696604
656565
835105
569813
644923
942860
313493
67224
910313
713198
349719
554899
20088
573213
786562
152664
666988
764592
361470
298794
991595
26302
886797
306299
832065
525519
693424
936203
135277
920633
541749
482025
742552
579997
898458
639306
574014
416208
810357
989364
450908
295597
216774
899223
988127
899258
671175
453514
181171
988042
321288
501383
443025
604605
858414
939289
375551
95149
37836
212603
996911
858628
514987
32546
168026
247947
638902
239789
998063
823169
225898
26062
98453
502645
871564
549861
113786
718592
566934
324214
115086
826640
28688
787073
141236
725030
911659
425341
285242
746265
103376
747031
886728
171388
512494
714240
742750
763762
444867
150716
57085
500887
145447
583926
99072
499327
371166
648525
43950
674728
525075
600380
400687
783246
631426
103462
181424
631680
946322
831123
114534
75759
157110
45457
20018
237790
486291
354401
356484
412972
190762
58885
11118
487208
119169
672229
165430
72057
526847
741906
628004
159061
807377
158128
834003
943020
773702
56046
330735
456334
742968
973304
758315
628581
295135
38668
525885
958898
892921
156911
451305
812664
378460
927825
869382
276462
668462
197789
612888
282464
475771
271642
957955
773910
808831
887340
284128
2498
631063
12400
899186
593015
936789
682448
143847
625030
306157
680490
927192
798196
619036
344412
183472
291383
11983
869110
193456
131519
471426
258541
317701
814686
88965
261
823088
729182
135715
475670
992986
171991
591225
807433
165192
920359
160766
105074
691461
982867
500365
989432
824864
397621
50691
146946
309807
339355
539993
751311
970249
4958
605957
626336
518503
825513
596264
429443
402818
786881
557171
946084
829555
836046
426976
803118
863729
761222
869668
730038
244348
873142
871860
657667
73333
590293
680605
145133
58814
587453
665266
832488
50862
713279
650151
415294
895781
643233
166788
882458
770753
101637
117843
434825
256800
142157
340443
1143
830966
426864
32808
208833
665287
982583
51071
792780
809602
933441
779918
311271
216649
678909
380661
558881
864160
246545
200953
948787
694071
390206
349507
165849
876377
267827
212886
242126
351885
476131
397680
859321
249613
775286
210385
850769
422766
259030
57586
17934
292950
420091
885237
947125
46956
208634
263002
698298
556079
153753
13083
275112
737870
113259
513291
951257
779417
352891
887990
803513
474720
631849
334460
683690
818119
917013
951251
668285
657890
52725
959605
41297
601517
819433
932785
351290
566906
191572
139421
8430
490084
243094
574658
527560
15598
601884
219707
812167
819416
998530
836283
764281
728078
130282
631412
228905
151195
581605
312347
223418
381982
144467
346213
407942
710333
480203
117765
201442
190040
580018
151389
173913
916986
108121
740075
50742
495733
477527
915611
197252
727202
618432
960942
906978
320038
194572
707227
106546
929152
489959
951439
18994
270881
87884
542173
550548
565073
244286
62093
248710
295246
33919
187337
339034
830911
412255
109355
538459
809337
444840
165478
70993
684849
189007
426069
567222
644300
790608
222651
142108
686561
298556
77568
496960
662173
977162
939729
974947
650260
389247
492844
417140
215323
476606
664502
180168
124790
376116
227655
97134
78000
437842
669199
546146
102520
930843
748419
93424
633014
807607
495229
288837
382992
804120
533818
834693
1644
473819
740915
104248
88669
935820
292152
838447
629329
698346
71833
800721
279476
449256
833679
735378
92651
508055
3487
796939
743693
430037
494940
308449
333186
608619
606050
831799
223007
297092
519001
303815
180957
214839
371892
735184
308718
673450
762897
281763
640065
652867
228199
539363
683430
301336
918476
164015
66858
264865
169600
985073
767161
240516
418800
253171
914174
623909
107536
482146
592098
682718
250117
651656
621499
292507
183200
427592
249096
767517
627637
324008
614665
340589
629435
216074
676830
846402
24790
870740
162287
415497
436847
649509
338390
579541
555980
543189
434094
2707
566311
293613
196785
477472
859285
58276
82658
654034
667515
935061
366356
670386
759263
341518
291094
533299
529791
701123
640189
484012
438993
168084
893080
840780
91465
29825
64362
127383
653490
963528
257429
324741
119002
620474
400242
779027
482148
634801
954037
57268
184035
99457
146447
173818
752120
870229
439952
588625
147938
11426
757697
929936
102458
256521
618134
888599
237809
633605
956131
792648
619129
360045
604102
985198
656384
663397
41595
908616
691478
561107
255331
709422
369708
457116
181727
97348
208315
161675
789757
37961
100132
47041
915519
573983
223225
759190
589499
871814
618410
617351
976908
844802
739802
640615
564572
180262
244392
278490
461834
439106
719760
135796
283474
71415
17520
13557
817389
653325
567632
816344
85874
285128
755252
631193
193211
127329
824366
801
570071
898324
731889
391279
423995
209158
284969
133509
672821
808
42342
207388
453448
656212
560892
490965
758612
340433
124396
781179
236151
724076
704617
545733
699722
844879
933788
258014
241403
294355
356102
243801
251113
634607
223178
929094
848537
486356
733119
566895
960655
468832
708571
15421
269781
959496
903397
768120
514562
692433
788491
710299
316283
164632
949437
283630
849049
703356
559608
331747
723688
163339
331470
726610
195588
927484
653805
396561
941564
575034
621473
378987
780530
53191
421459
418441
441403
360264
885447
554927
456598
132129
1103
407333
98561
182481
803681
198909
663862
955512
875376
988803
919107
333185
874518
130873
752176
764331
353262
979140
984420
462731
63839
38245
563574
35226
578529
294376
816795
201188
83616
406484
924512
603439
338438
348033
264614
924909
88224
342394
402089
905885
97259
197810
735898
601711
202275
317481
356424
440860
174878
436286
985879
636741
155546
733563
797789
436097
514779
883235
971659
580878
992449
664707
691196
970333
204426
158360
204948
621069
385536
331179
30835
23612
524712
826512
559805
791851
265337
921963
323957
523581
163475
459449
446054
267257
720886
492515
962667
982717
54375
894661
152339
423717
133861
303914
367671
332649
71712
238717
278102
814524
417969
148022
460800
83786
560779
950206
614013
655448
429754
269131
560912
74079
766337
548551
154585
739545
400901
418541
266298
309491
204101
530965
461953
587672
288631
954621
877968
858571
19891
156880
289014
193778
94746
649402
586959
362674
964287
119457
387579
134681
360096
490461
203423
379851
288243
439633
197434
841777
811816
928118
480759
820866
557011
320941
986501
735002
532019
12114
361364
982419
995760
298127
146158
960814
571916
448539
767909
765423
545432
614173
633811
688113
75649
337348
846981
818424
912123
573021
576994
35170
308286
998495
660928
619610
232577
620186
856479
190366
342545
489990
788539
464527
513040
294856
893696
367267
290283
681303
400726
685309
268429
945737
90012
799029
690433
119213
228433
512790
27503
430899
51445
516841
337930
965626
423280
661310
708176
149842
80218
853442
518604
895506
115766
173642
83723
984068
25257
576559
956496
832175
958308
687180
109675
38877
201138
559371
18169
449595
384440
800440
903945
535210
34617
288881
671778
798007
936128
91236
392263
794239
840041
699988
620964
533425
550538
361057
475783
542136
941008
307764
249455
276731
663274
995534
366263
6511
63183
756495
738502
76164
677317
549977
474806
459810
700966
355927
960141
913383
940386
472045
130824
985507
868256
487405
121678
836394
338669
858560
949958
516631
622804
460142
915738
514846
75271
262515
268839
193193
734616
282892
554639
11235
399492
610265
517148
918199
180268
619727
102402
119228
624861
600326
359916
231635
114386
416314
661311
293421
330133
79103
858427
797065
851768
198482
440436
551073
118903
942664
538314
631863
494114
794244
497953
336726
690304
816449
312255
841619
191440
710491
736670
117370
844168
715359
93928
830445
311525
114856
808266
400726
504742
927883
564426
3783
19192
4073
976403
625605
952887
641252
378078
148696
868827
970128
302146
288691
62057
314641
768009
123004
726729
183311
494909
111723
889426
477322
85452
213412
309996
506227
347036
411342
371933
648361
447735
124930
797251
475313
882170
781458
442579
410761
965682
837418
634580
167682
511585
43921
980302
917276
396524
445400
313655
891894
377625
773248
305273
395819
798362
564213
596086
651649
732015
117569
145380
543776
893508
641594
971194
526464
761791
133501
754326
591400
791603
49061
193831
518152
235105
669331
619726
734529
416722
599176
338236
45099
20951
347999
852450
586526
255318
188334
955517
632433
618844
888755
48055
551021
144119
638027
178519
346295
608843
167094
694754
435625
388537
648375
70499
370260
553197
957196
580656
245532
829391
596055
912491
68613
940569
805286
118920
936496
58706
990041
984687
660701
221457
936887
250684
735093
482982
74458
191739
565088
281719
280458
174581
698169
330159
316253
575192
782793
757727
303652
97775
551666
455822
723731
627814
679297
259789
436699
313736
201933
178308
340676
281972
968174
503960
257474
294090
906724
927390
528689
979520
3607
639413
259808
48202
757249
630912
909584
229830
593722
605449
449620
160488
886890
708604
311220
351278
25450
938907
149123
529842
275504
992867
326811
613758
865354
690760
760383
398583
628846
667661
459038
541431
677552
713216
232913
674679
21245
515970
79509
178433
636428
739758
181788
121118
413052
996088
89880
552398
132024
772703
509623
600347
675106
177648
215728
505368
331027
612928
287509
990212
186535
131111
395319
557379
441835
733861
614657
633961
525755
719635
602835
937165
860532
370196
539862
595208
716056
720189
347197
117818
767226
129320
956080
868829
966565
263530
224908
219120
758909
182894
720835
264719
80208
549639
535468
722030
2305
920859
966163
929343
996473
271806
832284
172049
287919
990271
836756
985627
225302
792030
566978
440179
215186
706472
175660
481085
877900
642679
570333
138378
310808
925885
232861
168536
227144
15202
266256
187561
260969
337404
363006
330727
206098
884293
112632
126350
47059
876433
919639
267361
339587
692959
836790
8635
118720
68028
860557
27997
59844
149710
245293
320295
20157
920110
567841
238431
540801
405007
193970
69046
747984
853549
702796
939949
872838
464014
488685
702394
495503
546403
294477
517209
945451
219672
506743
470217
857694
86773
907406
205244
865498
627863
260997
420862
347530
168747
415237
11624
672269
637637
200448
1904
63736
634913
855490
556168
251649
668230
887691
44479
95332
194103
810059
525473
323199
822919
327766
966378
31854
830893
700209
500413
34395
412655
578264
254739
603242
934716
440940
166393
421505
764637
778015
597483
596367
83359
930988
592259
614245
843625
427850
784102
633108
866941
296167
296857
655033
315369
364383
122707
333236
33737
467895
726363
832796
291388
37312
827606
250539
877908
947551
613792
254687
125161
728913
489434
49384
735086
789176
950585
785866
560997
739414
951542
943832
623221
656054
553195
621755
493924
651737
261187
721208
943418
179332
563944
457261
155021
363302
394088
860205
793805
296758
346693
795920
321858
579296
329693
777822
204756
348366
525576
209938
96921
136798
939985
749530
586914
640378
663779
47406
867721
595898
702790
572904
127675
602534
346997
247425
439461
590546
582998
495185
109894
925405
250045
224993
518625
750150
756407
933119
596407
554061
741860
715108
167990
54393
103238
869296
482275
314137
849546
675723
135100
725460
613519
427025
547929
275808
721768
272344
262086
825080
632467
625594
499315
82626
853557
819485
387614
346095
62814
836223
848489
740028
260304
936914
88931
136837
751329
956731
706295
197540
730304
240056
483662
861165
652458
343575
686680
879930
481894
205982
574738
798808
453790
189168
403893
357247
914663
137548
599791
142484
347850
310719
56308
170481
821223
150759
933056
600534
863540
946626
79569
487265
961165
472408
327126
567083
716669
125670
646407
867575
126585
920633
422051
671906
801116
885977
843258
780521
329113
361441
942828
227488
233473
103696
725128
66506
590828
41191
662646
364478
921971
64562
42423
355291
247633
584466
892562
279915
945841
667312
8472
931994
355728
381153
548596
292182
393202
468230
487957
770688
292811
974663
93517
918431
654840
609729
508890
424843
694783
456826
692207
328433
919006
706865
657710
700065
832139
979862
602225
501047
844402
357428
942002
471508
558996
14446
113547
573743
86392
898987
273403
328996
201475
916611
696444
708509
238012
316141
288795
298137
851499
647578
835381
700238
407507
53983
88909
504245
77878
652956
719910
111000
49293
157407
970461
60998
756012
199605
357078
570661
470696
517793
346051
451859
475328
513212
660418
62039
214901
871041
643112
662808
758325
833198
888030
5815
20631
629487
623073
180474
728728
824491
417037
234384
163110
18217
861839
500983
640692
228228
9011
472289
430693
20723
391533
421646
637883
753393
556958
442278
324343
628691
846574
21187
815528
952132
72572
140808
276186
279494
655390
893564
792083
48393
214750
220803
130509
545696
95697
802400
490424
574447
92172
769024
694074
177808
681553
239932
762599
238063
714719
444768
594369
221174
552695
884035
761618
821352
757979
619296
130536
147459
573907
291573
364403
261078
275507
835909
287268
39707
229223
755259
934089
495376
430704
605307
948130
778188
243959
2801
298965
980441
3632
385818
735707
378082
143901
725424
348947
284132
946598
240105
973403
557497
889204
635743
193891
78808
561473
689648
889384
24518
620993
352555
922442
62806
881522
516573
897166
985128
140301
621927
569670
556176
413018
790571
630383
920440
713751
784445
698546
202754
812321
809338
946317
934758
955382
401161
84750
205619
950248
415985
144385
601640
288651
393360
596637
598810
665578
145200
622663
927481
380804
45576
346719
991469
272496
817448
109835
839559
216670
995240
502164
495443
781847
636529
888166
939364
955990
148216
230856
125539
55126
601054
322366
407686
124100
364557
304018
281960
730132
283812
468322
457257
935047
47710
290927
351986
928457
341150
290301
877858
696067
758462
575343
427695
973420
39372
12992
525954
92351
3433
510646
736774
195966
66223
863835
289461
405811
344289
474159
491134
628059
607435
667583
421460
290318
838206
672178
110223
248951
970254
665887
320264
292401
474985
747171
110424
42041
163216
670759
167929
181496
402716
560707
527705
10629
829179
992907
630448
195726
210910
826603
86913
59401
224818
755101
605472
23824
778415
590002
913494
893024
807410
160335
975596
597337
302780
61993
507662
64251
880243
221054
819045
727237
184077
52667
282995
790007
869133
14433
284874
942112
820773
861999
981985
595207
772166
385832
161092
484216
752591
677195
295224
497245
112659
762181
515219
967534
960183
852087
62311
315397
579435
852891
914655
629620
171213
779729
246152
458108
657039
680183
729266
727595
545978
238635
358950
869333
137422
725855
157691
381905
471848
139745
451922
594693
216982
384579
362991
319996
162609
554786
963075
262665
711669
483218
382596
979703
508712
671338
23511
824094
833534
927149
22340
975558
549010
564000
508366
588578
467850
607492
979733
264109
259101
259226
814694
379458
645315
340280
883456
357411
183245
597136
143082
201739
746543
878294
987013
443628
204162
702441
352841
69393
661124
40367
319645
133311
384761
776318
145730
132099
534392
156644
566979
27377
50558
156431
849144
806730
322498
136082
318785
496854
77978
818690
441943
77563
239372
757819
855671
666632
155095
670881
241276
326926
35302
551053
144578
579363
987607
161560
854362
397725
310487
10852
890543
718436
885328
15629
789825
501678
652083
588696
76877
779334
683380
964364
696174
764941
574861
513328
810997
770420
227837
934757
386587
280801
840524
745088
446370
70179
715735
536058
301617
575924
268346
135423
892481
157537
989085
205838
599101
531662
945015
620638
944896
911451
561701
385932
584291
104556
236230
871568
454804
718738
372005
485808
968991
106776
512796
452239
639693
409605
885525
768294
437852
698530
295002
446103
942427
106243
479220
28712
282840
60329
514793
572773
904786
582428
541353
223117
60746
191476
506835
898297
755958
152622
393047
14830
289177
980344
43917
995137
486370
621409
821782
108387
582755
421252
203913
167863
969788
929291
449309
862727
962742
18210
269222
471252
394433
944290
723454
843132
66995
189530
150493
594059
162645
797260
107887
151415
316540
855547
825547
311332
388489
235044
828034
233389
7895
48002
594569
196837
620660
740308
332560
325529
641244
236026
217815
249027
459307
819750
28658
697988
305215
293479
770192
466936
618511
23822
103802
158755
230316
980217
563871
461297
248844
154480
298521
36945
290428
56595
384966
190494
341522
35222
661614
208161
721329
834481
645743
611499
860850
253488
12904
548035
133806
387725
630080
314780
432573
516522
581273
779047
310057
645282
455805
289906
537120
309505
856936
42915
323574
845241
852643
550022
976069
885844
528555
818401
697783
495312
568031
748340
799403
723553
715605
612028
906565
492803
359111
302924
63875
616930
39637
534026
478780
400635
61773
388273
600124
32714
784286
938169
100457
731697
557637
802215
230258
308194
54442
669876
106890
541516
635803
593454
714246
638854
477028
6708
238376
169163
783697
207679
938455
669360
599332
84911
711075
604114
178138
399109
133050
487482
47625
575792
464449
133458
858077
648532
570961
446224
611694
906829
723934
868594
750811
71834
140823
976675
883121
184118
769209
128996
337887
373532
741270
902728
4594
91743
77880
833366
448288
813770
162268
863356
98064
91176
231138
106837
208454
410084
779953
159854
872980
76565
84294
716202
504682
866321
974430
521321
724129
319310
16809
766864
480563
792540
349303
455139
644300
387335
271643
757582
595870
111014
586896
231300
693153
909755
527401
232429
830686
808439
854512
700463
499824
453424
115518
705074
97087
670141
662096
405962
599608
2593
763549
606851
316472
883243
346286
656654
172096
378048
954938
693853
977729
590299
292031
981152
39087
876773
450365
634071
567963
496521
621597
437914
591889
64056
590650
234747
966722
399308
427586
135111
595834
645119
742523
837064
940159
223788
740635
186659
822738
746541
866013
926055
161927
413785
245631
474546
97797
727968
478117
981368
617755
172165
557338
8068
799994
178895
634602
370760
562603
904344
589180
176619
681942
743690
667084
971624
95119
366040
779554
264190
258683
801297
916364
637966
718700
385475
194246
597386
501878
809990
319618
17830
222403
899675
462484
336204
497989
748753
498723
777112
596089
520809
154184
772134
194372
779191
531731
96614
571251
629184
929279
370401
605645
215289
336807
235938
749892
788493
36564
750265
105427
934436
687984
727248
446314
623826
866339
115440
324582
666748
957099
580011
348694
45327
73360
185004
548078
231631
978389
833502
450259
683668
385212
111801
802851
7407
809398
558587
912029
585411
111107
514100
949141
637127
16410
191571
682392
820930
652157
278268
946532
376372
768142
747914
728809
982335
237329
919277
649929
762167
807747
945825
912773
738106
75540
875018
908636
746839
42880
531938
249805
659185
692215
130226
182800
100766
604370
379720
147169
6816
860152
70995
149600
629560
732186
441813
125978
404781
19971
365301
690304
637467
769995
718321
827350
900108
55644
743536
165069
887754
808189
670783
126548
190310
262367
37936
281338
150853
83624
971721
996793
95830
321749
807206
558214
559045
68609
651856
609939
941862
445678
716052
21936
869446
228586
389516
81238
549839
723914
336856
475182
394124
641717
983757
468823
250996
647454
675514
561916
180706
412676
981887
359100
373501
89935
173128
193434
593269
216642
5310
105064
103333
347503
845190
240578
49924
568633
95952
845701
31874
605413
51215
997124
59975
212310
507487
520900
399072
168165
371755
117721
279877
179396
27907
568011
702669
538621
874942
116081
115998
807512
54093
326236
970655
13352
291326
360661
110157
512054
80157
335611
312636
452145
274425
11305
936786
938109
784567
644262
224020
172848
387922
610863
249851
47671
892670
364049
569382
364628
821852
90463
982995
527670
818158
658412
657153
956591
884195
379213
897572
181979
890718
191404
467253
222732
294496
460713
850495
430505
78874
979815
980649
357501
262113
642108
66395
201243
888542
742055
401625
245695
444542
222013
730103
963162
758919
318008
188464
873339
495489
434811
390906
106047
622049
359297
955949
653662
920400
515715
835501
605000
798959
677867
759528
678709
35436
965097
927413
15691
40617
521919
265654
254082
218515
187110
543352
816475
657194
549667
788306
110076
327898
851139
940370
225232
881445
940355
623652
56916
769649
370726
127190
137612
230650
391628
661519
114616
671746
650919
32974
177758
704061
867079
884075
106824
391513
145835
762685
625699
190696
55060
468316
152951
345339
441690
149094
73527
751143
984767
365306
710849
127172
128598
874913
891089
811946
670196
76296
360114
157017
417980
448178
333798
194012
605941
621699
439884
513647
24198
698202
987047
805733
980696
543647
630251
601326
749029
262700
988160
291799
868323
424859
663681
357786
707697
685030
930143
30722
124728
460861
286965
253118
889552
778898
558244
678806
89369
22867
312070
784459
629725
120927
719424
737057
709813
998286
332101
706113
120937
615667
422173
884907
955157
742686
180270
224001
998263
420639
389887
262010
673949
562355
512670
6580
708259
551112
222167
979337
787794
709601
610601
423350
203496
668200
409762
769012
1811
840422
244510
851777
353748
371914
538069
711525
634927
243089
398300
810421
442742
599834
378786
818628
753382
528867
437085
799115
106978
960776
861589
730662
585868
808953
683355
215107
994288
294127
41372
401222
367846
792077
643710
852737
768621
625768
931786
736459
904567
123654
830930
564246
987175
624651
883426
864601
548093
258967
629868
556467
517525
194271
1170
995127
620694
927503
698222
534929
608358
149444
62905
941899
762736
463297
12314
652140
667408
247163
36221
823090
90201
917865
729133
147370
861697
319353
844212
789270
446630
110444
896399
144503
4183
924014
695984
323458
571041
841429
317733
213233
142772
687511
201433
958484
386366
167812
705832
439301
496028
939741
475752
732551
150195
377720
696590
344591
823589
825928
17585
638656
510999
457673
233187
933732
971955
318888
167266
673171
125149
24546
843867
678238
712921
725549
195839
932521
943785
265083
312610
59243
853245
346740
746367
93464
306029
275100
382842
740756
155417
425816
230124
556183
463912
760373
394106
486133
551766
440405
317849
920440
684639
627916
816846
451006
188763
669092
209742
718983
861894
985755
446331
303604
416818
672692
641733
986153
601015
671613
207532
161137
557959
653623
183005
771411
156934
737871
586800
443421
145554
501709
682850
870805
469712
128002
942056
862948
769886
197541
559612
107376
805670
323226
962037
4054
249836
187317
400363
535156
56520
656712
157505
562203
997477
918195
178110
621312
280798
341562
614307
108941
972996
145314
621331
103598
595057
479515
774270
428732
59136
290614
655191
8632
136010
866544
151233
680746
578189
874836
448693
955383
622565
82988
238873
704310
530114
538473
499868
337833
851981
65188
678808
580314
295315
134778
556826
190474
1499
441912
430812
157519
342271
241346
572905
849700
328933
119098
340990
737311
930286
966293
401008
405238
781729
763696
628572
476345
259002
988048
214235
313821
900386
28985
618811
428632
54760
743686
833207
419755
75263
263906
165846
118533
475549
770706
11453
104674
383099
400375
676963
676512
832910
207612
160956
284311
721817
514952
989739
498286
948829
999065
98371
481825
61366
486531
145677
229118
600332
81371
681914
871030
298899
80533
264331
30785
674893
933165
827861
389928
788014
423953
556914
43222
983049
1605
431811
185847
992531
444886
284697
629946
670476
499840
167112
257880
341908
557838
19867
251466
791228
30657
92148
353422
801493
351899
797315
935905
495295
451403
221923
25314
644898
893553
14852
105992
988505
446307
764154
123713
851735
248786
824394
53308
792175
248507
773238
562220
965675
779255
101687
409112
471451
181255
892786
321739
451784
63180
196150
684930
730496
931112
951690
750702
629230
138410
631688
826074
21529
446584
748806
949200
903759
735065
1570
686673
532334
164322
790726
584450
18769
448836
54693
966760
77735
329239
643517
83333
191886
971877
30795
220572
718860
419185
641939
919944
208366
914453
274050
226591
174690
618341
155608
260642
942051
237159
742890
996332
588740
581125
77370
727867
788973
609353
582565
147368
138215
989361
742381
489432
707129
377309
431479
214144
933426
893599
315956
883030
63354
392263
549520
228310
36291
787323
813980
638395
288745
203139
716285
70750
408436
583651
107762
820233
678989
594779
464061
868832
254109
233658
315202
696552
804991
327729
377612
460806
969022
608960
810081
113067
8779
757694
900842
403811
612253
285133
205362
338430
150479
21225
798908
589248
336763
18169
180767
77675
332673
285388
867996
459244
584128
720291
727450
550340
956550
387953
591833
864965
895018
635209
326543
285306
613256
826987
220457
491100
388495
237817
705948
118318
41218
107579
407130
875648
731947
679861
994294
639305
10366
454292
577781
725829
124377
457899
974795
305519
330060
467954
322514
663278
785737
739473
967718
673963
718267
124206
845957
871237
651737
299885
61805
237006
470300
926925
195969
48689
973069
978852
6324
54123
237138
784229
301909
909465
815988
642895
533102
265076
783953
847699
413720
794980
909729
202769
954436
557614
391393
341081
374497
589990
125904
996141
733211
114281
169059
87214
427872
49371
756066
748256
446061
489703
478424
497782
156604
814253
609462
254290
762309
916917
718705
632266
42079
335391
630598
827188
367677
134967
841285
412869
203707
215205
669688
248323
799845
375070
16841
571907
355467
610350
545918
700629
80798
127640
892245
664143
618603
307576
636802
186459
889007
487333
527921
401408
518697
339450
514982
738025
607042
426050
969262
979906
769642
500741
187513
708293
605965
545202
238914
983000
298752
881410
416380
659022
803432
769978
638578
437382
226856
218958
805855
532537
348622
546826
914570
205112
359180
247011
633987
84364
536128
793539
795238
95575
37095
26472
470704
988660
804746
686393
238130
868593
204290
423140
840812
297466
812735
43147
384862
962572
619372
951679
216617
142354
820788
283186
119728
431874
349601
606317
546951
659697
377624
941926
693002
287593
753044
218873
95123
634528
872888
793846
620591
606313
764188
960033
359748
194157
85544
405486
382856
242835
31874
762497
237448
901493
134750
379039
589202
783440
525085
559373
232182
843793
703162
175973
365435
915644
266703
94057
482384
62749
312021
420854
311134
320453
6861
816809
888626
242926
915831
267985
61418
973922
377963
916413
12787
12461
132849
435393
576172
833075
289115
584770
850873
621816
275096
237248
10542
946191
984125
301595
366748
972350
384586
244517
325681
680850
261205
981984
33329
668693
130776
281810
531997
606011
61117
534233
795242
999229
326683
126067
314845
226927
49385
487685
144130
327352
191769
44651
631579
599645
700743
429930
412070
832268
824484
216065
372833
518873
994166
673275
945037
92865
860645
187098
424805
822631
203480
413493
373135
402649
398969
294794
300174
607409
10599
984630
884073
343146
469098
853316
511943
636962
245467
557489
442900
498970
858625
74952
544422
203396
97909
336994
816046
153812
665349
245710
952298
958798
397348
582496
414947
650119
898210
986311
594762
787812
720592
134717
250709
856553
506322
267383
311986
569726
322699
945394
465958
247564
621558
948134
459921
770948
585469
429927
846427
195729
820150
451704
498246
667978
786504
59093
202827
346252
422038
723398
697656
616340
691338
87140
985986
507821
83920
212064
654746
255899
321097
659632
22120
104506
145085
821127
151222
810237
535454
11870
515338
271597
652872
79893
282984
51090
458147
821420
702707
120020
93206
883566
556593
832394
535758
460239
25080
103999
344394
398879
555145
763966
534282
249931
250844
79834
4370
653392
762526
969254
592722
664216
456308
513465
67154
33753
942194
138955
867337
84386
143360
486824
630655
543462
2083
628293
20619
560705
624338
601487
622854
109813
78435
551561
403745
657447
677147
673194
354311
6275
544397
545830
103890
608302
545689
334622
289484
99683
522457
717719
819805
53620
124312
607495
213074
344685
189092
155305
92533
662224
61383
302114
731688
354745
146910
580828
244588
842772
390469
629846
896992
897839
622001
226788
786617
699583
35378
18819
937230
401552
727219
948931
733328
294839
926736
39989
702266
486170
571550
135484
331122
29779
305148
228157
323940
303955
733577
926862
50878
32103
71288
429499
975714
90160
720289
210579
822538
469597
324103
733630
760850
501584
887762
259962
454175
215893
720839
989444
828776
125953
283191
31922
35739
130997
60338
651378
543876
69428
727918
755462
62090
252367
363115
797872
128963
656385
933306
952535
607173
279461
956770
356797
621285
876886
964030
13316
518208
496267
737921
217262
147765
549076
906257
804791
41083
11558
434038
506200
592378
92116
25447
985528
636863
17747
315880
721970
684812
228752
524802
332111
212000
299339
378323
850573
524554
540617
572157
833120
469766
556703
187051
754817
994755
860311
346595
36606
394232
996022
251621
639075
930707
990019
602363
184961
99046
783449
208972
15189
864845
155023
739131
300698
944211
31842
482861
714257
878315
121600
912107
748772
617665
189440
854615
939046
462996
26219
769465
23372
64550
296105
985349
926404
21358
299166
682231
329807
885903
128609
659438
829299
934204
180993
494756
138340
366844
681273
906938
799764
811703
617657
692457
513629
527213
344145
566981
549369
478945
308144
740139
597204
499150
255
333674
650433
276580
356516
588249
937593
982151
19424
713740
468747
195086
710144
950950
665420
49987
311508
212122
903854
394493
84803
861628
866316
147201
222484
866608
982683
575909
961451
852496
299637
639462
309771
49548
596690
163210
41735
487497
49105
609272
286270
738887
626770
256983
796717
375674
501849
978796
691473
807452
6414
944471
825483
605513
891972
216023
405524
365081
829151
550081
150068
456488
332130
741722
988685
871100
465952
336693
482835
586616
630574
68432
735718
541151
337607
201159
158079
404125
610400
952450
806891
601544
761991
567552
190319
736702
806584
423201
509711
936919
557917
969344
536684
504585
347362
572820
828555
798691
425030
95088
487257
163000
969637
252806
85162
965584
654147
335234
894639
79815
64661
40209
592440
896585
233040
871449
838640
365765
467314
341327
759552
604442
630999
434431
798663
748519
325593
988609
414713
674876
893941
756248
195402
185407
111711
398269
787103
323133
195261
253487
318443
166270
442752
79230
490248
182603
963671
864675
91566
486571
53664
740267
815578
412362
864591
404231
518051
604900
619571
787146
647986
875685
853234
5486
165924
595673
777199
822310
332974
121562
729069
346963
349296
265188
550166
983875
316869
1953
758892
282336
326763
25846
593786
466633
700836
876357
208063
342096
855454
912964
51840
707394
971717
676043
274427
520485
9699
840633
473775
337466
39341
785430
201480
832722
842272
650105
553855
762306
935317
241461
681005
783586
575145
632349
378074
626951
142228
422522
887358
681546
148472
542228
216312
404926
234257
576857
881532
183030
668222
10611
347182
884550
427835
40069
952557
639028
981182
20042
994392
306955
587370
107565
485929
762585
583913
882375
321603
82355
703128
541219
670589
556438
171707
903363
458992
238586
757828
510469
171196
835677
488734
371508
978036
368752
321708
519145
286928
215213
655874
719962
133769
206298
741534
453608
988838
130018
126795
913512
137108
491124
483185
506155
440016
446096
584869
189096
334912
73422
641154
805722
516136
910915
578344
493808
287003
947954
532252
161636
793946
493309
858985
597502
729552
277767
631070
959490
975106
417563
496877
42774
850994
734523
186384
76377
723662
819364
865354
585298
264451
265451
21662
608805
65308
125172
627265
603536
396303
391061
43643
246141
362845
533041
652066
980921
130886
859811
808983
13556
301830
215515
995250
453857
594823
621498
546062
836325
437530
318039
334114
510664
461900
478396
903218
845938
621450
561447
319342
789995
250514
228283
990671
597181
23315
876744
976257
302001
721410
234211
172599
924041
252488
694319
148810
234549
553131
866299
455120
103575
279156
461222
917727
133291
900818
303062
372974
512522
917993
65660
359483
306011
678114
707823
32807
479896
657294
193223
74996
543893
608124
743574
698532
380615
13836
69879
810009
804810
788272
431133
12072
514502
727283
229412
55676
970498
441126
342488
546071
965214
173400
733196
782191
392680
796962
312875
232807
6751
654450
544536
537831
74279
120521
382850
930224
872576
389334
59868
400399
942275
699224
804636
127755
857343
104267
128664
141982
714426
588191
279204
39499
944114
760546
321150
697842
566021
180208
150528
288642
725784
492181
775518
4389
509251
213975
6188
82605
411327
510850
453862
68346
685612
398307
109790
884920
589547
592228
816692
485121
471473
16434
570792
872222
468738
99288
302482
738420
799818
121907
529491
27777
229855
186187
512846
650660
829487
372334
673092
547014
170338
248585
331153
75129
145115
836358
590738
501891
758549
289999
603900
682509
186196
326682
785759
970849
441617
107531
662752
566732
425011
534742
321756
651895
113471
754168
966323
491776
156782
708582
761254
517632
80897
99858
508009
874667
924615
899031
177496
954275
673261
375233
878095
135813
506795
501156
331839
958242
292614
835239
25501
866254
906468
85572
80705
926801
780098
764299
407404
135001
362853
831752
820576
737408
752072
610690
189537
745568
61555
206452
828828
868573
781264
600807
60994
399182
262302
16456
409270
929295
548290
404334
938042
638987
945221
54506
99964
87116
164951
147077
673197
44898
779999
600179
157050
716484
371309
834790
661508
873494
562505
60022
701228
102361
984387
575678
580401
76034
656901
438915
254068
461299
325713
471980
158326
177690
892824
950791
524209
492858
908691
271438
867199
479785
834309
181647
471809
178633
962037
574091
64446
388333
908079
739077
543316
519025
808130
428620
471301
444249
426657
740685
417740
326606
909022
429162
466277
961397
289698
172064
9121
814354
939534
234550
691989
563294
17425
328727
178091
901034
785776
555124
879320
895651
855190
949400
971073
135386
286916
326333
498165
810082
417093
883323
227041
513873
418410
813957
590664
38214
98205
26739
942380
511635
655850
14446
793201
309653
871616
313444
636570
882361
8704
647055
737833
621139
33966
888590
176642
513845
638742
95482
487233
322406
880669
306458
616859
291309
346063
552879
114817
241806
127081
120884
814833
427249
487653
255611
924807
182606
655591
125529
468787
826046
522758
929986
617508
509394
734377
986985
833400
298074
769122
154653
943320
30797
962600
840129
357364
168290
563248
88745
28468
118311
854832
701787
736310
319802
125079
125456
783982
911598
876389
658662
473300
618347
893524
967217
933154
689045
339322
944757
201010
603476
752850
770646
817390
216594
773880
836551
548675
466365
906040
929684
95548
837681
101674
765584
375589
382004
735304
236890
365843
350702
983571
866032
60547
542905
265246
162632
958445
33783
914820
895182
616056
852310
973733
981352
314894
351143
958726
151151
799656
713515
252249
248224
511511
519703
326759
33369
135848
354957
755042
794949
461507
931515
362681
908658
30823
620574
585531
121818
635502
400930
940796
558939
132652
264204
784050
529949
925978
517693
347306
770246
509089
724712
100660
773300
534311
625730
626419
909505
387032
967971
983617
500218
658025
181789
942201
50190
777989
596526
459636
804340
317592
846252
182951
676429
700318
846721
439493
8292
294667
48144
324715
946818
771711
129765
646416
399716
385110
298244
311278
319338
41822
829867
586547
573556
273632
702973
244395
342607
976062
586494
284760
508525
994721
414902
772324
106306
607169
491822
871739
808590
957913
148050
729341
553491
646950
874343
28454
952992
207170
892789
346123
746912
976034
41411
371625
773971
517685
648082
514852
742326
561740
255769
180197
251629
158978
287173
591031
869061
98483
748070
815548
185811
439826
541095
304699
672493
519558
388656
916634
425245
928145
241881
686709
209023
103851
230353
32863
739582
74308
580224
137344
935955
391343
225017
604392
928588
947426
34728
145803
522853
866268
301910
93705
937424
468562
986882
312681
93814
640234
943015
997060
272356
878474
185471
505664
772541
999498
639125
298250
842150
35025
182623
558278
142145
496250
356051
781286
586834
855654
826271
774213
665802
110761
476012
436969
728962
643726
308943
483222
537793
652904
534666
543797
390446
251401
930447
140995
464173
490861
129217
34916
970692
204879
921134
86960
695424
486247
740175
479696
786477
587146
618347
372625
63357
82444
353029
529218
985316
583886
988233
987783
431059
177843
229205
232826
366710
209692
727597
167332
103017
776251
724682
750663
742245
533755
673658
53000
834044
485266
909108
196414
974917
308005
285156
693941
692457
495246
387655
361564
287532
851728
426830
162954
756117
306218
314842
525597
139140
814153
415065
388558
173398
727657
952400
500980
935299
407886
147311
786136
438038
865629
111918
792744
599240
643668
238585
778428
369580
275352
212335
20214
366447
332075
84418
265662
722320
255317
444258
442665
37346
411694
211685
698404
803405
434846
80973
407584
802452
46349
737198
178443
994438
75879
578304
77718
685638
208727
842807
782756
722723
817566
215784
448598
852617
548975
137908
182385
304384
975040
669634
429237
960809
238089
79771
661112
934821
922320
582816
112133
360200
498038
820992
956931
6700
457834
435578
977656
758906
64952
307848
465283
170582
447368
437884
70416
422986
952514
933108
962922
586917
87202
451901
113640
576266
48878
906965
932869
331070
394763
513727
541316
882384
409442
844050
184516
171009
748155
438693
733931
566488
899783
659452
675239
764522
776594
692882
966600
746373
173967
866380
848979
342927
371480
679003
32663
115310
732746
845582
100062
172757
901872
638511
311332
395653
218210
548148
519961
455898
743801
120911
420035
618152
624931
504715
299849
627661
732920
944863
64038
512865
976148
104603
549428
183075
152409
185730
727915
356022
496498
354961
943696
23851
643235
60516
629735
47825
115662
246512
505070
557847
428336
127851
360993
100212
333669
517601
730155
641276
783160
687083
350357
768518
689782
265367
78902
712968
477113
512512
85363
495840
677621
804595
133711
859845
898654
438042
811504
841685
596756
361641
43236
344173
886056
876544
198222
664527
119035
913913
891108
839838
745918
591523
84446
56331
503215
826213
513235
75308
383795
193556
92860
568406
635823
442091
825012
824182
977370
22014
844356
78313
840511
799287
772532
331433
336317
894650
932216
776163
215115
300457
969766
474157
992001
303265
172291
120879
830873
160699
374035
760772
956197
193589
73542
938825
984652
471903
617015
612590
858130
556796
749945
869655
896686
84214
522806
395832
137224
478613
837564
224866
10508
983128
910689
169403
291930
950414
870532
491643
9672
390160
553320
834389
105622
339661
510208
253704
941312
534272
886045
428196
470942
20128
636776
972333
392650
774493
620020
106794
98551
356493
939568
675758
348573
66971
642973
84904
288605
505283
717722
900381
488485
217427
390456
218439
545030
873550
317682
594202
507523
601101
450077
755203
869287
766068
116978
804430
726404
127300
961597
507091
872362
369290
511270
30801
771836
8349
450627
613692
381702
608754
84745
982990
315213
202473
27210
249415
635850
831617
156208
615562
302161
652113
510420
223005
232182
939636
912496
397158
695586
440124
646863
20973
723912
261640
749837
965670
246800
559856
697907
628127
525596
729888
695090
578273
64956
750731
108905
491278
867844
598478
579609
933561
551265
828244
451745
369056
498002
943392
964656
128624
90902
340314
855522
200754
359608
272843
776612
880807
75095
230204
867419
404773
734234
431702
460720
775583
101227
155483
676742
749954
572571
239986
5893
545943
299674
863125
790950
433545
253652
764246
684183
335632
387243
656242
126820
125428
512385
455088
756135
243158
721863
715037
680643
425904
505976
633726
285482
794047
658369
40093
819496
210251
491912
12032
854160
338018
882999
671861
635546
742726
540489
545091
536179
389716
973393
698468
468489
54673
300379
800682
793788
297772
363201
649874
560124
558972
617992
271114
559092
931015
465176
160513
680734
488751
39987
210434
329967
644991
137488
506164
526391
25647
685430
70633
475401
416021
205579
577837
756968
671729
126937
101950
321564
379213
306715
735264
675531
552902
104360
389292
425758
22563
42485
392043
584092
310128
252864
52962
839416
179850
438179
836001
752740
881764
925588
906187
578622
240387
760038
766488
175213
204362
680528
290008
837807
77058
818111
265390
745716
507252
922562
478052
520054
384122
656141
234650
519978
835188
337095
338216
428227
818169
67980
260386
463907
367194
736684
433542
789894
776882
176153
322625
813817
385673
736055
143608
309629
328980
895990
720252
674068
498719
943686
61303
858293
447630
670517
220491
418452
847159
253669
381619
25710
51985
656983
595852
460299
596152
561216
614214
296059
402078
675139
347005
113514
803490
314247
251548
728606
145117
724730
674542
349883
243469
145755
348672
357528
797485
216021
271915
907951
474470
964637
567316
106388
651780
225358
193904
272193
330129
817116
498974
509292
957072
271908
75559
137537
799373
894529
675994
503960
821109
640076
413025
264130
166336
164169
159240
97783
708348
661585
268283
890313
259257
468633
916131
749621
731599
938880
431820
798621
941250
803616
293782
99073
971041
250301
167022
780867
234765
324023
21424
701758
996047
480026
950075
933717
529681
757289
91965
556032
881203
413958
804304
407007
777571
933879
61162
523906
599704
257543
153006
149110
753636
404279
694312
514167
704375
946636
784376
349339
168288
436367
753657
203298
518999
681778
338174
368101
166245
725691
56276
648157
121839
601288
414030
503906
236857
286086
730909
194780
542299
69440
106365
679837
170600
959352
479595
570949
861401
888482
702031
346792
136740
405228
927061
555582
271038
380572
830384
123414
139115
917694
831264
552095
720339
55449
676663
206004
611661
734767
106607
737208
416950
365918
407868
159433
410213
967563
576403
521028
439431
820443
902197
374614
394550
429409
260697
372154
899030
110870
136951
388505
355730
814630
712566
112444
117734
822093
507348
258817
540626
235320
509498
689706
70029
937569
718522
971378
571992
421896
375939
812068
148264
123653
343005
268585
701194
871188
820670
144994
688183
623765
746284
705325
800472
142603
161776
745862
635380
837328
569103
331533
193639
298663
66083
893574
300218
884129
805485
641418
323809
262431
585677
989149
39548
36176
841093
493792
46939
874434
584898
766562
474472
469721
949782
27694
824317
176561
381089
367798
537705
627851
247279
771591
111289
777692
999648
875816
888576
598042
340115
563611
532751
323979
90660
357200
717893
466402
489945
468923
45924
600403
880249
619015
524704
444760
333017
928662
774342
222684
743095
489278
136866
351416
331001
220238
505449
853781
870171
325224
35521
57523
969166
503314
427972
120360
105455
399602
113038
416773
728602
664248
975744
103615
141421
104124
668975
998804
284292
502520
632052
593467
486693
632076
774676
941388
177084
89194
991078
609131
954918
929176
843853
592669
229237
39945
299101
688130
972289
462344
472112
149910
182342
500961
43536
679714
145237
60310
608616
180775
810295
833566
956737
717670
769377
3271
652354
646976
74707
93880
254677
18567
294489
728874
337829
694789
170451
288138
413979
52690
372238
536971
55236
695858
675844
770796
848197
461478
519038
585824
462629
608107
559967
548101
88733
613384
907395
282295
598357
598181
91383
822032
743243
235367
567368
92074
387751
220369
205778
653809
906458
836505
637257
398485
524595
717275
693445
944751
10775
227033
835537
972223
585702
910952
404966
94483
170837
456633
233345
41739
757907
447294
177874
557608
726890
601900
892842
135980
47574
810828
896908
543204
260517
440691
189803
76596
642759
239114
185343
880391
757366
552691
818269
997409
410498
498131
947483
519135
87692
933255
525950
340793
222809
539147
50810
777120
289525
400857
167003
598232
530265
95231
942023
674073
307108
713330
861078
434338
156657
175595
652756
221500
394088
294767
299753
163966
942528
94870
693567
607319
943109
666764
964676
614351
121380
558713
301438
997333
326318
984273
865429
632320
101748
936402
236926
993658
646665
441166
215480
775156
442685
693912
111991
366555
590557
256869
307446
108854
822206
798059
351619
879562
997892
199469
388721
298409
99094
749908
130492
280683
111445
89381
350113
577930
757865
174672
58494
923989
239833
860442
39614
214890
711436
536085
77677
864059
279623
663952
505531
169019
568367
419372
820679
84589
538427
319715
883998
974844
854683
733757
480220
947709
500486
165963
519495
996474
447045
569195
992049
363206
965673
470632
370577
736675
391485
188932
750549
228377
745018
367071
437376
798542
847080
582263
977983
711423
330795
849305
988225
174090
614927
688109
904902
25946
553618
705266
855507
398488
198761
119906
598024
938820
949777
803420
864079
487387
745077
89933
520062
395914
181793
259441
199218
27121
503307
160611
73438
499946
315215
606093
896328
304559
207213
610314
14654
458774
283562
577481
147415
851639
240344
711915
289251
585711
236403
614980
254660
16214
389576
657804
877577
445351
652632
285027
477262
817056
47415
281349
924563
129863
825003
40834
598902
117119
891031
19656
337873
312243
251785
364914
319554
537893
177951
640776
417656
620773
499467
529322
131984
64733
186751
324004
335799
354862
475584
561004
226180
98208
920030
556385
10156
85999
955027
697049
448401
820853
292913
18934
157308
731919
315723
876762
794228
556575
416981
231864
368514
852051
69484
179236
61725
950825
411080
20554
89966
67399
223104
763800
614925
319844
636493
205070
385605
136630
509739
730065
486232
741595
247426
492665
47680
145779
154764
78090
682475
725900
151529
344710
394434
739417
955241
110517
565714
217691
959510
125323
117242
940267
499627
75592
600746
979281
952100
294850
742782
816715
938049
594211
349294
421278
20494
528513
113220
330685
835853
104341
139522
347123
157667
513907
488843
787946
897723
954595
355987
71506
913595
438848
4118
401488
266911
167330
775960
488224
247931
339364
496461
173768
524725
139317
512800
415691
210114
451671
324905
998675
133003
800743
308282
519712
467689
491222
292720
308235
962778
961805
384397
69178
599936
527816
861010
218661
858320
332865
346692
851613
343015
987338
55211
22166
603682
746181
895154
163816
746114
586476
164048
70351
930297
296960
576015
688976
703675
858773
659053
595378
903242
321089
426648
932761
363021
975844
950156
609370
975019
147621
478689
284448
66846
800241
184569
599330
47004
466563
637075
155035
257969
677358
708170
346955
616478
52887
903507
513435
916597
116848
349934
986018
642224
586399
683396
519053
903983
344080
582272
137205
326797
654360
644086
250976
242868
153331
474871
1810
241020
375423
464952
704137
987115
89172
648829
16705
596033
390769
613378
375983
533656
471155
649795
329020
105172
722647
391562
733727
432664
867753
251220
265712
256879
371411
317920
944656
375839
122850
791671
465959
508103
89506
298622
496283
905368
802060
230346
330109
629007
688931
754398
2935
38667
626335
702970
710287
4735
894381
250922
673408
319982
166780
779833
676235
513335
999891
777729
587140
203359
798897
374677
521986
325617
432908
545731
380499
637228
451339
399363
660722
230013
695980
903285
521121
959364
231
812400
376162
721057
755194
485790
562348
368871
60503
495165
703357
477505
831573
456821
552322
592037
782901
981695
617287
436952
864834
505316
453623
825474
203683
978959
487456
914026
495783
246276
671695
882682
899108
38842
870499
293759
568009
413577
385266
258921
819166
211685
942733
271171
927264
314523
775543
981154
462941
679768
576366
823527
629441
210873
320140
763770
906422
56937
891591
198287
643423
911643
44393
448791
814410
774261
323411
105653
576416
219996
991066
96315
564695
634205
70006
706554
193442
836212
17376
989981
387403
685642
124304
124293
628116
962418
452084
911913
545722
874703
118660
41735
785474
732457
362854
619099
257119
229677
479554
66013
892978
888013
266896
967754
641462
581818
204523
785654
160563
111568
853498
584389
141346
470862
705383
682587
659373
942139
164466
940514
55685
302397
673842
721754
83261
774046
878922
451483
669155
454964
128035
559994
237204
848261
470578
186118
139777
480029
602551
459396
948202
363935
544433
525139
914652
91849
452416
859254
72423
141486
7554
217105
865516
257271
690400
620091
964494
571755
784450
138593
600886
581841
506318
325592
881841
857278
96249
315946
543868
808945
230165
557019
666865
524433
297811
585521
203893
82739
963246
880143
483015
635310
656768
535857
140129
446921
797022
651066
817448
26691
535455
175595
203048
76573
307145
904471
583906
949597
254216
330354
656103
492469
810579
276667
998944
252455
958374
780818
121536
732198
747987
389125
699693
580632
185448
123004
983157
570260
154442
832092
454094
2334
192385
908022
967580
35040
922581
310718
546490
155157
193901
389404
90573
547384
332428
164751
256860
404032
639249
589531
689219
510654
599371
399491
939488
454975
113489
411652
279556
201201
774077
568330
285710
805053
94234
120091
158777
94506
415734
243760
398912
834514
763757
840535
743760
61898
98110
24327
483272
448625
47392
604725
306499
537951
617419
71308
912829
517028
59715
961554
879487
172462
906562
832806
757265
256531
446381
633097
832479
271912
551354
962216
194474
210662
156486
521340
292449
740526
855273
630391
72039
733086
31552
287476
571038
515615
44651
652763
219998
218169
398120
603333
345130
243743
360248
49764
57311
935842
870518
79988
489649
757286
787173
239385
446058
368394
909101
890300
436766
69626
257308
529553
694569
51198
335238
22927
249703
90244
290504
620849
259489
756535
811831
341247
141832
52541
969750
895284
470519
374057
355954
18724
382847
914518
878949
150400
209654
992237
949101
657907
647352
287270
257359
666781
140785
411666
420571
658596
669757
353204
35235
366049
890771
49721
770723
333943
591594
29541
334479
533840
894472
343737
270724
343063
638573
133543
261721
846865
259668
980742
279736
911340
672146
906776
558008
215834
635043
43306
216850
133569
934853
816580
528513
609648
897100
253980
166808
678501
974570
540839
808026
16317
589780
162987
883077
738947
638252
234047
406532
125225
988423
838006
338649
833864
354970
86173
444978
366936
911006
653811
366254
958677
144167
944328
955470
858982
941299
748796
618730
535921
729863
637431
918931
341253
482050
67872
708652
320195
642788
385402
785301
722989
375045
428273
386632
739284
328265
513999
507402
350289
743595
984599
490782
703871
473047
435724
657857
825592
300927
95398
720445
670524
458150
923154
729470
255240
365381
526399
529863
199104
139168
656971
189063
563722
99580
535105
238154
902713
361680
104054
740474
907785
108305
529574
172060
567610
283479
670347
956849
986478
402363
825467
409171
898357
803102
581906
81886
784344
136811
783062
35889
139593
242663
376983
993479
52169
884468
187084
428420
964152
604401
467420
552683
579229
769497
540788
875650
676651
101611
325316
736346
976043
796774
530849
619620
136505
707650
8776
500682
651417
587935
164983
583980
715132
834691
20774
761947
834815
555939
957541
978169
1291
150124
260931
404762
165582
742354
470112
776066
244020
529086
368807
842175
743931
116064
405746
637502
913360
923893
42948
896295
999958
344736
497161
449618
491451
17861
981460
956519
755033
612593
753172
648037
433002
120647
273656
654050
585517
320998
761174
499132
237916
418755
794981
912949
326844
582504
683226
290262
244126
770704
280425
805439
590747
840559
754275
706724
605815
741872
198122
958137
993329
43159
29111
949178
182561
288363
476810
150903
646887
832917
121806
262545
249423
160175
150325
9831
369179
74157
684830
955792
419929
51843
872987
775240
207928
709709
724317
165098
730024
76952
223473
334253
17694
600331
186048
13226
284513
376735
758981
65088
820058
382759
534224
797727
340866
960816
598476
175506
876613
735431
706995
81454
103313
652514
794
649668
577292
675975
995044
40571
180508
90478
724165
337330
908739
526538
233644
791983
987353
996673
541204
626500
278656
895645
91548
653966
513590
888926
184588
395195
81827
419888
70484
195735
405750
816111
853237
156334
268535
361415
340495
800553
143345
500436
403059
735546
921047
19397
915983
372938
468086
357312
385603
908533
625615
441842
202675
455257
572209
250160
325394
951579
798622
33222
711195
318237
886615
986026
574674
709263
447923
714032
872064
141802
575309
998439
472301
528412
171080
323798
969483
11872
23165
316576
967
888329
149016
510386
843392
463231
790227
960464
222455
711959
69245
270665
349842
105431
368200
658871
305825
59253
100990
33126
919694
445475
820433
148847
552606
518218
444940
830563
729745
654717
683003
564518
451298
589671
940855
279207
473212
252689
944391
261061
156659
548407
500393
199698
348864
936159
229071
467670
790270
962282
536619
199551
50937
953528
656468
624316
740181
891939
564677
401050
565230
505778
507326
21562
20180
820413
357039
81806
377849
487004
653104
679911
78983
583300
206611
231578
254912
23856
955720
63962
563049
687466
400500
496028
221791
666343
667050
151716
473066
433682
273684
553288
478457
136975
356238
872546
514457
75791
890821
408153
545552
345802
978610
53102
627672
89334
858453
708757
846402
977121
868358
160696
625613
500430
147132
273774
69164
785538
623769
755495
156284
285643
366056
313523
429652
506787
11550
930897
329349
427355
855502
566659
761090
686977
470942
533769
216080
522666
946598
70443
462964
106637
771710
764102
634682
387746
940555
71013
982557
463992
167916
510236
419336
646818
775618
631304
28016
178534
203759
106742
647452
819450
21108
943756
116935
281858
285278
976267
672379
696011
698970
201069
166787
280822
438772
581121
832910
269386
666374
322027
150441
717547
386333
572763
799136
86779
882044
868576
545785
115965
794408
858489
803553
880934
391598
75817
515566
848523
216348
724077
798470
131074
339756
377803
112402
433008
708685
820787
744384
89578
21423
798132
261865
720756
233216
725683
436299
228385
581303
821788
28835
958084
275486
701693
723263
25412
27925
567705
300248
899612
522603
590511
77896
261905
590787
146075
329116
999744
986485
775627
580169
616841
474074
578331
264766
942743
855160
310987
701188
824549
573357
438539
583544
553200
770449
641154
419905
366696
593297
558164
776486
361037
168124
644730
132255
858791
149715
808666
237503
315161
252201
580298
562853
118626
678218
107270
662201
563235
133588
758313
177409
182175
128381
420170
611751
811473
396315
878954
382627
536044
443376
880213
18873
274890
538649
974509
787732
617
983953
27574
276291
724459
964667
290435
224111
270818
146012
36320
817250
641755
580550
118963
745925
859594
498215
830781
888129
420867
27333
897321
538097
439610
448171
719224
828510
746920
700597
800338
607002
334963
936629
444440
522862
440102
99160
311764
855367
673917
656498
765234
253070
573890
537456
388531
29830
732171
254426
308718
549534
979129
14340
729793
610789
412252
168170
287893
704667
682996
275908
81586
829650
687434
804567
293030
219421
521914
325010
966788
686715
597691
172952
582183
307718
336619
243598
771299
864328
63735
38584
567395
615689
112059
212439
883120
323483
418048
486008
752451
449555
943819
156590
766655
118284
31100
543503
548516
933782
549765
813110
777028
436072
73357
538146
331523
162395
101940
698070
816560
391801
276213
857924
685871
286455
765987
115489
932004
906439
341514
588672
128958
569389
448581
201742
48120
50369
609255
559139
243754
207142
830085
97820
240851
662022
388682
69221
25990
472286
353964
827269
850294
509819
938722
906782
55215
903610
670703
536208
337114
395482
222959
432590
790220
700102
538941
629818
79346
146135
120551
12213
451223
766775
252529
252429
392140
731419
225798
681209
139874
523371
455205
610658
719068
907604
762054
146711
317240
21525
614182
878916
810647
154528
117592
45294
785393
987515
192135
837567
360022
460859
757842
623079
457061
960283
901980
266997
342302
301516
275021
707641
110053
311776
470745
505311
155769
656850
856494
22125
792153
468043
514392
798849
363678
354101
306118
645641
12023
416300
339074
326161
789493
754059
676992
10149
293391
25332
104317
617945
539925
708344
872840
997199
173243
602697
51749
115989
773609
46174
858815
57042
363463
753760
385667
563341
514291
519514
721085
730259
891424
192735
784729
837055
680039
883827
699510
296215
10689
610945
511001
416960
937349
280003
231227
98037
505129
192390
287320
539875
28083
947935
778317
359770
962879
96225
476044
152883
940945
877347
671528
54082
193730
293907
450358
604434
347380
757276
245966
421764
673493
485667
501866
127400
140677
517985
35643
480541
827067
652093
10062
715852
412744
444432
369757
700320
774472
391897
973049
568375
207203
753477
659036
251184
432938
129603
787160
989617
722283
872739
762418
892324
776095
811495
126869
560638
958976
158254
13926
303195
922096
129448
83802
140218
352990
500554
697886
402378
484847
810609
639043
535289
99297
30144
341267
681084
457962
168726
34121
458597
661673
217267
274050
25109
827324
130829
213469
141945
50297
417106
132010
704555
369063
485495
916102
503896
338532
355557
698659
400531
663300
29421
455816
12311
275283
781826
773743
80655
910987
510495
613424
134079
244857
325080
211125
351660
577440
274911
470271
105363
400030
183523
892705
619386
659276
904964
937924
137719
139540
718030
121475
104641
167040
977290
530586
900759
826477
242028
308261
895607
576109
505847
130988
821117
114335
939255
466490
633889
168243
997763
393938
160784
119735
247697
822759
344918
26818
404401
471688
846257
18059
540492
918942
390189
979271
372499
29450
843896
405571
581257
492564
993688
421493
772873
28095
828059
114163
833934
837057
677491
957404
317428
650096
893131
416863
179865
160608
455836
761874
816219
228695
299681
195034
82448
709160
84943
558581
280159
998551
993977
114258
708760
742404
469536
890743
810565
578470
753850
620512
439816
117915
739746
634801
893235
282129
502046
202404
769922
398954
193309
593535
951739
589659
860620
113991
394476
765545
758204
482515
461169
225697
809194
241873
256601
59756
562992
387182
951373
943400
371549
404736
375209
974363
857582
871285
730757
863544
312209
891323
778989
980139
620961
390477
68631
375514
952910
176288
243035
381659
915728
546954
802451
689205
870790
659755
491911
224262
362188
433809
937718
15328
988148
139579
479494
286469
175469
264087
529523
81975
809199
80214
14285
498956
807642
720185
470647
548936
306561
608617
673669
419686
864496
809148
956212
223736
936006
1899
458220
157248
745844
503114
116841
985891
181236
692575
218160
933281
84014
985044
99897
444422
177915
265182
795091
968446
871487
219585
904730
401978
141030
207255
673852
651494
553111
70882
676866
663948
48377
707854
481908
177990
421053
140477
695867
831971
298538
225905
579170
928593
399774
133091
79140
485833
74271
844546
701402
258406
587847
268439
502677
763632
338262
682954
732808
105561
959385
512410
352343
18076
347562
458573
485647
760810
543135
32495
728622
563566
556752
417598
633317
832239
510258
321295
608735
754957
455591
669490
395973
417675
823026
389485
418025
766595
464315
701770
142364
74718
27109
49289
729811
928178
9524
144287
853834
937742
456066
443614
668763
784409
651886
263566
190040
966174
600367
707771
399449
307816
925998
119027
514603
187470
746198
755501
879651
843901
653971
831340
665171
409491
595782
207342
976179
169884
433853
990910
428394
355137
546493
842930
876406
379984
452264
96354
669564
808572
945288
569868
151767
677996
757452
563841
764852
461954
233058
907803
678223
650644
351778
883254
638834
449241
31338
824453
590312
496138
713156
21966
598401
529710
397887
505284
375764
115102
276273
411885
323585
58331
719230
897527
470908
946038
560625
957042
565274
11090
737802
546584
691621
436389
940197
246971
962712
287603
955403
762761
272588
370432
491979
899141
574171
404553
942919
724434
642950
863670
810827
135785
128383
96569
365324
580571
83338
915997
708332
900276
466621
863698
458421
779836
511464
577947
108381
751038
607715
544469
243125
646010
569762
327338
87481
197729
600454
156721
800455
236315
969500
552647
287605
446483
299142
520975
835334
550177
315835
517842
781809
90847
966896
888769
56237
822628
114932
361084
695893
470710
96159
680949
467636
142620
244480
902923
578188
510744
270275
350818
935920
765093
244328
555058
138763
765100
450290
846551
835391
357740
438177
357933
591280
4506
180482
310023
76621
948818
99159
533621
103592
768236
685466
303465
281469
593066
895615
612091
18364
229884
453461
567925
857484
436530
831314
678651
484736
948455
818628
981922
439639
998875
699112
999882
382146
437790
244944
925019
376661
605494
656989
366837
148635
801621
320939
708304
882712
253797
385352
686009
620384
718842
667867
334266
624845
877354
760685
757066
554415
508641
238503
427166
170006
773005
102449
550187
107501
448124
14878
915124
586093
128571
81304
441108
378022
791576
462430
432580
318453
311087
468536
636246
830907
693862
380290
378573
524913
109863
502439
765093
333514
479344
667743
762787
826587
36058
352258
743386
370521
505112
386026
339105
797085
48205
454252
750988
564619
665378
876393
640085
51469
597108
521434
371270
350052
81785
132614
967822
747856
69696
581233
440966
366695
237606
325595
141262
579256
182008
185450
614143
514081
738801
731153
66783
160362
236900
695078
211557
712852
523318
81469
862237
780609
954307
670113
851676
257722
779941
967754
989148
422771
388241
970292
553197
564400
586448
761948
860263
951526
337389
698484
695267
846873
332290
992133
997544
851485
280331
695000
932249
439877
604057
560265
167945
313867
3660
719358
836958
48606
48058
690885
757305
313619
243680
576781
654806
942197
898470
886719
380855
947088
48141
178959
20346
230837
304781
697773
750812
369211
45863
845935
743461
943236
196363
347535
422821
404586
62928
599026
94374
446863
148271
729550
786167
115693
147055
983463
787163
800274
723778
26525
570388
886870
519036
388664
975650
401053
768702
452577
369430
245907
473556
333134
382766
29851
220839
451506
620847
411814
169181
903219
485824
600428
680669
410581
294283
625918
107611
204343
930904
295217
474970
799165
425291
36477
250963
54737
526165
77537
489398
43390
478151
788645
861995
314436
379579
392759
28317
731331
559579
319442
106227
632080
215056
426235
338250
810123
92918
837913
730064
429553
656292
725697
64823
524126
907326
279773
100594
610987
289498
826045
448650
913689
143021
585952
949914
428618
876237
100033
55069
353915
157285
332351
681464
560739
523206
844890
913376
333850
887601
951379
801001
78824
468885
557421
542544
939226
865420
430245
610423
712693
144220
83100
723251
461591
97335
607502
420981
985142
856020
377419
112907
958384
112535
981300
271399
682391
347381
273929
681236
589045
337784
135007
283391
602681
461173
758222
480107
610204
887160
670139
74941
262922
225614
726229
590215
220097
24174
656243
486925
38542
918833
312239
192358
444982
824846
749438
540614
679697
133333
597403
866884
742480
627649
358395
46456
25256
706562
646318
795593
502115
533455
714870
296237
944374
144911
709667
829663
8890
944532
308006
662507
690419
224087
911240
914396
452071
26505
867191
961805
593949
987810
301451
847689
49847
39111
735333
584975
894143
959537
654471
950411
830175
929649
51317
745996
662051
757628
663278
365529
546214
22294
772191
884682
583027
408278
77761
728376
835353
250640
730078
369516
738639
741993
586356
661524
511488
303119
898716
800999
466505
387455
268890
364398
915404
151275
28709
417364
38319
686848
729140
908088
670380
706755
537341
548874
570612
857796
155667
1398
564620
556356
13653
18515
795419
372920
846581
466453
773262
937844
319675
496741
645710
458339
23271
762509
373274
382892
859686
775900
434220
198450
386759
300435
81144
769908
278339
369462
374197
777527
546408
500007
315317
678140
791196
903616
356040
274111
197281
370377
143374
458839
765999
22855
313750
513801
267996
967474
845327
55527
711968
209455
866304
777038
633370
274706
702834
110423
909962
863246
766532
532312
190761
453166
851303
454433
240181
932954
686819
475701
101323
125225
838052
659906
333905
427454
658440
453283
609064
312494
612959
217280
946260
931324
322066
972877
503195
652550
154682
85206
77515
939280
493127
948485
931987
4243
604151
740383
174870
106727
707687
701473
689534
385940
846711
482003
668693
247039
461625
956003
542189
761939
820270
369303
916498
261927
353616
179795
33124
717069
977261
87050
273379
991592
367547
897960
611349
201337
799861
983148
216795
423087
549845
593432
885075
861649
444722
427273
245419
870706
911265
517503
907449
190644
420562
159245
648042
517276
280696
346546
789798
64711
71613
708791
999240
885016
615090
280295
51217
608338
573284
625970
936358
930394
327915
421468
107973
459882
48369
987833
58716
908640
369525
31948
69529
623236
926747
696556
568108
402096
988964
325620
430204
43239
680450
334200
836670
678915
766321
641480
425168
852248
546942
472477
642624
612724
965674
74386
93168
928849
929490
311013
696895
112009
410168
644154
832716
119256
912943
792479
940751
693472
932687
224699
584879
903562
852431
592336
665621
174023
829181
632215
35876
516811
575489
829676
335778
250045
417720
387234
237558
266856
828157
460869
669791
317957
629492
455984
875851
85288
879425
651409
182085
782001
160256
678078
102448
566267
99932
79157
61572
600367
880443
134327
130961
330610
406240
169331
144181
498479
255304
434310
704098
956791
150167
292034
901573
636194
259647
806248
551434
479009
486646
225800
465163
357499
547161
690573
819091
453481
424293
889672
164621
282933
760167
147362
505407
418781
672501
630384
523352
845836
583206
188201
176265
234803
523133
94359
237335
562743
51040
239930
643533
489775
720174
578751
96839
874330
600902
948302
625676
916871
277796
952846
33689
95585
866962
118284
668613
433874
587063
457945
626713
788177
944695
658882
684639
90200
992309
653671
461958
854933
231088
244702
379255
580516
720606
147356
824419
613644
320353
564056
681229
252311
685909
805788
427814
761441
19773
980362
314534
235579
122068
216864
294895
373111
276746
376212
648981
772386
576886
405258
144633
742488
916581
43725
179285
144940
953994
477823
429614
508781
89756
176026
492545
925182
785531
787349
960901
908255
55632
903935
906191
737368
133620
94554
799810
78761
377164
942441
58877
764922
871522
412645
406470
901732
896960
860927
135541
530900
725591
588579
862533
684665
337184
513168
777697
722176
467674
573414
863832
383753
715926
770099
132169
420634
129611
929407
843929
105345
560875
490736
841861
356518
324762
467806
560497
368459
888590
223368
598783
497118
224595
636417
838912
187848
481863
835380
457929
635320
156107
515928
332964
759418
415595
564856
621417
504540
437318
831656
321799
193023
628073
755321
924648
32358
233867
523651
388272
106797
696261
133675
380011
300512
196648
88082
120488
207428
191985
215303
972062
500992
528252
959637
555071
770818
767023
790520
175014
655029
654988
595084
926064
50613
811978
371825
498997
939650
320948
204695
865466
775342
732550
477147
93733
202153
658730
4877
744294
816445
485062
442514
550776
933954
548086
501963
514416
329745
96995
10434
820214
491829
147964
420633
871943
427568
660808
719952
920752
626608
329109
491499
601702
270186
210871
602159
660851
871726
95080
366811
499919
375918
729714
578735
86082
808193
116658
109223
745450
956685
16766
605568
890864
906893
917672
639404
349653
702750
276274
390655
350384
688201
236691
389067
791945
660399
50931
777067
839856
902901
605815
439035
864443
651147
386196
61569
244804
49482
187679
605227
135572
102215
424439
470004
578568
312114
754231
920726
213465
463130
618152
812218
823088
237020
861873
970565
104077
15256
867460
835706
310213
349288
311943
461284
467536
786563
571799
997723
971024
798546
736876
419612
922584
631622
630335
146546
132769
380822
469735
197500
996688
459090
240911
815433
46994
756466
360874
216482
763117
125491
789160
880008
263235
652731
517817
345899
953268
761936
639266
70163
333315
535986
48804
381603
540742
927517
279063
579502
457352
138410
448594
437341
783374
620966
511629
387250
425977
397646
251985
614302
946326
105518
811170
416291
111103
812218
104830
168375
549180
446860
527462
200493
512457
108561
664459
569215
805542
867857
97135
498178
860077
431519
138931
586675
919077
978390
564331
22013
552769
854065
501922
697164
733045
252622
132128
892045
910087
349668
301298
550997
29164
146993
753799
247008
951116
486587
342091
243505
297053
959368
219200
67473
155527
720910
864684
212436
846384
559144
579187
100409
68752
467629
588362
929769
124064
438032
36044
574165
480021
213479
817787
302636
488189
628046
70820
209081
3159
51902
125486
741538
445431
114701
376286
170269
890084
647966
558267
670129
377846
619366
891314
196446
345678
794748
803100
105906
233284
779170
549775
581226
658228
8067
194578
155453
881241
335706
298326
630734
804191
239342
706677
808909
840201
45627
60822
706664
921962
124755
744800
504736
646818
924541
615007
295401
674227
782383
4929
564421
682905
430268
516793
49846
355172
900450
960866
815804
39640
336329
151005
598927
469966
911244
145605
235171
448881
266379
709964
778464
840807
792027
827412
939078
693940
974702
429675
492940
585484
330509
675968
1136
210210
486838
109409
965701
369543
91631
385225
511265
703601
368541
894105
920817
695210
300176
637270
433603
739972
220964
858859
314910
289036
493769
233351
360526
880444
487702
903954
692716
174168
92357
610250
960674
918349
946804
907706
454953
334494
196557
938785
621273
891106
423326
67618
288399
60316
132062
991890
756039
98958
816277
797794
35896
66475
803396
470514
430378
473632
95235
558870
162766
79341
460924
604854
863735
31137
392174
240975
906025
978796
953682
965923
632216
147687
940355
176325
578526
67096
469668
791049
262083
862493
746248
972326
330081
360710
448177
559821
385601
779780
667774
754981
817702
457013
469870
345010
259516
472517
118490
922354
37483
683597
682472
458370
647622
386209
204641
788899
354782
733319
581813
239534
211229
539872
866361
447002
385672
173172
380387
126979
352489
908955
860534
924771
505241
159285
429716
648710
285881
599710
294694
190139
243122
507459
768237
452395
99928
81654
331892
35453
277353
9390
347885
825916
97583
904158
816678
997541
315817
987933
108468
678587
722282
748483
985849
398258
219306
58245
88527
22947
520856
63710
47872
571188
324500
195108
147642
864149
491691
688322
134355
357464
961186
875861
237244
389025
951096
720763
464640
307119
157490
871226
95771
393298
47362
403315
199466
482908
799127
95998
680327
12967
452171
600850
635302
229704
314659
909912
851110
353636
250196
416601
735082
463494
133080
894761
741039
415372
896762
686892
695783
257820
542705
51067
576322
442391
604320
948649
353716
823460
981858
976494
816663
971513
371161
340941
761104
383952
600619
702504
808317
154962
669858
211869
125843
97437
554976
937451
222867
642812
310515
309430
48403
583461
520040
805213
268924
548848
361598
120326
564688
240260
615867
986577
964256
912691
117512
785681
607253
462540
294065
479674
371693
450426
961272
62010
624763
263294
965152
631850
320843
998685
423915
664993
364469
683384
450347
515707
288739
981183
934662
587883
331901
787722
603076
7296
530495
624295
541165
431782
990280
565490
894016
429834
131250
408834
368076
879693
400430
707658
4318
365088
453315
755745
59570
544943
175669
752687
227618
281489
12120
940763
993671
284794
885181
77511
790536
959322
37393
890767
628848
964303
350774
81695
801905
316487
397995
937398
405103
547302
102284
807977
661113
91219
142686
264241
302691
891123
96982
494613
288252
119854
407888
970321
432904
429292
793351
454520
302676
328117
231400
310669
543515
875933
695645
386965
667589
674997
993145
457812
374226
585277
807981
929752
985189
962041
922228
991293
194617
635720
408879
749112
918404
219433
658156
180411
915871
283058
641815
46915
385885
874651
814101
858045
25104
124065
147924
951534
836553
47089
601849
616809
797141
932480
216674
332858
387060
373992
548171
271018
394028
976144
75035
207865
649785
692957
474214
97670
857199
789683
322300
146594
265949
25704
76189
853255
743147
473323
321934
592957
597492
406098
587191
708409
374748
428324
171810
977859
614260
35473
609075
371161
605673
695416
955439
604533
898273
109259
516672
423181
880217
134482
220575
874380
602559
115158
936962
503747
919829
714732
667918
277893
839282
36060
577719
639148
846166
214405
879596
852801
179898
180906
237193
62944
391294
390737
243485
406200
471535
421576
269020
841855
807955
326322
714413
372827
629520
540697
844848
999482
28056
576245
627236
481652
252528
780934
347738
457275
192921
642220
688115
306132
379032
222785
524013
117258
264398
56912
491336
349152
380909
900461
28314
212353
957117
702081
483830
401745
320126
228037
620665
312767
630568
749720
536310
986091
817156
94299
490387
422703
375636
375436
992298
617763
732069
829230
752415
30173
525135
513859
776401
528993
881527
696408
248858
941201
685988
836108
620759
761672
385016
973825
522991
804645
407373
572702
718256
776157
832471
285102
324467
972536
15759
44926
455791
936011
406348
46454
359178
294711
669324
434725
291273
861338
114383
702941
238239
345934
265053
30840
692513
279987
251709
484003
263020
960640
567048
353802
199400
621033
299153
996027
467921
198030
179045
954194
135950
968277
728469
339007
4180
1369
566383
545748
163376
111213
775304
76013
781148
941086
959451
323604
730704
172162
439238
144840
450985
381810
690808
916077
71743
518898
754374
311858
590686
643002
235723
648413
375215
353519
270357
771993
598445
841848
398599
354958
729434
245681
835452
63526
687345
171918
860351
988124
716802
737557
20699
2961
664706
290556
727389
562822
73441
877561
525514
846387
965639
596193
323103
90970
131483
323957
337247
259277
550830
634452
373245
757199
180745
384492
275501
160521
863484
465840
379147
860028
105438
135376
99921
177938
267564
780736
744461
449512
778782
688587
610652
958495
564538
90003
406580
244181
275685
735491
452995
374438
985750
54895
964030
100104
962841
118573
272465
142459
554753
392845
97852
521112
203947
159589
888261
374067
721413
49091
423249
273757
609483
368208
653356
978998
164660
392042
489506
419991
576502
241141
663490
319709
539538
216494
469022
588373
929729
293988
212228
903065
888669
285959
384194
796496
624733
710445
286362
333485
619550
445786
284850
163918
120479
916964
622784
550558
963366
722364
87648
245745
634922
434937
739784
71790
204133
637589
624325
991458
174107
656224
962901
780921
472490
962232
105011
236751
943591
404577
782091
203218
303515
409871
760350
122409
175160
877335
816755
939451
991924
890400
721419
798788
565120
775962
827986
87565
576889
340399
804854
642050
190540
742069
990659
340799
829293
9460
817044
857571
273552
385156
22436
808418
972845
772150
729124
399332
66288
55077
289153
438059
553990
113811
56722
986574
482707
742186
455760
167669
485217
645045
594539
266659
868288
383228
40248
399763
863425
484377
893564
2972
66989
898366
576697
185054
892341
306830
312139
842102
91075
65863
962222
999166
906629
993572
204875
286192
238657
553689
113837
295125
431595
875863
285123
619203
380451
172981
338257
454560
771917
35343
251248
393095
114432
666005
336258
882943
142136
892859
362994
737910
617227
401009
461344
149546
487234
321885
576511
616483
57362
125565
459495
970379
296426
948724
182836
24136
265617
168376
430651
109556
342270
267064
924678
484523
804129
727482
183150
459168
11240
546673
356960
352174
233881
565578
796421
387955
167735
784549
271797
589203
914399
971500
331221
839052
500107
806897
737222
235248
154360
824946
726083
532787
38187
989203
851522
531920
8657
935816
344418
983416
289958
478329
683144
351312
783601
509351
754071
322502
720277
337079
3566
393737
370556
312085
886685
672501
392169
940666
177117
487687
334492
398984
318272
367475
94142
938906
349427
860772
797387
450180
152198
184566
247885
805274
13618
181823
474071
671563
597758
758628
183161
857880
926602
685529
837760
673519
354500
712075
956871
460145
771875
515552
734786
467268
837551
50729
76782
963196
131483
387200
202243
264935
277787
159000
865201
586273
777102
438274
282391
805622
641756
819616
826626
229795
784984
163717
321949
412369
964109
411949
238466
58637
470316
530759
805905
343599
323749
161637
590278
949228
91509
917971
756336
131444
513282
928471
919980
337610
71370
167251
724772
307795
493850
18420
916101
279955
915003
419591
406760
112709
733908
792433
688397
320237
496770
547999
126420
93887
923828
799746
595555
493398
588320
334979
864920
33695
447157
72258
256742
431606
192342
356981
767999
533982
649789
436222
313193
367406
769639
255691
768488
694879
992771
511291
346639
307464
98964
946630
587604
874568
416226
185692
417459
465564
922793
521502
457977
453556
615133
850335
372231
567534
929009
745302
375050
773475
666632
60310
389314
873453
819921
691272
173193
227283
271695
126749
634190
683565
514811
577064
612898
272090
797320
274422
341943
739528
941888
258967
373326
532650
564788
902144
235434
9743
595277
503897
475737
818964
433196
78035
972949
753377
243956
905370
726080
395233
683227
16157
512058
510731
916308
13273
661780
244274
785847
151159
343105
604225
566256
751593
245941
624569
200741
661329
937672
42470
930620
918262
405391
46805
808059
351845
241495
24537
675228
597699
147799
848501
660382
180593
606598
251094
345308
760025
343771
774085
817669
46380
973183
391653
33369
596019
639664
726460
856616
215883
977181
784011
812134
735068
54737
921846
94616
107817
968491
318619
602317
676758
417859
116019
235615
38902
756663
587861
721186
354780
389193
468020
113643
599526
972099
456318
822560
795153
390667
616896
790347
614449
400299
125408
509151
476563
996834
227449
136601
420766
439946
349415
102477
791889
27151
359827
841419
86923
472464
434144
6860
158346
382641
483233
999386
599507
892206
824320
990764
52467
227736
985980
15161
614811
989581
886865
700091
58220
537434
124481
529192
644346
242397
822803
111445
340771
723414
782732
975987
987248
353372
134572
711313
292795
796253
411275
438322
236038
794741
929753
461039
391843
285111
386952
200452
452607
222367
709744
804408
838079
34189
831220
760823
960488
820676
376694
151483
865282
298961
228117
187242
445680
282319
938849
158017
544213
470246
793577
870396
972643
783779
548687
252612
383686
447785
226080
71494
7674
776265
810827
759334
404156
623345
935121
859616
473960
112661
440105
341381
347240
567197
142753
677348
310825
395384
76861
729450
921127
426609
712393
902521
185557
930547
752583
435988
789450
704211
70325
541945
297484
174590
696453
808454
842090
42146
186212
945699
700469
408049
258402
214625
111645
763538
293387
873336
920437
553095
820789
230880
671986
83853
746274
229579
928782
1637
977727
381910
679910
216238
715895
366189
427401
745939
48994
403658
448581
65922
199542
150587
40202
567732
793014
494416
671285
575920
170804
173960
837101
211516
394974
964863
223471
21915
236738
969130
244654
789753
510206
85257
99792
774138
855811
811378
633576
502053
314189
758572
138652
470888
613467
399343
700440
179115
259817
534405
584925
149602
841011
732354
804694
513449
9875
366768
623
200906
76460
316227
456884
822382
400834
769121
389815
42775
591305
824995
281482
124112
380323
601971
991411
30548
876475
3841
638585
717962
601843
375868
871821
579190
401957
774820
729511
711482
848849
650461
722164
732318
257633
42335
898326
975486
314406
344316
807198
680476
904542
634233
941988
718175
360998
326946
708992
837726
488946
166227
617814
745610
471486
946261
388074
882895
490061
304357
100895
770787
743783
743974
980521
338011
637956
640460
61706
790063
422601
78355
563670
637130
174972
521701
74676
342784
610048
254013
824516
429469
966139
833433
712431
957940
792165
213972
921731
396025
644145
527578
317273
974102
569118
158771
205310
817077
96106
978713
682837
398835
708077
91073
878787
462345
476542
874413
503038
116303
391306
462801
448
857802
344635
146425
805965
218313
487484
702426
586798
920218
173974
612685
889242
64843
758155
72087
158403
941272
544977
818123
386524
264032
557951
921234
121512
684767
159609
767025
68079
506732
265374
701243
924914
810261
967483
931019
568965
109967
928854
218014
195873
755324
933204
844332
386466
2704
42999
318232
670092
299718
627168
106767
100757
402713
128765
892279
553299
537715
141346
254803
787320
176473
125940
679079
338148
488640
840249
210843
533689
3149
527034
190860
669123
677802
658392
3185
501872
529446
993086
97824
118112
461242
858275
60703
106253
665192
163933
910539
129430
129007
895488
552589
934194
385950
820102
843224
886477
408147
84889
532630
18404
966497
86924
60881
910761
618140
154451
128224
17041
725167
91873
838344
669529
547007
580134
238434
569454
506551
566446
605283
629953
15835
215542
205841
515331
673328
174177
681708
588873
121881
782907
53676
383232
492176
331843
925373
965285
560018
699458
620014
838453
883776
147210
280874
844786
75260
409490
238226
662831
375172
401969
219637
911106
369066
261059
239676
657167
272479
92422
610869
253123
964709
244592
913328
757133
60510
209243
529841
891277
488133
850424
908126
530470
353288
575483
415876
656323
571150
808585
933732
801412
369914
145976
470362
730774
665048
619527
254001
668373
330230
501459
526220
639028
67211
328011
580641
85954
569161
563671
452653
963215
810648
426892
303672
937626
401360
386798
993725
508002
175558
569677
597607
642506
890960
485154
808994
344165
409328
555806
503102
696281
756097
131981
384520
408664
368752
419704
206051
721848
227787
512117
620280
104947
340999
779873
636457
868616
875258
87214
802140
988210
349159
720499
33234
454524
667583
570817
847353
447527
904953
557490
389781
166630
665337
881602
164795
473514
489309
341060
60689
679949
232049
82079
134439
217868
293659
607247
278482
865486
927883
833963
327302
802500
144762
431177
329937
21515
422930
747065
718809
639940
220549
508445
913880
154514
153581
130112
683561
884426
729811
211712
867166
752650
862127
851278
533622
859958
289252
623056
901635
696338
429141
89120
797141
601678
799669
850545
567929
824973
520511
367186
147362
837297
391814
414847
694359
187993
719098
837157
465057
867539
85931
204611
468881
288829
679094
951734
703426
665554
868390
218324
694007
420282
737824
360471
197063
540960
692733
201412
897694
695042
815655
256749
798528
689338
321683
375615
559059
57087
99425
75759
176875
555270
379376
106292
369652
910183
141667
931019
175371
380871
832334
786859
895010
205306
368328
653332
266025
438105
209676
205071
337811
997548
603483
196490
480201
528166
980133
746101
23659
721949
675124
421120
718711
236860
441926
240621
822542
627166
883491
169914
37407
923302
195181
636285
287667
314377
747112
298213
125121
523017
511840
145653
287903
168519
898486
513822
755716
902052
720380
974013
858468
509909
251530
464475
96359
121016
96796
78141
601745
526390
324022
350696
456039
881846
817819
869436
231798
881519
638358
179365
398463
281444
886648
72000
935975
675656
416716
738633
169490
101394
701130
531877
833617
987790
561029
467196
333215
678500
150070
538811
658601
983829
271093
411590
455468
7113
423544
969928
725318
864783
17772
665295
260700
129149
637768
519322
120933
567238
633886
457700
345555
410315
32704
842705
445363
580304
469178
568258
93996
498369
616193
746109
180141
981614
713089
345449
281071
714361
165317
618489
307168
305249
125310
121593
66582
926156
639940
166943
18053
619210
168950
409672
206824
397192
960204
43371
803333
305995
165240
500297
187784
736319
209228
75675
882629
30222
600174
335669
597810
5910
251008
426448
116848
476905
966690
209293
739616
469403
812388
409191
963768
47577
409342
556485
327643
222154
914454
407358
474148
627002
13203
264202
556587
24025
392553
471672
848307
122855
922920
174086
900598
571208
484780
925745
373140
779486
741086
257974
986016
604364
622413
198133
92674
802576
426703
247179
473941
558892
859701
713363
54400
490699
347286
854347
211310
457004
717865
179383
134514
139676
465205
398472
615754
117515
124163
625300
744812
730355
987982
948703
838677
977259
57464
64502
862847
740766
550823
172918
328432
360901
718220
65865
475063
66109
661957
892926
900921
869677
663239
417996
526093
831103
84742
800894
944360
169756
836332
287350
246390
335587
817299
574996
306555
160204
136740
751145
982052
504187
682984
692762
405937
156614
594200
860504
160798
246461
400720
665976
917582
867076
52045
539698
246967
548380
976490
196725
34715
893624
880719
305283
458045
353065
997088
367762
358689
269407
990051
798180
112149
57112
487963
857721
418458
340007
78883
137778
265932
991199
335719
380784
430493
486924
281624
413078
721935
833294
127717
56406
691038
761774
863270
269721
34716
137195
299836
662335
417985
234316
669749
736247
964915
426195
612338
367767
225712
168760
796726
20844
474702
319544
888202
643059
481848
797401
920655
682705
73210
341759
495751
709154
94123
845886
232193
666049
594853
69767
783562
240720
403729
877511
235355
415882
544836
479538
113393
583647
790139
571100
118478
783921
290082
704326
158189
310501
201833
522852
239096
490269
872284
777818
758104
847892
900468
220182
454252
184325
806909
465400
996451
827788
212744
275043
772799
228425
718599
444200
662085
35209
453154
567847
339966
614324
785291
532358
580409
583304
261436
221344
748193
388290
379463
269210
769718
916870
730253
681726
485525
918847
20149
457531
888912
871817
619162
834820
750279
132212
287955
506953
173427
860096
687377
844724
704322
613613
739673
467412
931093
729812
675007
813456
605242
288205
32022
444453
253946
271496
805053
437681
676572
158494
74001
327373
85434
846436
840316
413706
482118
84504
451349
109919
797973
70022
880952
858124
829691
142999
27948
78364
202403
122931
651349
33666
410435
574016
960060
334028
325833
679508
660870
372127
757317
893123
466417
381661
819425
668677
242104
504042
95043
488866
88360
658505
523470
23803
421791
693703
552888
951301
221448
374133
492072
682144
443785
24646
774704
283209
974464
855607
24185
439365
840781
18425
392689
5511
491907
768463
329967
534130
498058
913399
214597
470457
473855
970727
482709
225073
724969
759996
492732
27279
676318
283527
881849
53480
605360
995246
13784
958961
609136
726277
277778
822640
515330
807000
147122
918925
584001
811588
460773
879395
719663
140429
987977
114690
550803
671836
728270
498766
754495
138995
248456
949788
791171
129046
71735
758409
229623
450780
93617
678850
267106
621178
251643
26116
309071
634211
371425
45771
978030
549425
57561
448220
93821
519371
534823
324840
763043
893656
863100
825992
838004
413868
332999
406646
901868
496511
204450
651593
144572
100092
791464
250934
388084
18909
49896
876266
446831
940542
279504
496804
160466
159370
307233
763892
279199
817019
636891
273966
644131
945402
562158
939724
585736
533495
413514
912098
734183
232373
434019
919684
283557
275179
346095
26519
556651
16976
733799
675767
710507
763499
367562
294722
833141
970759
498871
8889
768155
160528
142709
797638
760394
148160
310328
448059
787116
618186
36686
353496
239535
766469
700680
774020
463653
366351
399965
203696
851068
751569
609882
419110
40609
824941
359334
46537
821077
487534
195519
874101
326758
751126
291347
716610
953535
385833
999690
558555
957084
98560
296044
924632
296873
762071
156438
381149
280976
220067
835299
251357
878028
859225
865105
720234
605105
491366
861357
916499
637539
36593
351703
453616
763824
51200
909886
606749
211476
713033
704902
640199
487836
708599
415918
236190
846645
423702
454995
854390
975214
76246
368814
931547
638539
181290
710110
507407
355703
521630
143712
825425
752269
655840
472624
578175
245393
78689
626400
805416
58135
951487
872070
295160
423250
216415
981651
68379
185674
223412
665997
384231
908827
682302
726424
133088
684274
588315
919207
572311
354454
753257
634450
169122
42664
163565
485711
920312
143515
132505
948595
650603
198500
656560
727164
781219
346474
622335
506925
194413
74954
921791
60732
768976
340576
279006
636701
340662
507221
216751
343670
862051
162003
964447
229688
819579
206072
485748
272911
862195
852103
289643
636501
290293
931184
937365
186525
430973
332222
859912
116427
499365
450810
13855
946143
385971
282185
877525
637712
364178
186169
107476
236390
752616
894387
731235
731006
275676
640923
933500
803308
929245
424185
779013
109564
841865
565460
827531
666634
301261
736304
953107
377242
516513
151508
294582
117625
165551
769776
286579
12131
860820
990487
795029
681231
658638
247327
844847
13285
614123
504375
640370
878275
331294
634742
293379
631643
539688
458329
477909
478731
569031
439017
725371
196394
743563
188360
321842
251324
631077
717942
686297
86675
852869
799837
526167
394692
114983
613490
643557
161581
299529
398461
524939
994045
657729
197673
568895
188828
402675
902280
402475
947297
144804
128066
978213
492054
522887
273893
133516
663317
461501
363543
751956
183654
515845
6704
292532
678202
700473
193550
3079
40822
16402
444928
147195
221884
222007
239914
53356
811375
142430
591070
946916
531192
711552
256861
301655
72535
897109
667565
206207
441692
987926
870986
246062
568842
861442
138678
16375
750504
648697
744141
448424
124504
248089
941236
815940
380286
654628
727255
662105
689253
277308
216950
416742
286502
810188
538312
647051
379667
374907
732572
522686
377163
647389
693497
922103
646808
699285
864793
899582
516129
859701
333605
516146
851716
565780
381559
815346
473952
966634
492457
834038
194716
748769
814870
847491
466813
506904
713702
792130
856883
31642
132331
488615
242427
619661
461001
508467
771806
920031
983734
744568
163402
909863
221413
443016
718485
929216
293173
639101
345150
919667
193983
293997
570979
14772
781428
786922
744093
553667
174557
538943
88515
950471
943456
772258
169726
379621
941014
156258
278684
163885
423510
894447
389775
863525
911626
752379
158681
408372
20287
328571
688342
609520
762750
620121
196180
754722
786833
720292
154489
495708
814777
245947
845527
384121
861399
127250
112029
521451
361812
330763
445536
153500
128568
388265
256697
308024
433011
525717
558688
160089
341090
4340
561145
782412
82840
320514
548292
256970
595891
154202
806553
944975
397345
742560
832561
368313
937492
898152
881905
154916
917084
700164
17362
204337
335129
270169
570163
884532
772152
679599
354076
606384
627149
298834
815240
958254
154900
211122
178363
732198
253714
233949
494118
231127
648379
878
186910
567278
597537
474166
307213
74185
194463
688702
515679
635816
613260
730618
640992
794086
504878
477280
737576
260918
423986
825636
821123
257245
197445
455869
781341
952212
259407
71156
917989
307635
606374
140801
438278
243797
512904
527249
132915
716603
213859
701080
771688
822936
942283
8016
892568
491629
73055
261427
513739
875583
439412
806975
74157
768585
354462
682088
198070
583586
102858
794337
588178
16237
50242
591930
280854
414015
101638
852198
131701
408069
365344
380292
869623
552228
217665
923599
930110
466508
392185
939143
655000
533640
457392
69952
349610
266988
736500
656511
676570
814881
968462
286937
677357
413167
197061
481180
438852
737772
552938
585427
56723
489197
59803
566532
952041
783388
277052
27876
521336
649860
292106
427736
259862
305570
118821
87955
617000
740827
809879
906076
302624
658701
400725
212279
396115
569303
590898
259593
23690
39087
855394
846813
587307
64013
245948
995848
663021
265074
697021
499207
294215
661742
869821
468520
191790
786302
286075
638818
864199
375051
969408
267258
110532
949017
521058
287638
915469
794014
571467
373775
660557
104170
927781
553439
813501
655712
816775
214310
180149
603130
994074
407761
565150
522236
607003
313084
726209
197971
811946
481008
475276
20489
655564
678590
519280
969782
954211
589674
467898
122998
70816
665630
430884
786146
234425
903627
655891
615741
771455
630926
67911
975588
751270
753273
428716
58869
631003
326944
258487
387495
18744
317946
253319
965178
63462
319217
68531
7885
766097
534532
399696
247122
904112
411804
587457
177501
926496
718152
466545
959594
305036
294867
882042
705333
397123
318522
143119
661846
305098
44815
933676
768337
472814
140597
231388
491371
235986
289922
6886
787572
99974
443610
118484
608798
746136
678940
163141
739092
130021
925273
593668
413723
340997
754040
545249
470605
429280
790145
602425
108737
898805
909983
670798
46680
65804
19687
53906
297920
559950
904004
241037
308922
339508
237545
958859
614455
268686
576762
497192
674778
283556
942334
663678
152953
795348
834284
257809
770606
503234
461605
621165
887494
439083
317364
370326
907669
490915
650092
392391
248335
263927
985182
249444
244275
369647
829771
40266
189524
99315
983664
141516
319122
578146
498781
358166
728964
962757
962778
474755
793010
679595
241130
702356
317457
408695
302716
98693
318713
516586
857714
795054
7162
834963
82286
730170
159429
721948
217951
114124
441391
740287
297345
235714
925196
147827
162168
571817
535434
128813
134450
853400
132095
229256
85145
733570
124868
15384
255043
4488
9706
625720
85318
423026
278528
786720
859531
993498
445570
553550
299110
621612
907152
29070
980127
945840
654446
310128
804444
586534
474371
547242
614299
297170
865917
119918
313107
495531
956794
82857
876628
428265
495452
676262
886780
266838
844244
497822
996854
344762
809653
798336
644791
516677
673336
181499
35198
309099
158570
48652
877812
297199
548089
300233
23618
776208
868434
227206
763277
992549
499083
684219
762731
786509
517851
564360
924162
681877
374669
668936
783696
530524
194983
288172
769329
256150
99346
741811
189963
754904
122690
354720
16646
386312
363358
300824
190568
414336
127335
683992
530826
250130
358732
487320
499091
841923
506608
524863
125701
19740
221465
645906
830363
938744
148053
71639
186718
870417
990331
177267
103454
492631
78349
534485
247279
859574
809918
785098
771146
451346
984430
320914
959935
268264
627164
760585
523908
878229
590284
801167
414955
777985
984250
90966
94285
153061
361334
589589
829189
462188
475032
8689
463884
249012
988184
863490
73397
228457
355207
229075
193209
727315
185062
960912
124642
847488
985678
987043
395439
815773
769395
97373
964423
89526
115558
775617
396834
996229
797630
323744
876937
453734
679561
243279
477548
157295
210390
511365
851808
987747
484981
824553
469716
215813
709666
703402
542408
270266
818703
366660
337085
229378
86925
54313
779612
904680
655381
398336
797189
312449
916390
819447
651619
887505
522832
923684
250032
639533
523380
732568
460827
5769
989889
306996
128726
562874
642835
191791
224737
55248
98245
934921
851478
529587
297172
310456
199842
181099
908377
546587
319372
984741
444295
300622
868571
340983
235461
571241
708673
159337
858487
864749
289054
685295
540669
794811
595246
366084
478073
934332
190067
411282
534263
936751
746227
3723
69771
145532
121179
932437
880695
139245
907251
639936
914441
515281
164040
252069
988618
631668
195730
440874
174372
667125
349105
883327
366062
451652
777524
6603
861746
755111
999628
549911
674181
323560
173763
215665
203454
328683
691264
309204
730439
191233
181705
575742
825032
552557
255120
336341
569959
268550
505663
850829
781881
124537
51409
489172
518556
939180
943322
398867
649884
721103
620955
134456
539630
111646
468248
90774
253432
354441
442492
466843
735352
739881
329997
260055
796679
827738
933347
197052
772853
699909
290696
368283
250652
999140
314433
780959
275173
139414
123952
497786
50725
154100
20633
493695
924903
705647
811079
849533
946935
309428
394588
648867
301696
301336
283135
669896
742216
315841
507863
680620
909516
60217
230096
960316
428658
613677
568434
197355
18215
621112
83127
741073
789230
715521
761216
327417
800325
966665
369053
123175
626359
430932
272774
55459
225900
669799
588592
708838
499541
575497
768939
376297
438205
646589
236503
918455
393188
610239
909579
488118
375035
10482
469178
459008
939463
133535
582331
775806
806757
140951
841111
158459
378264
673393
850090
172950
687719
786326
228997
993567
753268
243082
400324
47599
119380
935784
195270
511473
305121
809691
961645
228714
195190
642159
334713
441161
286693
428654
449463
168986
174878
267247
74771
81995
558062
999756
2843
69241
256866
305286
16382
650844
556592
728833
128885
55583
380392
540141
383476
853292
205811
303053
748411
694393
132199
595172
216781
577678
429245
731528
958507
615063
206428
856998
339161
147030
197567
520389
667521
177700
477969
753004
923778
900542
838147
159488
978760
599149
617362
624847
877865
75040
409173
171928
711214
429320
996025
564548
823624
249046
349683
168674
179878
232217
465909
956204
363337
899271
127695
509050
167344
719082
117279
712275
411067
223941
209395
19253
208338
626010
461693
559701
582905
756215
430513
534695
685211
513114
801269
590297
575453
772813
765016
267101
66861
306508
998766
367891
539266
938413
463714
516835
325373
698201
935177
799338
738773
826805
12481
616289
82347
225286
487470
374216
291051
239035
108893
941403
5490
639543
690889
796100
157514
743723
488828
285491
626634
215652
176406
267417
993370
334813
337418
762722
730053
496854
119787
170473
307678
1186
873913
242225
319425
77462
772699
545500
607972
66233
549714
685660
201019
407289
898552
494390
206082
966356
62001
653126
979283
179616
308304
494596
487025
818722
58095
203563
820820
482302
125952
534144
381821
808499
2415
766050
586969
227294
910152
145593
104615
451023
957421
608394
869652
65452
767318
24812
548083
201827
307462
884717
596293
406422
559650
412427
985113
145038
683974
975010
657537
49428
130934
628241
79962
485837
377039
52496
825660
307089
464176
304275
953708
366075
366059
893199
773613
380606
939552
141730
27122
298471
494753
657166
401377
406098
577620
601685
579478
655913
577328
320805
519278
812880
740975
869831
921944
62260
725289
217453
819504
178248
909166
463469
521179
253272
439907
93122
347997
825145
271825
583454
387034
931449
347934
264503
713611
640068
335679
186472
340540
741344
802593
415823
581090
384774
438482
484240
527185
612447
834074
98577
412625
85508
686463
675052
124413
712770
31646
410658
479621
205708
161061
947941
393114
649684
206795
323747
890143
484900
555985
105477
98954
256118
65789
154956
945311
534101
496980
164318
345140
904831
965133
604356
255455
529034
880625
451353
146438
565374
200983
480454
259875
915963
783903
890388
180597
896553
474056
147392
572161
379749
402532
148054
481837
467508
827616
187646
919815
131706
644780
304894
226843
514705
564205
971883
480333
438558
641851
575672
88681
60727
60220
488041
114535
153757
581087
471866
237468
779504
981794
788783
507574
712419
850342
14706
952399
141502
4579
972621
718218
811885
310115
209456
885446
432538
780180
633989
922553
902294
221212
81691
731342
802253
594907
335519
74330
895270
831425
234172
584370
821062
25860
85107
878622
692385
3929
574896
893613
871417
56266
600743
889631
115252
432991
633688
513958
686443
192053
657001
749158
978660
377351
79939
658786
825838
852474
131585
111024
338376
304483
456198
533928
674675
489636
607326
236541
636241
888592
59432
293877
17908
527274
530752
798669
267756
919237
638939
14708
948130
444802
773472
673849
433488
327375
884046
760246
660588
526516
189214
263150
81686
702743
378650
470712
482930
693168
264356
31824
312394
202977
369274
118257
407948
344764
877400
499136
858976
301949
208817
630287
396818
163121
20559
387411
320583
25593
568461
28765
618091
265544
637187
177912
647083
951430
354903
887971
259730
309493
101673
310857
443576
897356
457093
324431
208633
447013
441090
718140
5761
912105
912279
459242
408298
263525
733186
220016
558975
23654
947880
873294
954692
514409
901522
500666
557528
924280
259128
712964
33589
813124
954631
825065
488030
60854
395152
667202
547143
526698
272538
36588
597756
533051
331132
435680
165025
49132
201482
776035
260313
377209
460702
925251
262924
285660
30292
798126
481082
921033
49179
702822
813837
415580
653255
180898
936593
583134
719880
495164
701787
142952
504946
335007
532410
76237
500784
979328
667136
915596
690639
26681
199060
470264
389205
237950
498588
923897
847806
762508
555045
925607
741839
136521
211636
665260
308830
145528
876726
597708
259815
737903
370913
826579
532246
13365
577260
536144
810548
364886
718451
81035
809123
334868
864874
269955
632129
334560
169347
144750
323046
898921
432307
418823
304682
288960
339488
956138
750747
424619
454275
856243
308695
920487
177453
707894
123098
407424
965267
754921
759194
600801
442526
350088
264061
527308
255378
186027
813881
104063
606878
151683
370589
426683
521175
14718
462167
626189
765166
574538
973828
141831
791859
652619
691006
255778
966698
238803
136608
777875
450261
726542
688985
778524
714876
545671
285084
857422
43417
719146
811895
862972
245237
654508
804437
395630
769920
668265
149761
886995
426489
976845
715730
6690
933562
404225
555032
411751
724827
653199
960669
156705
228353
23277
608706
772994
666363
536278
95730
479442
529404
101415
470290
596141
593692
614801
499128
880335
847584
829265
684137
225030
318859
935011
957466
48836
416473
970123
945240
877073
50378
611186
328423
276527
744110
977626
437709
749978
991531
37708
770346
24956
352517
391087
49646
406444
874759
816000
852771
82860
231784
136724
507258
73339
100716
113724
829817
563344
793004
279889
16962
716463
247077
292179
801544
460377
506271
791539
35058
488765
229805
642575
775046
270381
21591
851181
454912
888435
391140
681230
226881
775995
513950
806974
8313
994208
20274
228754
202561
145386
610317
444371
521654
216855
881609
666155
633615
528548
793231
522002
449617
708242
396739
408236
874170
885922
309461
900531
132208
224673
840506
504354
127161
71600
11813
226040
544135
274472
41510
102507
248013
930155
802880
275840
970601
237562
373331
543049
505219
588959
104249
897708
261914
935601
15282
370180
137812
594496
266879
105157
112956
979945
409986
701591
719795
261468
824719
306903
897815
487480
713469
160148
862171
933970
358374
194496
373418
819052
153726
937233
1073
856906
578419
72698
78252
152751
493370
737202
702429
690853
732686
578009
534484
147734
288970
270659
855644
124738
230987
749044
818999
210479
854510
276135
401953
294666
352687
838194
18575
22059
868132
292310
147354
929812
401672
490547
196170
648516
259583
824333
27503
776522
933590
688832
609935
396888
99976
928398
315279
141805
21908
878070
887587
774199
597576
171891
879978
598980
185090
424187
349358
436750
234642
36456
431502
800683
651492
899713
599578
621993
412637
232392
306810
106306
909915
991445
667904
617754
502978
718688
128196
194423
25097
979549
589816
411527
47860
50666
419287
998841
545298
596911
738730
875115
531853
957364
546720
254945
26942
318075
855967
371572
983776
846338
935311
231990
74603
1009
841425
636855
827740
838978
509254
222921
607167
831501
855621
184828
925799
488749
701223
859998
194059
391052
874995
740173
392095
297208
353558
740137
126191
997878
133668
926391
51726
474852
402956
467663
666543
185978
348243
361979
394335
994571
518993
515812
37711
888072
753794
36959
450090
535109
78917
156829
541754
456739
650461
791717
427483
816698
492133
656912
28482
907956
830283
901093
867547
493246
803031
187630
116183
817073
160892
205372
168651
575830
178758
116103
785585
423668
421971
877618
902349
30353
304591
366662
71963
267430
301231
891421
337215
349348
354897
74282
367585
439835
822070
23583
692752
149579
652095
761772
308710
865557
251805
518852
629858
575143
120033
509098
759634
285060
832594
796920
671148
92492
11357
57409
336845
265956
126113
856297
820428
972077
69753
229088
893587
305057
211921
452173
463299
425676
316370
987508
750576
573396
511006
737933
250703
370730
612814
303999
885446
844840
832221
832896
641708
256690
996965
262528
249559
499590
340624
144560
185741
454467
244477
24161
601173
812010
922538
162772
493670
789481
462911
631388
504626
530885
866626
716851
780973
696694
385523
800711
663662
585156
42908
806781
868052
676145
603014
970607
279233
902913
442220
861687
385133
974908
866943
107787
334367
886514
563957
482135
611699
456935
765132
393947
44522
986184
510752
21273
55580
980949
932078
659150
421666
581587
600407
924013
417447
683226
195186
176373
936997
467306
742943
420139
518987
665989
638013
243544
458347
678051
457592
952528
22914
446949
345883
238656
375563
582465
256821
228377
245187
320003
278586
763021
243058
19979
853659
333989
894138
155728
251583
377449
428015
152923
150255
415703
248059
38719
517984
726599
186295
951243
52108
454314
598879
383111
547176
126090
166037
522774
642974
40467
493102
462031
836395
404352
502832
246834
909210
191453
629248
759495
210384
398137
276219
642939
935500
728494
646681
64393
753281
478264
805079
103587
601361
502353
444924
115362
136880
626093
553628
800527
105656
668070
184250
706380
102624
682719
243603
526701
114401
108075
872606
571827
869770
956484
9540
836573
718906
459221
834925
436007
219387
878737
176184
370370
863873
202467
251977
537111
57604
431584
694952
634816
724079
108171
443867
264108
489694
85074
522282
230484
168398
430087
252008
834414
651413
813913
225678
193692
116246
689898
647022
459835
376386
74070
629883
310135
68551
691258
373688
689275
566823
559143
409057
863121
954565
980500
376119
992134
417676
596482
938655
742801
991922
121865
911899
74379
364023
796658
196558
165895
674692
464092
99955
97919
841046
630163
34356
425396
460807
914232
320631
659928
738688
249741
91123
464890
680820
20016
442124
105967
382390
423970
458346
374211
568576
658714
830938
883936
366795
143383
923838
962750
805798
820893
119511
921337
252965
550511
878391
672270
433563
298147
593411
43240
307188
26429
884790
793861
232673
775893
166315
167922
513923
162029
143616
239194
780163
656536
375936
265993
918001
222990
702544
151264
747592
584637
532641
163291
49948
758651
698982
950922
70692
859001
384129
941069
357415
659015
114000
987626
187994
790601
478145
35025
939455
240950
700028
9539
58666
467319
395520
799383
98555
538101
502614
259189
832782
803708
48561
544595
756675
856251
661455
333383
786607
367475
67377
645691
420455
209791
429152
322628
631142
676038
522988
699111
667636
61312
921034
975808
430508
817982
535082
363600
662534
717654
626666
619359
654799
257239
843357
300067
854744
655218
938426
526217
646036
873916
609773
206374
108789
693432
390235
515419
346957
715625
272403
72866
588182
145981
126890
57253
833346
150679
713550
199494
884145
907185
850594
163025
746826
699738
464888
108657
919415
711946
40343
51524
201424
911402
954032
510004
237430
886328
836526
661993
591223
400711
685513
347981
424410
445523
748267
838048
384430
538591
669431
691608
6013
340473
214788
866376
985362
690011
523909
454261
635338
725034
373161
510447
408548
842898
233451
304061
309446
292589
422537
358802
915398
351050
407479
360666
520907
365749
486595
427658
400218
157021
626910
93058
795538
84298
441020
267904
221076
409684
33861
941920
354196
463953
486150
526880
470525
29920
126698
887231
671022
283258
342491
909105
513085
856657
236993
240995
337360
609858
391016
936065
338316
198334
950274
253121
378504
813321
735413
931032
528731
183418
265458
787716
671387
48529
20364
786285
444624
791011
264253
9070
19550
506982
794955
165567
432519
566761
768714
202028
146200
404015
86755
693363
107320
268543
159620
27552
444700
898075
650489
719107
785861
915210
461052
433088
124463
712157
153767
59903
450234
615974
882345
402816
885327
790653
417892
465374
469272
869511
835290
180611
419124
404278
894662
589364
543624
407472
893863
231756
948981
81499
75660
597257
225929
410694
107178
236851
242473
481967
921341
289661
836137
419827
722587
454748
973689
221760
924648
414294
294287
765946
360022
908090
357996
700634
153451
587151
320113
758571
581346
838369
400425
218772
692227
700279
503270
605917
572673
232809
323034
130475
907249
900044
431869
99035
702411
527419
655551
298417
53848
600142
96355
167637
155244
859623
494079
19734
717338
651008
5391
668416
85875
490363
80724
100003
99132
885215
462447
833131
536617
662503
180881
443854
526892
634099
947758
377760
111379
199895
312630
141323
191759
852067
12
801383
610584
667023
463714
721748
638192
722824
221571
471232
160458
246520
262725
655821
704859
654444
437044
368068
300019
481751
17534
733740
666858
295805
670489
998614
460588
107229
54620
388005
870311
801766
341490
843244
682428
868841
53522
288118
91600
889281
195404
391296
165949
723512
80978
186077
331700
4756
564148
419750
632017
329692
687115
868011
359157
222295
586275
21516
77420
134135
53751
326317
232388
883504
470371
644212
431957
635598
44411
768059
700007
829341
219978
154822
989945
725567
820361
939411
77041
385441
977391
522774
612007
256624
747624
20263
234958
328963
401631
488419
103098
729109
117491
262113
824983
660236
527758
271878
870836
933384
381568
363495
618735
442628
769348
337360
707513
965750
532817
118538
688417
436679
883191
836209
59725
866200
933711
543107
959385
94054
451536
697028
383687
832765
544178
413079
505522
399718
813202
203899
317883
384609
691558
48935
978500
333903
261635
4301
935394
795261
271601
304215
476238
954490
334342
126140
285994
522645
79891
739319
793554
234710
711539
543668
254640
980798
49719
814693
908020
984278
713295
821234
841297
508509
110672
286261
945950
414570
737289
320792
809845
179690
597173
541375
12541
4555
428282
70272
88696
561215
308217
942978
489804
4661
890099
619607
849484
522939
103230
585561
346971
51162
401174
965415
925586
954477
200919
232782
487436
621925
110686
453441
294337
425896
945978
255545
26732
936309
792724
574893
849568
594905
977470
252123
522395
137819
758102
817410
128002
913220
337496
703710
21075
980786
498181
519700
803202
807652
525403
517308
463450
117024
751129
326910
112605
874966
811391
652699
76505
749477
838905
138281
462080
392248
507505
706286
705587
654693
198378
670400
986803
476414
717109
716258
726444
773821
997202
56910
605465
822175
991578
649838
322876
894586
366126
220064
214808
828909
859162
797705
931670
742889
579776
865297
124256
966461
428199
923039
784530
824461
31618
824088
740726
611663
403070
771984
34833
737351
31428
266490
612620
378268
723925
306988
717167
954812
144785
104060
97057
957991
242210
612571
951077
881224
425935
223171
34821
945094
119337
922847
868121
401704
19149
213900
738149
231727
580043
673186
718340
228116
619598
108450
85825
636454
615864
820474
75837
788617
500128
525309
917671
127238
874578
658053
101219
682895
436807
649938
358537
249416
284485
845873
625867
213615
727899
403024
815778
978005
929222
377676
507836
490405
907935
868157
358428
876935
291272
711632
419222
536817
712920
963851
341093
903429
722134
664654
653712
464037
923696
483481
229031
182787
411731
675023
992599
770654
972326
972965
179790
355717
323175
169955
755500
245727
669743
229850
478150
970247
264517
627587
151590
97005
307676
832148
581587
293046
231398
79766
855497
487369
249096
722809
400246
976046
748378
281758
808366
124094
794627
753172
713738
131875
121016
603160
358098
211856
750773
597664
771350
782493
441845
274033
300570
841074
229011
125252
197627
12395
905128
337340
456625
540542
151120
2333
498657
499491
466375
282512
305989
962517
653734
730497
796044
724372
825492
334114
128776
107120
476663
459303
979495
409194
239806
85523
107270
771044
959249
688386
684990
841375
61940
61230
400649
91815
391252
243246
653557
410436
272763
189954
893872
542310
410526
562710
232815
799426
586016
246066
130182
577382
314975
518158
223615
592861
727135
286291
573741
709690
115405
351552
471919
411720
330804
364443
726881
301407
862797
362065
219319
955579
832019
266236
168997
534305
546263
81445
954147
600267
734580
67036
43617
601473
409951
473987
478162
601888
384828
317841
595270
513823
380793
367211
46316
401582
104169
429701
906371
864670
946991
309930
856665
945949
459784
674832
659025
837556
636632
739643
977204
432417
700121
921440
796153
614226
527397
733637
4778
338321
468574
334507
88405
350433
56995
764841
516125
668010
325501
122667
468564
169310
620624
295033
911843
726512
950175
714502
156232
690237
347652
448661
576730
110065
9528
373529
78882
339165
794337
132805
475312
27860
913346
919174
670785
215096
994846
263035
490643
935714
850531
998066
622010
401645
901926
717700
987692
319866
49746
882256
17104
324666
783878
725304
245830
356874
84451
980714
39986
566118
744323
7494
96572
688550
460902
621870
777173
477749
379519
697853
29630
333838
50457
257465
160424
391671
101192
64129
443087
658125
465163
688101
190174
968307
313001
128336
896578
717259
373124
712186
387961
6767
120966
476040
653515
334620
305395
297730
899342
424072
698906
431130
420806
899860
913175
722178
61622
352237
278289
58989
852398
626627
492302
806298
815270
254189
184965
626608
815567
93987
391093
282773
874700
166314
752943
834669
5181
735364
711682
132884
932678
124584
631158
936809
714190
754730
765467
443716
571251
242606
505087
668508
601691
536485
147518
117828
553354
22930
954154
298422
903037
710782
156468
343887
357329
857025
246159
387247
987448
808765
767833
314738
517990
969705
414068
75749
595187
538518
924442
175306
426447
692672
880028
789123
503936
643926
281690
795304
876688
195859
613310
252692
166421
729300
536674
679945
319692
419500
595090
423342
927508
130350
89232
719231
122879
258902
772869
782461
264573
381310
582310
140943
596550
142312
8596
234424
272748
756657
85877
709796
613294
607921
862654
800380
282705
202911
832597
974338
708536
992278
153246
812809
501760
817705
370245
690682
467401
68169
870214
92002
631785
839807
573864
584918
847808
630092
66176
173593
867652
165687
616131
763730
957228
281434
510201
527021
128484
628537
698366
901240
685556
982189
132956
341459
995455
679461
87028
982301
484361
392055
486337
177875
809775
495385
570675
691051
504896
172207
991017
831374
303869
13150
950385
131535
368958
921731
194096
32164
410838
619632
643392
128912
72977
196769
758010
505844
840941
52419
935159
532663
838816
942103
931072
811214
134083
361307
490391
481035
356915
612356
678505
8648
592968
154134
422974
508841
56915
601557
511556
379801
393493
29441
555053
699813
792244
133912
16353
20715
524197
563675
227315
715749
487863
720993
874699
876820
650640
327613
213681
830158
736412
957839
364924
209920
976092
647932
140525
460025
109548
777777
851597
426519
186390
490649
6248
561961
282583
200143
573253
751317
102711
735588
174284
53108
281755
96971
81131
691166
889726
400355
892342
571579
556504
657261
545183
542195
3117
154711
588044
186662
404531
93189
475637
726312
917971
941353
334311
346354
477263
992168
403155
972842
606689
525771
20720
393137
849548
675493
733419
393285
215606
937831
670280
635803
538751
869607
306780
382231
981418
185591
996644
614956
283267
432925
968781
14939
563680
941717
36412
821580
351609
459576
346599
691002
599403
832118
836474
645957
646330
47641
402199
774044
787159
421852
128125
177493
295791
99689
629101
552245
893870
87074
938654
215353
477714
110296
122136
100729
144845
888725
831015
903891
538206
37320
444335
713467
496245
923293
876371
330679
423771
710601
918257
9829
304968
678254
635865
162757
449540
364757
407362
732581
518091
424779
823998
189130
95950
748365
565510
853834
374908
635195
861458
388740
488574
147183
183301
512951
125548
213631
21522
923088
2862
449593
630417
632712
599420
445629
805842
959295
601514
572919
764715
119034
435754
47304
677617
866238
568831
750781
796979
683040
98523
499528
603193
118226
526417
577459
668217
240200
309281
813648
253247
598161
34007
999080
231074
247471
556806
268731
137704
744659
843888
127390
784873
602488
366812
347384
821231
940611
839950
521120
975588
646816
693955
151527
386860
278108
923270
93781
412642
800110
139462
590290
913395
69509
303010
752708
924531
633459
927537
835939
124818
404129
885860
596685
613229
458415
538841
676826
952472
857052
696936
650939
543887
155984
930680
106584
830345
501519
233053
451179
799634
163972
614637
496029
990448
790695
992528
343403
606276
247113
947508
220328
529361
994494
238460
368779
743157
590440
2293
596105
776491
2183
209401
863785
337978
157245
331310
905695
96004
361152
117393
796063
7418
630878
574231
771975
739776
911198
116396
368308
728336
306061
707644
727544
759114
47180
954816
963333
642672
678892
575704
397988
488274
573031
479825
227024
793190
962412
191352
8296
998597
372799
84431
612522
670780
48867
640912
425017
676698
806862
562366
507731
282080
177897
242071
97738
991453
874172
624098
187827
334918
496560
987892
849469
413225
656197
680098
427778
245034
520923
63680
650825
757585
301459
508444
804007
416585
550018
706539
695296
104087
313703
583921
569465
913642
660080
952410
451951
150088
905518
128563
12262
171897
961952
251798
444996
822715
704842
243446
750792
582053
826803
389705
66200
496665
856068
695736
916795
390793
448669
534690
491659
795387
243818
917568
982969
946666
676333
922633
18365
686639
377992
652470
729496
561081
680373
370651
896774
281453
429016
487865
515753
211026
918963
97053
814811
777924
509878
841196
435326
668324
113453
971328
697935
456694
540495
405256
691564
444677
527570
228169
816344
203893
690939
171792
60042
716535
236682
607348
998663
784124
741182
497364
291509
502648
963877
205520
347081
267498
953971
405939
921720
226507
646443
440986
734734
230651
470607
78078
378715
306956
491276
929618
409540
480630
64847
44327
12147
650316
440268
457754
806124
705592
506336
234648
770671
409727
497541
209354
921779
577129
735254
818755
383544
595482
611531
253619
758016
776584
649462
534555
666086
876218
235254
256383
699280
154834
560554
569097
527198
459494
423369
328797
881307
154116
962671
842259
185043
776755
735902
407996
542890
670238
711614
997678
23625
9540
423828
41398
513643
718295
122851
425950
263941
930630
394783
783114
1589
748665
196982
231109
184229
229669
812199
379427
447247
866850
452409
571361
725119
518772
108312
717149
803737
364591
944725
628070
293568
487600
846752
299101
589830
738073
639447
305317
619594
413025
770778
41944
474819
382623
773490
311377
251198
221326
290323
671233
309289
468749
706400
31139
142329
690832
818006
119968
401105
322256
831119
507957
947305
440026
379188
420767
980127
7997
887993
111916
202401
697714
888429
120366
921662
415897
883124
190553
650041
397578
125466
591584
804330
620267
463015
822171
945215
522891
868882
907731
603167
756868
202980
542231
80230
938716
145452
685718
543747
122559
34452
996323
397272
284975
804830
947765
237613
235953
462584
996496
203221
339601
893104
770808
15825
217620
816795
442834
531824
985218
454562
146430
220119
483693
71279
49786
264347
399561
217592
641751
932931
109256
605449
709598
575194
212059
190067
119283
752779
415105
414013
590737
227983
628412
143443
370716
823943
565882
121746
982627
220689
102949
787121
522992
793414
428203
924988
519966
330478
142583
951961
792209
48021
985570
400599
981
267126
23264
127937
496805
845053
295485
659497
268675
529229
324718
947124
183542
978834
795231
108706
737297
406543
387045
235759
321262
485228
743403
30668
619589
575363
799552
476394
595802
557403
828067
800726
199225
348044
811086
708817
295640
816104
129560
964759
21756
64030
804184
865714
451309
52016
600040
985185
366326
808762
603551
797430
164107
536310
218173
769270
111042
3391
196237
651923
847020
923084
853991
788719
204854
396288
712905
247130
37511
210138
238628
317428
357030
80013
612859
819566
379985
825500
20778
362026
929309
231310
906352
14874
253588
779925
914927
231198
98930
410274
506365
334147
845439
101808
23481
730081
217341
40224
402714
528799
886047
815375
592526
403820
947692
940018
480153
119464
306149
357510
375787
522918
420544
401939
831633
141537
743767
899670
676717
119114
929049
829081
255052
586341
693103
334327
280800
321943
664061
408170
668795
519806
756540
726960
681597
115515
4114
114605
931139
686909
141959
286948
464524
935258
856317
89267
696252
977588
414673
596847
962304
104172
461856
979610
835320
247860
492100
219970
490888
215052
36293
428592
929532
486681
221531
799842
285526
745358
230779
303032
252381
330189
711874
976716
984380
390582
33126
401828
252599
253884
664760
746164
200200
371874
433503
383585
596877
283828
566338
450788
16865
437840
489628
501223
597486
317231
835952
915309
836088
692514
838729
603875
865997
550228
79992
80626
538138
360233
9895
332119
986882
100741
430347
833684
884775
47982
867271
514534
637221
28531
969488
70675
341885
922736
74140
692702
664865
307830
119785
298406
964069
556355
368215
394869
53215
308136
170860
1113
873651
297405
425234
899641
26685
431777
308781
89995
100560
273089
75602
265120
391950
768103
977001
746049
655111
631054
187395
826484
790466
386013
632034
13791
348252
125119
135877
987183
760037
146283
801497
497554
805991
814032
760944
756468
318507
113352
826422
922596
448145
962146
858407
503086
516851
755596
647864
743773
469044
171416
773993
753079
978090
93416
908580
718767
505760
493107
258598
921383
830352
775494
920996
723343
663208
623285
551444
909619
901702
418104
67711
473138
703836
447129
16593
838486
733989
884885
216772
404056
811395
629599
295451
564595
480843
63872
308987
555288
499472
628870
855936
97872
928794
467503
690576
45521
511686
376361
9551
236832
718739
849872
813444
315982
556151
313008
410672
116928
993385
126070
210868
778930
902690
655236
613354
142731
256821
463577
369741
320499
906445
736395
836812
148316
722497
825677
301310
74657
415911
669807
642971
102791
977727
620144
99008
541350
696758
488560
11531
201000
951972
478792
100113
411914
178057
633014
599813
28333
193970
425141
192343
108537
565402
187010
502082
881887
899101
435830
128625
160072
296825
273955
219624
595463
695960
116830
869138
390923
557165
401248
747745
379429
577275
54591
823450
79936
366186
725756
287219
221704
399634
724515
851746
201103
671389
83692
260611
768304
210276
242072
668572
691954
972653
510248
544483
186678
648461
492844
62961
837587
23729
763489
394242
670684
305407
405532
807051
238685
887180
248210
421791
4769
728156
959968
157275
17044
786902
864875
398913
625763
962240
118559
725595
694806
887885
294580
736682
193838
620557
994292
942917
523735
156966
286164
331224
644697
500936
163927
63900
30366
426831
119555
41570
580697
906510
563511
709367
466012
693492
616259
268464
304030
647758
914687
219688
609998
765248
894058
429953
761926
211885
11066
321568
116272
276603
201742
538334
8089
33682
414322
714834
522755
341854
653552
88462
606135
297740
415293
684518
630101
298429
920765
925823
680218
154907
654504
734089
174388
811759
226992
210623
525608
907390
3719
21706
932566
144954
407241
830068
273550
1611
396722
84830
360377
727403
339402
219300
71434
996921
759879
815916
73913
29450
744360
686894
60234
552456
851024
379745
381405
520424
661924
558768
157444
921116
863369
760152
59859
147405
27628
197385
193342
989303
371735
484535
493379
838176
834993
933860
668410
282449
607151
945294
202234
543551
888098
898030
933407
402115
706962
187106
796918
844167
944961
764688
154573
509775
68144
51136
865752
126646
754897
36344
273285
597770
768112
696037
534786
329966
785186
229243
784691
333768
180966
674092
244952
903316
635518
559437
300110
699431
667738
370562
133966
168663
164795
148679
211912
960482
315623
793653
378271
86887
547729
154554
387711
922503
762027
986287
636212
606712
938590
929958
250009
825275
159876
551047
393733
597615
997572
343002
365137
633197
358444
224314
177609
603240
962664
714206
711591
472260
698227
859027
206640
750606
61152
743171
979856
988775
374406
484180
374437
160563
736451
199545
510412
337009
157534
219241
324136
297365
776711
757099
922432
804578
837811
931309
996952
700256
314328
916415
522765
962816
612843
39252
931450
55008
984814
506871
208676
503499
64369
54843
865625
851811
887871
558946
106904
231241
434111
52069
876331
700071
282870
75567
396555
8310
419118
968592
679780
918368
860914
256736
60198
219939
294024
165796
397267
81005
290592
657852
731964
624888
810042
508670
791649
706908
985418
657186
297863
903799
423232
594018
559899
335082
817912
644491
525538
867772
7231
5120
327690
821119
383946
98815
520993
20752
185386
412139
973833
338833
529416
598408
795824
348749
996447
822322
639986
976134
494228
52111
92120
960698
795070
64229
644985
906335
985390
600949
332857
835021
436586
259521
1125
37099
998170
139390
140132
635195
243602
961510
224338
967382
367833
594045
427211
426049
790475
203919
476319
294178
986454
275499
144877
681005
696940
164719
851449
774624
831641
958460
968768
773218
796945
418717
944098
933496
749997
811407
451763
888681
467633
98927
309367
209547
70660
827144
423139
215987
616436
654390
706055
314600
868324
945124
800345
905885
284297
622982
998112
661937
897991
156805
185369
216165
534283
733599
325785
54241
688478
793413
116806
119940
978620
513272
649556
35036
906995
58431
131840
482258
978123
374475
635285
883728
887318
749533
848920
241453
334223
203316
68253
509296
277850
185694
368367
780255
100094
319985
214999
72983
801008
979150
457345
852857
398160
156298
797428
355492
81534
266398
263598
396045
182812
143193
802305
385850
582140
657368
322469
946236
124976
463019
976639
419361
254895
799441
760644
636803
90265
511107
917389
232400
379045
390274
225848
95923
92306
443031
397226
179990
698496
805383
800388
374542
586101
745351
63952
292404
798608
816575
884211
15137
629291
871548
284387
62575
491632
359588
780248
440260
722376
901589
253907
325410
770606
751831
549854
204991
530707
397718
23450
643481
575131
660117
586442
840274
972469
633412
100331
493215
403938
209786
326042
107908
245777
929746
847335
382121
163349
645528
517450
643112
114915
862916
872563
369563
141510
305413
922047
916244
664654
46974
296839
241086
397387
460527
109010
361442
338693
567511
413598
357419
95289
73548
545208
513825
216591
550923
317261
311980
399604
26316
392369
338752
396952
4528
357414
770788
155717
71670
271734
969657
445054
924386
830381
529961
612096
259014
644166
418278
450636
710493
503157
222106
76315
673486
20169
954596
773477
662446
880127
818897
933032
892292
740720
413566
80108
907148
935556
423376
376495
206613
627171
90917
595532
549304
480197
567031
934440
137386
962808
701290
812759
602834
249104
280116
91024
964586
197108
416363
581701
51157
500961
532831
434196
581226
414138
92901
513101
706787
520609
374847
958982
611105
106984
141920
268273
350352
382603
880288
542085
314622
962772
119719
836398
256565
355458
587593
972120
875002
528928
47164
915250
25354
753806
962708
425405
427311
731076
781413
533855
133362
969553
165010
403753
93102
648203
315475
992151
509144
512880
227459
637327
466847
952103
313750
738142
192856
86586
656082
427155
331671
994927
713905
583874
80899
866345
996743
261467
777712
251207
783457
372097
851923
299789
455009
586637
493876
359030
337715
761178
657665
813408
901870
543240
774120
110602
22685
872155
337476
588260
58549
697675
568605
692928
45554
778800
982019
553421
264998
442682
399264
136800
385302
641908
704563
173590
840794
201034
139835
277653
953680
533864
288047
430958
374112
304864
556429
959631
992769
263451
331865
850779
368036
748373
865615
859671
920869
192059
219643
20183
675865
662922
299556
238803
717425
884873
859474
865710
858841
623449
764360
285456
910175
559732
339476
171230
408266
409747
210989
425864
723034
225831
752742
272203
60066
395555
301641
556690
838550
127270
627620
851325
912532
539825
556142
383799
965300
173544
788665
791723
704058
27505
109152
463830
830752
710502
925515
83702
371060
719873
74861
158699
535637
853124
496261
223929
327320
608319
424224
783354
818868
236313
421943
715543
248995
559131
831078
265952
409056
899413
538077
961101
28841
888267
135402
803482
120054
578178
777767
494538
273592
529390
272467
877190
572933
237648
940048
239896
558392
253071
62346
527091
317496
114085
900661
484280
837802
944756
562697
714303
170603
87393
818571
486080
953010
956145
612405
956474
253039
648990
590408
253529
548108
694789
773863
176745
617615
344793
494423
122875
321047
84328
248626
114139
676245
93770
515680
753567
664168
973587
69208
616200
385601
144786
564484
142297
751173
972447
811378
759789
186474
58353
986357
513675
557269
910143
631078
319846
170907
579402
30596
183385
185894
205977
953611
445284
762529
655622
897604
594360
823750
397383
807553
998503
309038
572069
352781
650522
527951
657003
743975
186510
445337
44650
807711
939174
433735
311443
628315
645685
737845
293172
785086
324586
909037
314554
348457
711934
533427
526109
389595
486599
760485
980030
327531
510459
111352
162317
671079
416039
277287
392962
441933
297147
250451
799756
699469
886376
668907
539056
883165
366690
523641
977163
570065
207208
539953
372561
309035
945647
7758
212685
90779
387191
941912
229526
440645
559188
227886
530330
712553
958840
862628
289369
515777
530584
973015
208615
755189
785721
31544
602424
384257
575607
109000
310620
642718
980836
803874
107023
655555
884116
296279
224902
122813
760924
576634
461129
572905
130256
442813
812764
25007
291972
157937
845769
474609
515909
115402
381011
963493
304740
514040
453981
399177
727879
385955
930854
24006
752797
900494
426019
770351
94828
348005
202233
508696
487277
329581
698021
45281
311281
897740
990153
64520
471098
110904
56394
273968
508102
757341
657249
203371
233310
348392
317563
949005
274552
154284
924669
393503
826593
176910
645276
884343
69560
616736
395952
749258
352604
854693
972537
395091
343824
238222
262221
349678
518517
821517
862388
546263
935688
128140
974338
464711
32141
15806
870243
715286
527993
288241
414855
356445
286000
992187
168177
250056
992813
987363
774310
567561
24711
559404
217634
359178
369707
836571
148595
924640
229175
114370
938067
499347
262443
888253
287725
616273
627496
978531
32388
672877
673355
757486
844382
645650
309298
170688
1244
38379
87502
557741
452832
495854
154180
402887
488142
300397
371848
396065
41208
435101
260160
787172
682234
659824
872286
439650
907595
84958
362098
398625
361406
315463
869107
303304
395426
455428
390126
439547
247690
809880
931148
908955
576000
726766
654847
371206
990452
915781
486529
85407
117724
617147
203671
476560
209639
195082
18330
620821
318086
78234
621346
102311
303512
426500
297187
123302
29588
207066
594149
123421
863259
431930
924622
935947
323538
196896
713852
92786
384212
172438
426834
282249
75526
832904
171301
698896
554241
600296
128434
483619
806844
110187
359014
7788
992380
948624
796452
728499
822356
242722
189559
494013
416326
72201
415091
945571
446194
31705
533983
549648
469775
65711
281663
810612
366744
677298
492013
534665
60282
709138
38481
814803
532383
611859
483723
32791
716832
55561
492424
663147
161698
996662
321976
89662
651216
800031
924725
762242
641210
734673
260749
542164
158942
478537
129453
110280
326084
527319
81534
577124
989713
707728
903943
516957
667797
864292
302732
768629
336268
336502
119369
563920
676063
270921
69907
128081
302187
458368
239618
982039
952756
996321
385831
251551
782552
366752
357431
828235
737695
699049
469977
982550
817745
758377
631661
856692
215130
728031
512681
249094
216585
308513
854148
872615
305425
677146
269620
310635
941593
30510
558982
365941
849302
558111
404325
541853
248113
846249
615057
98712
200634
289789
163759
820845
71448
468365
60726
601412
843573
465712
819127
156602
23192
900011
148759
879835
307432
263795
449770
590119
164052
237062
448506
91713
621084
576895
1155
359667
886984
824653
320214
586413
802011
477349
81750
305954
218139
17426
158768
363035
439999
166147
56461
841725
990778
640399
879385
732250
970836
929243
762321
834051
692721
653569
625274
362870
416004
328821
404067
361862
315803
589852
292637
584043
702716
256356
768152
185190
512576
926465
283889
603696
50926
685049
180181
299118
49188
529681
687469
331121
615553
805002
146207
527511
150059
641249
140175
743227
817348
468133
442600
428557
505290
191033
457106
918007
993056
425971
590432
143892
222479
826974
26456
96036
734764
933914
437515
367316
375609
64857
414452
678956
721487
918920
128850
424221
723340
941663
713506
594051
313940
140459
668244
835343
553445
802750
35122
372567
260542
186272
506296
785229
99401
731874
753976
645997
640917
717615
139897
671979
649131
39544
582734
505290
369368
895102
135361
690613
296663
704270
439080
223747
378850
702189
950446
117742
378992
281513
93283
803991
26656
806602
317202
687873
806101
503065
540983
99398
713185
506328
250041
985213
289038
293402
637063
68755
814945
628442
621219
8206
152863
745540
786681
594454
895555
856328
363910
238756
369768
246309
552037
88021
889178
22523
184954
394760
90211
585295
320403
305019
92788
295238
914593
553255
631387
5588
639142
653079
730795
990744
95494
988596
9468
799086
12601
51656
676034
878526
338211
803289
890886
551344
61675
253639
548527
377064
511355
969000
390055
838882
40071
160281
703638
546134
397982
375547
246408
83516
268723
740889
544001
933398
512921
759731
793640
765538
496625
130095
11456
534819
643729
873301
187694
490959
514605
400461
834766
685916
782815
251484
48512
970441
386434
159610
18715
784643
235417
268861
47768
160786
217350
340493
305347
314556
284098
562341
609923
789992
733809
568514
272728
335657
854005
971843
306771
573734
610929
116000
611040
22183
927567
6516
996848
27090
115596
921682
295287
502393
810821
866241
130092
228345
846449
659760
379229
982267
872500
763895
942602
289710
54351
708242
218141
8211
483477
816892
744171
313246
616901
853600
545536
119955
150009
260646
655133
336905
635883
649681
983919
572923
632552
60112
104169
659021
362712
88382
654325
44773
885484
716845
795411
65337
20558
159086
585023
938184
716976
244936
742418
383253
215278
94673
588731
629527
926437
776904
416624
893458
22583
372942
722598
901554
934156
448789
233813
932884
762339
326358
666987
555433
797838
871273
238459
166783
404691
566497
968107
220569
200101
13136
186424
44087
332674
252445
411264
161413
974695
635466
744668
584559
780665
534148
460194
351386
574032
110716
496081
426866
464920
854476
691107
361761
501785
375046
394614
970254
263630
283373
621566
975012
941808
686101
442899
972977
754188
744081
478784
924650
606844
862911
995666
469357
23585
101458
245420
628535
466602
534719
440833
278039
797810
191578
662824
171286
690633
310177
74061
894376
599365
387111
939963
733305
646308
753688
965947
332523
16979
727251
879443
105769
997902
698658
509634
783587
299567
857929
558835
460210
205878
408207
705935
9384
481503
144440
116636
351370
554569
94069
760553
420115
869289
268784
631913
557372
689757
2562
759394
490326
562201
231727
376513
995115
494941
206979
972408
210545
523836
282733
241533
586477
245253
64256
346010
341013
53405
207146
697442
927520
978539
434360
325662
169659
459452
251978
63453
697327
263886
255537
841401
362790
88884
810159
159470
632352
586663
788634
248945
432524
799119
101425
998227
56370
341038
141148
329220
168278
967063
606214
324846
62324
327744
559359
620790
449997
264286
504542
321925
595971
852698
179536
30703
507097
408873
898550
766628
634479
397007
691898
131389
670254
444881
20332
218848
510257
921769
173487
879824
39976
166386
975082
932405
193320
744255
385831
167953
458620
764533
314947
38217
533760
591524
756021
6742
816160
706811
717387
871665
423682
102976
878796
750829
649186
413335
178822
290654
421767
59169
523882
584255
125584
362699
878988
765402
150108
847382
813660
56771
641765
982494
544352
854478
828472
555988
162024
187348
163158
843610
96445
176364
569864
557090
839197
85966
278540
358151
802304
220947
566408
802652
847901
663926
311905
170426
958257
360283
215829
845246
892621
963551
848711
72323
620200
429813
216559
260211
176472
353932
770626
825929
927923
471030
370593
118048
333632
255885
161629
321965
201748
984381
953747
329970
984544
679325
668200
460679
606339
520914
854602
155130
605400
710356
759960
127809
900075
269538
712290
446629
154416
734810
754654
553868
778871
597874
142503
13011
987375
384222
310104
452544
731800
189727
532369
535043
703533
110111
959195
285713
641520
48793
390272
8776
167390
150521
679405
209110
92277
439975
385389
386643
723799
272550
109868
356476
978105
514731
149701
884852
693309
29937
914956
245508
290687
427900
280380
759340
868280
502312
80307
571036
623645
916866
237896
895097
462404
770204
938003
132056
946723
457432
150828
664081
832603
706237
571567
659587
173696
492971
300820
140302
573039
791643
558566
283901
338508
527108
84106
652041
124832
867738
423658
735488
148622
641855
769437
75735
75229
643152
472275
241764
799045
287254
627196
605566
407384
208513
721339
382162
276284
44353
202345
513353
933322
331785
643924
19137
809925
79154
365236
501064
280145
767570
581487
747571
919156
11905
46924
179442
866843
677079
41732
610734
881909
96551
81481
268581
864859
778385
619261
990337
505097
877203
883906
613069
194255
508277
626806
45126
865434
580936
748370
129065
190084
194974
854663
634835
817084
136793
844427
649283
233911
262017
620046
482471
852364
787299
200788
775427
217428
106817
374605
117611
973608
370671
393331
873379
736908
53408
326128
795771
106325
789606
637458
344937
370368
830032
229249
91849
200996
668148
279012
815719
279623
214969
753131
900863
1079
557079
65681
336223
594393
635562
780042
638524
578825
748147
870158
700001
387615
848883
805094
513180
628400
177690
230200
315473
880006
118467
66761
314094
498041
459925
435207
882420
370141
483875
808402
252661
132248
733875
248820
483833
676767
861262
277376
192276
438980
191369
578145
825705
851088
239573
833928
967020
362295
114002
602075
548417
178994
984950
151718
375146
424132
445265
435214
890566
919364
57776
896400
135818
383968
810433
594028
986518
878063
54218
379615
635114
762166
928455
440942
863237
183764
310000
524878
683832
254005
778750
868437
233583
850538
405942
94291
363101
56711
34913
688420
492666
404283
961587
873234
240222
980940
380077
812492
664300
699689
293960
856391
714105
233580
684377
460133
563672
574803
444159
678287
436691
852684
389512
540434
580516
840066
157898
151012
146048
241632
854710
75626
238823
527601
889772
715685
785786
192994
488729
396010
608704
655367
516432
89376
73757
170973
91803
357927
103753
363749
610583
199132
844872
815114
814595
355895
614000
350892
429199
169877
84159
991533
763317
879566
139756
300394
190748
206770
99130
474241
153946
946064
867172
483967
259508
811928
639282
469854
897153
130066
640953
662286
393924
679709
558435
274174
632009
298448
396085
114955
685182
31335
386039
619836
691156
978677
576267
346937
883997
314107
456331
930007
151221
536435
415938
998584
366864
54134
12769
368155
464568
355224
465861
314399
483637
851374
905396
316968
316432
429007
517614
228122
76490
530823
452939
510110
793649
384195
172296
265224
629902
807063
35844
811374
3023
830886
666328
93086
166177
500855
442286
193860
134439
733010
902811
852613
422561
892321
445415
297135
251068
908530
713593
947325
864504
165224
212850
296011
324013
758195
929032
495845
920603
474322
760308
688201
844186
312559
832375
591497
576738
87979
135167
753467
766854
263789
932854
79654
253416
592720
772881
373267
682232
34163
487188
860585
166592
231190
832250
364769
393652
582785
569471
135475
390828
266911
976416
495617
703706
693225
506325
607349
368839
400430
109911
534008
690189
399906
393167
146368
38759
842521
600179
150279
391066
788258
646577
60089
146515
488179
930902
989515
812792
816544
521124
894456
671530
662295
231272
577383
913882
843096
310293
563914
705509
795967
624570
984027
108288
707483
447284
138514
264233
875288
359901
761231
104712
703954
789336
802847
555986
538846
959537
557467
464765
248626
179869
912008
213153
321003
408185
195244
940583
784459
993764
14453
145375
109632
517945
760858
817604
96156
242890
579209
162609
423510
424335
734182
279306
722361
447742
291454
549092
505979
884864
638860
84280
488045
800425
937089
76987
846481
902667
425206
205412
889992
876761
623422
244564
901144
634624
917484
752211
999276
971461
756222
582048
351196
799493
895524
156703
297564
803218
585060
358662
815733
940470
783701
10895
620189
268731
853578
623787
596013
617890
950997
617833
577258
783669
498761
275813
647192
516640
739996
417479
107639
32547
683949
395601
71129
807466
346764
111806
714002
493023
926170
530244
748105
103428
357571
7798
303904
993457
990912
502629
89078
240938
401694
668184
489909
908111
818469
362842
845822
587033
129692
670670
982508
773976
513060
725620
171383
501664
53604
334804
812015
678085
948199
82411
925868
977346
301557
278365
484614
523303
369029
658784
67400
983806
535618
319695
6769
573629
618692
561543
12209
803849
340032
636670
465374
450427
962080
119716
657874
898592
375951
442948
527889
973586
435406
212187
16932
140302
208060
787086
423385
542906
166836
660974
185973
311958
903914
570266
847073
467696
188861
858286
909138
533829
395626
946131
589106
229817
152878
644124
165038
425200
364834
158800
395713
307988
808227
720817
320333
688709
256249
631881
640722
398259
578845
942382
774971
912768
422717
960174
333182
155905
762604
821858
448937
572411
890231
577280
147855
790602
878453
410998
362655
998909
43735
780163
733209
401759
616060
131649
50964
643621
980949
242350
748632
876042
620502
920316
49888
567843
245150
494562
921018
803735
835799
880676
17056
329732
229685
848190
631412
884260
919832
515731
761036
160057
824782
55817
307153
183140
307879
258302
373660
601087
308955
963492
797647
168155
586934
530938
381200
594763
363645
433365
653466
209320
670805
680668
737434
596350
482624
783698
19132
580171
748812
967189
891337
88611
512962
124479
486112
646852
799950
54261
43613
743890
383253
460024
756615
585352
952722
936302
173967
361089
597497
953340
536770
836810
396062
142218
528526
260928
890243
753067
102277
497375
721409
243727
248009
594002
846470
789426
265133
119909
788625
495584
704600
528976
699711
78179
595821
682696
338821
705875
60279
968791
529165
399230
477967
920212
940553
175972
944838
599978
178998
231923
915900
534221
41688
569558
398661
79236
189332
37828
32078
578854
510798
332945
399346
75525
334175
939149
591688
166956
931343
346615
697381
136018
199316
753024
345685
154617
378195
990492
628951
929093
644014
768962
197659
921666
307726
734822
190751
798029
712691
475710
681946
690607
731545
815353
83157
830396
405700
970446
224277
924374
608631
748579
354992
406795
733869
815283
959265
844308
164445
217970
820718
463628
485316
828575
504373
877149
414433
45076
938302
12342
514959
475325
640264
937633
338931
791155
592876
190678
549416
748489
71337
92080
902775
350114
301396
690652
983119
809329
404962
365312
125466
191440
576991
811556
334050
974608
238540
54708
601133
13950
246091
855822
77007
275094
582237
294103
393672
402327
215728
543576
491780
385568
230867
116918
632963
808040
914865
752006
984136
224395
674820
26966
649547
593070
475857
360896
504972
589812
916927
768262
533996
21349
90627
158792
333274
135185
58141
760126
827539
769696
669634
904741
418317
940697
824409
395502
177541
297915
87824
206209
932281
396442
566450
176410
457190
66986
347410
579894
543241
420345
118967
757914
437847
229730
533326
634504
479203
142824
371562
746885
730850
430038
365155
278888
199060
730851
410501
461838
341122
796832
968496
109829
951368
759447
393941
513596
467842
286555
610193
644770
677878
611048
312515
646077
611299
672254
846422
974554
751688
475373
978375
622473
74659
334810
850949
53728
290731
642472
317885
805136
782603
490486
766970
515179
221251
879027
676327
916473
720524
157922
192916
438989
316804
245009
371252
847156
415538
307463
117666
894576
103264
403232
936128
379922
592598
928699
416432
810757
181718
561817
197194
312739
137506
715904
599927
198968
482630
527858
735222
476149
8096
58823
761253
229353
441127
965890
988757
819979
713180
823625
825598
881757
525220
341272
46095
100148
951771
490860
745520
862949
98213
592225
253177
811322
392405
258955
61355
683491
328532
743067
169731
697833
912319
991778
846127
948780
249439
395043
48552
241783
769789
135887
631993
561515
893247
893111
764284
61598
780476
254317
81013
354739
538032
682970
721814
179183
416569
891191
575606
350893
388794
132047
939430
148562
904823
615451
91163
55487
571973
190000
989882
591363
94721
63112
773713
486731
796518
326943
639534
129470
304931
584914
685391
990674
856434
102025
325477
829426
980053
130564
965191
543332
965189
581049
110295
639393
473339
211568
691426
267644
101798
313813
16077
4999
989411
119657
198764
756857
481826
465481
871733
562057
930591
72453
146486
924919
845670
273389
41134
590532
783184
773447
183593
679760
19777
63504
956842
616073
203507
991393
560485
84389
922180
960649
757770
832276
736646
192994
702703
867221
672626
154201
254959
600351
535593
479695
459780
71768
921810
584645
945543
768574
915391
17350
774645
670444
313027
442109
921786
252080
443649
167592
768262
998236
526947
976354
707520
169171
291652
431133
839638
895164
948227
806053
419989
702967
493584
845185
58819
984055
526862
293050
932153
518849
504177
685725
878853
143839
407692
779624
205311
424436
342419
532599
176209
604499
69704
572475
218496
497736
958544
30853
391772
539009
313911
946634
574610
285645
810196
500766
163016
109114
59041
718296
608021
91373
400403
123089
784158
567275
646957
278232
856296
413202
301998
762529
51621
374103
442598
304165
497628
807172
761940
35423
208866
406313
205001
224546
396368
335074
693430
418938
550335
111017
428741
54973
989728
4675
653872
311349
306871
328086
595375
308706
282261
198127
89504
468736
168590
117439
346736
645648
434536
670454
276693
693240
302562
225030
382379
749235
864973
309574
525066
579718
451390
485408
165171
124664
785106
592668
277292
389656
107932
976359
868789
135536
582215
213791
106633
871384
247479
786028
897
591184
412388
117018
39211
228608
965538
312265
160792
41180
161711
704027
926780
156708
153906
306689
957601
559193
992491
359682
134051
712459
156081
812963
997008
87851
733681
668953
246853
717189
84519
124729
651352
691277
351137
641849
588103
217694
445129
309895
483052
726538
962
156152
385652
888054
739128
591901
419286
202239
916686
307356
134572
143386
233071
604365
376907
143223
531167
553810
171985
830913
993583
389648
164507
516518
495884
791704
711817
163535
924763
387220
91419
404803
417939
383795
189539
473233
581072
543776
919134
840097
750775
886933
114891
648751
657069
794914
233249
71833
403442
647113
65849
718615
198905
592159
797804
762460
221767
14
115619
171080
630317
546970
885757
223342
106735
239297
800313
197436
741042
509375
411818
910712
165972
218374
448459
943864
569905
878627
848138
364821
634222
997055
273419
916078
161550
777150
200842
613668
602339
119126
328498
714636
144953
775841
20802
601022
611930
548081
686767
253365
847502
397716
665109
934213
174479
162839
619849
367201
616138
560238
864644
899167
154985
455776
451816
505559
291395
102528
895089
36149
750944
658928
18457
236692
137373
464472
372385
326268
230038
340903
227825
643808
36402
970288
197307
144662
122424
413516
867308
659378
719145
832185
962072
187508
148512
190102
227472
908750
419696
499202
522755
205402
110133
903011
40243
662016
736118
432171
714216
240632
908334
532381
667395
194320
482365
531308
174366
771746
77750
977982
921069
588761
576519
977160
939772
525756
787473
492975
528661
118577
112231
362488
76990
81905
899048
544881
547449
21791
892238
836979
633802
464015
498230
585976
406860
861407
544574
823193
852798
330456
195606
626602
687347
335665
749942
176603
372173
315072
780230
412636
403741
368778
480431
754890
485019
488463
416161
247606
88251
597874
660657
254378
580303
535662
886293
749093
83789
689385
648092
194901
940367
801044
821554
984403
654222
264936
14985
964619
841084
710651
742941
523580
441979
571847
215677
363733
9179
959248
337845
133701
261410
359448
731898
512080
742880
897577
650937
47430
40225
24225
746946
733870
922710
542442
460226
128926
786683
622445
856649
189432
544519
994439
512319
109605
410859
694308
363708
721248
556358
49533
144578
587314
803698
145306
979058
298532
335570
669726
421607
133602
398551
641077
501962
58933
122244
674379
913116
850279
313596
285525
930953
247052
536832
343242
392466
111194
291734
171011
806716
583902
405269
668231
37665
915516
535245
118284
650389
223137
195650
99340
956167
354261
194374
781151
788695
355888
760491
581758
885341
480234
75244
130082
145414
940339
555288
236070
940640
922278
848140
331861
361858
66748
985658
36532
993200
116471
306737
915800
827148
951695
170757
777532
92956
971589
354512
805912
631540
662433
686872
841526
990762
850871
297895
640155
348559
381235
667636
673235
254499
716650
929596
297268
24152
372560
470608
380056
188199
10075
299966
963124
830590
418062
429139
377419
81970
167165
84133
852225
688647
919462
803386
605216
681464
518128
553130
505803
391319
562887
962929
921063
401915
7567
815625
521580
695511
891732
523476
109891
808104
107438
603475
862144
778763
422950
20436
330540
475384
249570
916139
940448
322094
375780
849617
10297
976065
95666
104772
508951
256835
278850
742259
562015
405558
581737
137551
837836
885524
874298
991810
150380
527054
160107
574464
238851
562841
516994
42689
573354
859554
708432
356220
758179
610422
989683
475944
864856
335224
901953
113038
592674
148132
979327
277330
506605
826483
22337
93025
773145
403080
484493
148477
469605
709570
724839
950046
410249
568681
468264
212157
674686
737691
324670
692950
797067
450166
584504
252929
306062
212857
51181
840164
915522
628951
328890
906096
569148
37560
818287
455930
634904
581968
837318
341984
457826
686815
750114
496637
296697
342000
367042
613614
816030
383443
713975
62095
319374
337505
217493
942638
111664
842763
187207
567136
615955
7517
709485
321440
668642
506850
69575
401220
576699
743704
963309
666835
195804
173825
954630
637704
226370
577360
585189
902143
205928
341232
814502
431164
431506
179578
720217
240045
46706
592047
134967
752039
860945
521653
678138
318399
775864
27606
658020
52992
999237
632233
48718
815745
375310
644991
939633
547664
26759
907652
940402
655254
466982
275819
509017
862729
961006
401983
990844
467166
483108
546748
229112
804925
395912
265832
962372
959777
818318
584578
293848
647309
88584
672471
384416
629473
118543
308705
318948
35709
53358
881163
410244
83282
656879
726305
168776
673255
725384
395703
124082
677282
603639
819749
672283
656447
872129
58638
701184
488603
5124
308557
579594
493358
706456
14261
535281
614603
487998
846632
297404
479191
379734
349196
872166
281622
653917
458485
229393
266044
974582
42090
292919
630272
819315
707394
586504
441804
265363
743080
722649
894183
707961
266492
805407
300884
976970
571026
175983
514332
626444
410817
488387
351615
564137
816541
184164
910389
314732
64279
703971
940944
675842
13188
644149
779846
352025
845106
434292
660686
272714
395103
221150
3319
812345
268572
312642
173099
729809
603963
677015
896888
917977
779030
377838
199866
517703
785154
359183
280449
26063
344451
458388
202704
334437
384766
610997
595750
363672
892027
291270
81589
934602
126920
918338
562311
622873
126982
5825
6829
869951
465894
145250
70851
195861
711608
54227
212694
854124
876923
631445
546889
382961
940943
196087
303922
12376
112676
460883
712194
59709
602208
458777
682450
375258
618473
633226
15654
115249
830853
699468
408675
278977
55194
122410
841804
923111
371650
650226
954308
911286
939224
392730
516554
997519
344170
570021
464531
160979
249327
274552
16860
752021
948518
831907
721998
707691
74577
787316
906839
520090
561228
200313
670883
260030
554825
906405
453600
824854
853963
59124
728689
64087
421798
395977
704850
619593
123252
770148
699398
663792
937908
769310
184832
20821
198864
880393
393085
870259
424520
971256
985886
22744
345146
184052
328820
869215
544442
758269
560920
872794
814920
248610
472539
407496
432671
847892
101531
420802
137739
291199
978340
738389
285711
372068
549699
418449
872358
654192
164776
249185
674684
212219
436158
818880
162217
280614
32161
126607
115276
157878
992068
575499
505860
297013
825434
69289
504478
89978
293596
644480
173211
125551
602069
653291
711291
13298
481726
836184
493660
38109
351160
19386
213381
206956
510685
217219
72538
23709
164514
127698
30102
191611
393428
24133
954304
174850
15915
477709
514569
706695
811
361404
133291
830760
624853
297075
841024
139164
837116
974208
618312
813076
864826
2686
304200
426501
529895
93770
689973
990383
353357
932268
244469
392251
372424
974748
644765
313166
278094
509940
771512
928965
736623
766072
139680
215573
200690
153452
966861
719185
190505
256147
566789
266552
6763
849629
234086
476318
851502
996683
885262
330396
364150
851832
353881
735204
429640
577693
485568
357129
815659
76542
281475
591375
809438
836961
684146
463573
67883
259833
421272
395758
207389
61729
971092
215112
234770
475953
624479
607468
295867
503013
5228
812855
790497
112612
127163
852454
556173
637444
897272
384821
128730
913978
955247
668826
771734
389408
743538
731700
905600
242694
926909
936051
990869
687511
301547
891986
162711
375903
228172
784095
953562
431368
135683
268145
957483
572008
730263
497275
114499
538961
852104
805803
654814
120496
209146
399066
519526
439123
532294
715669
359063
659522
920069
949223
531271
803488
113198
879633
409343
110221
401248
643905
420451
251842
511331
226425
11328
684206
204657
8979
509814
495036
841022
544530
688107
557377
91751
937937
691249
166377
402113
701840
127074
894378
939549
113431
167750
889711
106514
81752
409618
485733
190801
691911
232347
222030
841983
811861
562030
474318
375229
268063
924014
617206
188282
213548
870109
408505
397846
920595
372722
738601
366009
36709
594894
269082
61309
549123
591478
833182
434759
986040
678552
81016
812650
221217
18714
16547
169536
119015
44965
746061
500151
160869
756080
500497
226347
108173
481078
799331
527435
709120
5306
974806
945240
935429
630746
348653
352566
311777
483598
466699
114938
763947
426108
855398
646807
21573
201236
401072
561582
674473
990191
78251
559359
946525
846205
825357
227835
329269
99218
860044
558439
120041
953373
235915
374115
452999
452742
894199
552741
764211
646038
402243
857126
945628
171342
481112
7265
699938
862825
3410
490657
853849
256363
401068
450274
848192
119306
202349
205861
467765
126036
525868
836866
646856
359133
214803
819772
827410
225401
48434
446357
557929
292344
266854
820728
123579
769263
318422
454397
422632
447722
471968
958147
323041
60237
661371
820918
237427
50731
73627
7352
371296
66008
465954
373175
577858
612570
747833
919466
35583
177694
903875
591464
246412
814843
113560
903224
570120
952438
15861
437265
100922
781646
948857
481175
925532
716680
938343
985185
864286
35370
931172
793241
406524
389397
641882
334082
946244
818376
251525
723451
715719
292147
449172
449275
141954
165787
174083
373628
45891
144697
106041
682303
328766
641168
298112
520323
304690
881564
966835
323856
772924
395800
693882
395870
622985
434511
301037
716949
105328
599416
801102
869309
342282
809662
647828
805893
459095
940128
934971
282516
199711
283681
577311
178420
295704
756335
509442
74573
723507
920027
872774
74050
8880
668229
832769
431583
159355
400441
819105
643029
596096
568535
738264
638205
828194
353225
84168
464550
152920
927352
381238
421669
59878
919544
1728
513239
468826
277859
485721
464602
732179
441264
821072
353835
836812
601265
751296
257528
327291
471056
722110
32747
214550
79706
586366
972420
704456
11990
519041
885384
409424
78171
560547
439677
50328
354286
374886
91027
228427
785896
130831
739745
116887
190798
966645
588724
432770
402032
218266
525030
866630
844323
404228
66433
65738
992362
921251
467969
475207
170845
277261
875476
71439
181634
52941
964366
685693
945100
722633
469303
290856
875602
893697
793818
541843
768741
943916
589008
741548
758482
510972
748869
14949
710702
818843
128357
520420
509943
918952
986399
41844
732254
246826
500310
254431
913238
995213
465329
233756
382871
910527
558516
384754
171290
181402
870936
469597
655789
330541
615142
892584
75699
854239
201848
878587
512163
19723
447384
435564
212956
118156
406500
393656
567987
142242
309636
245734
930858
530137
260757
524846
916490
53562
304780
10923
114650
389891
829681
741352
653342
946819
952274
88960
624390
254340
917011
861610
34205
258664
249595
216521
368122
524939
625556
814405
862958
175414
377978
51580
287343
813132
181134
313032
114832
468650
74088
187935
318325
60377
543703
185799
262298
294975
29651
383025
442881
889926
109361
180803
351148
849075
579848
255163
265938
419094
255954
36463
258475
254414
358183
526571
927236
694581
664383
350760
944563
678594
822897
435092
578952
688543
436647
313440
243369
881301
386844
942577
794993
63043
666221
97574
836708
249121
117820
129597
407601
30525
90089
456030
418953
921084
433693
384252
603163
348674
987051
663929
700675
501913
502032
318107
622815
457931
764173
819578
401875
703078
992908
34022
473159
559241
401271
827350
845705
606337
789787
58890
205522
709531
549255
192861
92791
540287
95876
661196
135443
780166
876405
285451
704320
762130
387040
387898
507491
584497
349401
716940
906143
20726
249266
375994
957616
354115
143088
956029
533101
781216
7339
438628
758907
586907
792225
572713
961254
12462
844972
984476
928608
782349
586607
309216
328016
536761
597823
815942
800925
701289
398882
715656
171567
536082
288990
221168
987933
269217
458090
173342
774002
73870
585487
677821
253773
16798
97615
804254
631941
351820
843387
228162
494426
15902
932882
506193
637129
522514
106573
213931
926645
985539
549710
700694
811312
189274
522716
791263
623294
78889
739492
614343
881015
824920
100917
424558
628179
550663
367743
470221
725630
872606
907610
844034
424773
55557
565554
16670
543389
883029
765692
263261
880597
164740
78700
668758
289195
812654
791145
444584
402684
623484
641541
146566
618463
358113
513134
586681
175141
751349
681148
453538
446435
594092
581974
478338
939612
19110
20453
576921
43173
8878
2480
367081
21832
970621
872844
417113
846451
907351
115826
187893
466512
324756
468797
703384
960002
9883
956061
767829
986185
357280
988393
866480
632094
670390
430139
125158
264307
813769
295157
440937
679522
405315
473167
943926
211460
58450
180724
116704
234605
743610
573710
653261
788936
962989
553119
575169
414241
895263
494126
924471
423004
837549
672773
626433
982440
729123
59735
449717
292805
789554
901785
289914
211622
889977
104987
977528
769113
285978
591521
855002
331342
20735
530717
274794
881001
220331
2586
232900
731300
151659
708166
230930
529866
126701
469307
729042
223038
885220
481545
354093
566960
384888
458876
153664
713039
204086
785993
871610
793264
415461
503051
248770
791628
994041
391265
60836
301397
237163
80452
192239
722014
481927
461356
644320
998403
542902
374032
215853
765472
754638
669825
679885
166986
655908
672789
820822
768843
307200
598184
401200
347954
399808
18653
241128
666295
749034
838261
556620
486700
783155
508441
270552
849253
403592
263837
311598
955934
112092
832556
556478
558518
40164
472317
690231
381637
373248
515071
209979
903106
494187
732810
529081
218082
380877
816754
318720
41762
511556
356228
537194
824804
495020
997758
320554
134004
462425
144220
986328
43121
213272
530119
536147
841938
952941
358975
902993
706877
43301
525692
469673
335945
986805
408548
793719
316109
168494
75402
836754
191818
457286
533470
976710
666561
829612
896510
303707
184390
155735
466555
774374
360995
742236
288876
808927
912777
315675
580220
242622
355379
766705
685341
287205
263602
725195
418169
513268
409039
855234
490127
570022
456875
668866
696475
336720
824919
938951
988959
760122
888090
528558
616563
472177
789494
298719
741069
263839
863530
170118
118193
718646
386133
996994
886452
764647
624141
568241
79174
327393
432629
18318
684565
13296
665559
701174
861423
808334
997049
643896
609753
5370
623119
487993
866415
171505
87535
477782
558180
551370
616841
503417
64815
489344
643454
148936
242589
580811
234493
889286
22788
377320
269936
313924
105815
690250
289907
696012
715978
208241
543237
187912
55185
596972
588422
617407
795085
697810
3274
265865
340451
732625
400954
679993
447201
729821
385556
833321
662711
695242
138168
612870
777274
546562
29709
775342
703953
246704
791731
287701
20017
668441
524444
961629
901401
415025
79689
47391
878789
223833
930505
132788
480600
665492
405106
684345
825611
644023
734306
278556
979770
142877
496703
148971
215780
406894
728364
190583
351723
786370
162212
930580
758765
739654
448640
648122
779788
221713
631607
773572
561738
289272
71702
100134
938266
858464
595972
111346
638103
355051
890139
178592
803854
167039
651848
550745
495215
75125
76490
906491
468616
486977
1811
303758
527131
378318
66097
420834
132839
735997
604655
9024
303971
49101
863723
296348
380463
438370
745680
355559
706720
340884
295742
456787
889413
179266
896892
712316
149092
54372
813657
52721
801474
910722
403995
550899
636199
889934
780744
406478
501375
377237
803731
441999
299874
216846
98016
943051
288077
376279
328024
951332
985751
728887
256583
572163
718444
830794
561081
633222
258987
931582
597635
811027
564308
146435
597355
163774
152318
791224
977156
93026
249009
773870
746651
459114
190854
560445
931937
663542
431733
994178
150708
425260
549350
981735
163665
99081
376249
900046
431724
394314
44859
226370
944907
258022
264353
189590
452054
787343
324646
253036
352882
279624
387647
859672
110559
131156
981872
990687
921088
13702
680259
743140
278679
809442
179469
338472
795922
693032
292873
662473
776800
37925
307577
29743
318789
613100
94520
135550
32693
259518
983850
541514
500849
774496
628981
833253
309031
249866
282104
247426
831974
890489
667186
257435
551885
809266
880715
194124
544176
876492
301397
645529
622517
203099
40203
666519
456713
28081
844751
455506
604222
892134
940139
964945
90999
293964
683078
348964
374620
25152
611044
324649
522281
129899
458541
591166
498464
835490
129928
541379
905121
413168
903952
929675
310682
119402
743335
365137
179646
389001
388527
404540
907643
300386
831277
512921
973906
905483
728656
827923
145981
890061
823001
594818
261992
12135
809817
623361
221692
958381
103409
515518
815582
792305
390966
225012
3587
278535
689642
630438
66297
33560
991363
753948
367738
786316
323832
583698
589037
902440
261790
632034
746791
548147
651606
595763
178880
520653
255391
126642
628950
143658
211407
273404
118549
135876
790150
148309
415542
796428
515083
441934
694548
642183
787984
909422
146678
196680
278469
475319
996256
675461
993590
178796
680434
220157
138990
340613
897442
597724
489823
942810
986968
264474
233824
18096
713449
719560
658048
91275
780584
774053
948201
66882
391257
11360
128653
841298
865739
176886
307537
232243
361049
445338
716756
219033
554131
13164
929771
803031
214710
517096
786494
890577
152941
922053
575007
631326
282645
690303
677794
309907
434131
382512
853259
843414
47565
699173
659851
820039
850261
960250
656010
746039
290184
541135
409497
927610
81885
679160
611737
750096
847095
599644
916903
543548
746339
134075
79643
50320
186046
986877
851232
469247
547263
191589
513207
78584
861407
815595
676005
227781
670913
965004
827077
524367
61294
67154
525411
849636
228000
383356
937349
242013
78711
698796
274299
110139
142988
252361
80348
821809
119731
604020
799033
425724
883417
109747
153319
344596
649589
805446
162389
22163
213418
164159
286226
895592
295554
153330
191582
438562
555762
192223
626033
436993
142383
939258
515697
346137
209519
49212
795934
706714
914611
579648
401057
986193
292446
991420
224719
816563
682081
201474
776547
592686
888011
144798
285876
715267
222459
21352
506430
668364
763741
397655
977145
775525
8405
979206
640919
983937
141383
106718
231382
975442
620352
849047
794387
903607
592474
702546
388850
685383
892066
433502
144058
11387
185597
97743
307375
472293
262900
782062
863183
610402
991
3728
43705
201037
730220
873634
802484
343413
976289
139610
750833
733894
575445
283796
23532
631192
739101
140878
683450
281675
914327
408530
268226
632099
371034
523339
726562
924153
144799
567846
807820
272180
842178
453303
326584
439750
377545
668863
909230
330314
146684
234587
891714
118593
320672
620178
443297
5411
53056
622252
713895
798136
332435
741946
341513
403814
828300
393970
278631
241712
89231
597835
862883
3042
735493
518426
723632
206083
713728
517667
244089
332258
132329
252548
710301
446416
808466
643739
587440
2244
7054
659009
875673
166174
54400
252533
860054
401985
716531
940687
52602
187658
971916
417767
4442
910773
304006
69883
123037
63650
250636
452317
274642
193862
418421
684836
293314
789669
365120
214269
711492
909856
574432
649322
305020
79849
377069
183704
263768
250076
63115
579714
115355
626540
675447
17649
711623
879431
186205
439141
61437
438560
980517
288063
462411
978698
87482
519015
822293
305281
869783
658076
894109
358073
867320
350300
917722
192287
651238
971246
254327
771627
897551
532791
317474
862934
635274
163796
720301
3118
282868
549327
724536
959920
327520
848987
462721
109678
748448
185560
166668
856883
335229
120265
733712
388428
632386
211400
701469
265555
955290
151664
175992
746933
420087
765932
399878
907970
973863
139624
173279
767469
332563
602341
524002
147230
96349
103725
414739
48914
940702
620791
606821
925068
510024
219215
944429
121835
462919
993618
242539
359924
578330
822452
588698
635628
334456
437210
527150
679561
604853
755423
88376
437349
610607
109469
31388
56013
66158
707393
411467
986368
884562
160573
64452
620009
292695
599726
635652
811480
881294
933780
559437
170066
510547
879362
823893
68938
543216
434420
637063
831609
429768
332912
816559
362531
793228
841114
719586
696403
111662
936432
444872
659039
49419
251579
918872
597253
570419
186223
473892
985048
23245
674924
670752
787994
163379
43388
104394
198351
2606
222517
213305
981754
187956
806607
183833
752208
770122
542513
42119
879116
383170
598529
711281
53931
386605
25267
319429
751050
666314
577605
260350
831454
342237
83970
161918
548608
376702
904228
877559
538827
192750
523913
699283
276183
670737
677877
236511
617229
548081
608617
811095
475195
824463
877017
482397
646138
366653
10030
483992
843119
33400
482046
178747
803271
66554
146008
14843
226051
217763
184443
145260
159199
564967
108566
382176
820497
26547
449002
926044
832098
730698
250132
500782
829498
850393
86465
103230
957601
109092
373458
307263
750112
732069
184535
108420
252620
301868
978945
275005
567956
353110
848768
823269
60908
469360
45511
898438
321346
109917
876226
412436
404607
327601
607796
229930
395022
255298
360997
954221
725806
997359
923011
76665
132175
734370
231306
483254
748882
350685
179135
373057
581923
796234
214280
623780
428185
581894
921398
383562
34241
687928
478364
157095
342130
892782
110043
507222
698720
568277
908160
206432
172979
591955
385740
567475
741440
126889
912543
277399
467238
805683
915089
756002
58404
862958
350319
96422
421650
26956
272293
696149
205039
343459
384451
541437
680064
839150
523461
532295
134330
757690
129445
574152
607335
73454
299782
331898
723194
853823
163362
743972
332205
493747
197339
426362
928229
150414
252826
294726
602692
888319
376215
529221
543052
112648
800105
368386
53993
157731
189392
226235
671290
153363
183785
1995
191216
276484
658917
567050
903166
756464
966679
656224
81587
230337
505123
88227
960530
701523
50444
548798
662080
58643
807872
993764
702047
974036
555369
900300
200689
705639
382497
246946
283431
66387
328006
9271
141976
628732
447262
43831
731449
429308
280343
349440
382068
901821
243283
134958
424347
535059
365614
736014
836200
138693
957382
528866
699368
970397
901907
167829
49179
211560
470116
683017
211141
86157
265935
596566
548233
950166
24694
679740
669196
39520
887613
265612
483049
851690
167713
290629
815524
529052
258226
717374
961769
64987
772270
589571
567582
607948
932548
601181
53777
289429
324103
22273
443309
101363
554484
977291
884202
734816
656277
773526
565160
668908
288878
435005
846156
778740
733504
422902
833343
988174
795082
773160
526932
760608
567550
975448
149672
386234
806544
509562
603862
645483
266465
934506
347540
614309
884916
810796
168028
532656
616034
911815
819860
83616
858824
300235
627061
327866
867489
395640
859131
653658
13994
228211
291789
483358
621308
858788
238101
606780
749299
202807
631622
735860
682358
142954
968579
616418
287316
483801
304386
238561
492130
381854
181423
876547
107534
87662
434773
237661
146980
889825
936485
109868
785900
667537
549865
933880
363846
160365
747566
617307
616831
942645
30835
153270
789167
36397
556341
736012
26088
626154
233594
881280
163224
375471
380591
412250
370739
153368
495221
324566
298543
242904
908759
495118
488034
864970
105
359074
294757
904642
184446
976879
844156
8535
997350
19993
24793
284864
968167
469219
612604
685182
64625
927272
648857
258084
982859
561073
447700
272216
323890
63974
389019
347906
135633
823089
847651
468766
513492
678109
828859
714878
231015
483525
79029
47651
308393
54594
15019
842987
630144
335015
858342
851646
668355
580997
951609
901495
382325
788486
292805
333133
98897
902823
217760
409282
946807
647163
877252
132822
842518
14837
440755
274788
949755
589102
987813
875121
650175
91519
614750
615578
798970
38076
585327
730083
608976
935017
437117
295613
317181
186520
531194
476646
31798
898557
512589
141018
795199
152471
264345
652903
42425
255079
247263
278651
682857
833421
19750
458247
44980
279099
275517
98422
74593
628758
833913
245951
564513
523069
195684
714046
299328
698263
230615
764731
243221
879563
693113
44187
962625
124640
536138
466452
410040
173892
749229
338819
291768
547233
459389
883241
249947
17878
329386
290136
542743
89958
359229
910688
4842
403200
469875
488848
934649
729522
219480
769047
398481
429187
593303
386725
60996
917465
943230
598266
865745
299296
688786
399736
263052
256599
316898
689191
644615
498518
681682
125632
155593
982050
2935
304872
278819
403751
966457
116119
205597
29020
629577
809664
353943
764293
498010
37079
545836
26974
893166
155009
95844
911907
372447
667607
289642
848121
318453
995081
679470
620970
270100
459849
86446
230643
813884
48451
810364
640290
506565
939264
898290
802869
220429
873408
996899
269879
141419
260921
555984
858733
563951
692748
345488
284164
800842
894541
633237
733409
101679
149538
178401
222770
813568
285519
275258
25935
41007
497601
584865
981758
531769
372509
573476
397630
637801
427092
500609
476356
148117
165648
98344
334423
287242
37079
808805
971930
873291
693661
757088
510731
446320
86888
803489
225679
902249
370583
850990
193891
864602
536253
730783
680344
330971
150997
630106
152871
195053
800860
741410
281811
364764
662445
45036
97872
224641
50252
599704
463434
842107
494769
493215
667454
232475
553372
323281
280996
237271
983888
691532
408109
239550
336825
662723
947829
681069
992497
684787
322181
586297
896260
604671
370389
762505
816636
757764
984349
108416
961347
753383
21413
488153
525084
385265
540309
312350
694305
44068
365741
763267
807964
860338
35871
963414
604569
729462
746005
80400
571919
259528
104131
727939
166117
554740
757852
900774
76451
416701
117605
12477
879006
590422
581310
508927
708275
642195
878368
709231
611799
412724
117251
640623
734473
434949
335130
13991
932528
699026
78896
267143
431992
626381
644943
649800
329652
249486
155404
119998
646841
955651
763604
254066
895732
876810
191926
876052
599728
823836
450827
66727
55567
836764
389920
302519
473688
668282
125592
143665
911557
872826
285367
857790
677800
303668
406145
931761
590697
369322
171638
436320
221454
290792
827767
523337
805528
395755
952936
908900
491400
864248
789906
788973
332744
82617
226578
599273
828446
544056
451802
596989
278006
406538
203718
156200
257466
572712
517113
753625
532867
40954
171421
242672
399401
485908
152769
575291
602535
732261
129324
918580
990322
414564
284910
407975
976329
108403
838383
568132
86495
920533
660118
120933
578195
272776
397362
325109
367033
327707
266094
263582
686906
229544
3475
817125
527931
756237
377220
364256
876249
355942
110696
187390
691204
173466
361153
772207
403949
68955
105116
938196
168828
858652
871033
553710
120615
71117
352390
564953
331305
604858
615101
804871
634172
553133
792680
989650
874524
164610
12287
297299
929097
693025
797409
8581
413618
689755
132905
594347
300613
514183
699459
574419
477958
57898
109913
947481
667135
823689
649388
55603
384521
881754
73073
252960
909963
990517
401981
334000
860588
714977
144104
629770
802286
993405
739906
322518
503494
268588
99089
38545
179561
925860
854998
889259
64668
27566
65655
923055
421835
362384
916297
548203
95909
111451
451728
504682
114319
243639
77926
204444
798955
752660
510841
935010
993142
488198
738664
623231
806399
603624
457122
513402
108418
894593
576929
608634
319191
900984
433586
818061
992608
44366
761930
202656
135448
363072
647697
681333
112987
101086
52606
156470
733055
413981
909938
679398
770059
272835
907487
108562
527916
591648
843188
819190
923936
816340
512938
623885
736735
639245
955828
133997
174069
810248
870164
44276
763934
776298
426792
162001
300871
400775
332494
421944
491100
537943
668007
11091
465290
438345
573795
627234
528152
504231
689138
100963
887711
279839
150748
240247
981770
40633
870384
875253
412131
852134
948524
207751
163265
167320
557947
806865
258362
259153
483631
675819
620890
43900
184439
468010
802250
272233
341473
81366
189262
689815
805047
369692
647816
196853
568547
423180
674144
443703
88771
132943
238943
950694
737241
576509
969491
203903
383954
146425
107223
941333
911176
943171
937
94965
155793
132855
430696
68411
427826
547104
258484
865599
924458
858949
860297
849310
177715
412878
294632
819418
561014
49750
653905
456116
684278
821412
76891
544321
772123
694711
55095
814501
435092
316917
889124
184742
607346
143074
779913
771791
628770
691921
7398
448796
687102
812253
760937
404684
200450
154993
328225
926486
339373
769087
606640
733241
416048
449057
114672
396850
138220
482020
924031
11209
184270
511641
678301
435756
43698
851057
223139
693511
214411
217392
715055
347190
157365
740661
105609
995467
407541
876520
895677
491850
219489
798100
785056
456375
700902
867157
718936
880451
162947
665325
21927
421865
249510
990971
380718
52970
863972
980077
43234
832065
723065
742837
552861
175802
847532
204333
565849
571428
19192
643496
417518
830290
176414
239531
265457
350604
598510
850560
251624
734211
336224
785608
690696
158814
333340
838168
549675
932770
98582
662285
915505
771415
509489
308605
223129
677517
356169
8072
707089
772968
239848
860364
36625
150231
911332
984512
195811
534010
745312
345979
514977
323774
37954
563045
804704
447272
537019
872840
814944
650435
77231
727161
491237
613072
666098
119421
171897
772216
551788
627414
916043
672977
722732
361350
672737
749204
214192
74045
729525
322694
841528
179377
159014
741354
596680
166398
733260
169364
402061
876631
48548
926281
909545
272709
773831
672642
621934
1364
678255
50446
680285
476445
779952
471867
890444
59764
111977
716844
497507
457756
77391
670654
115656
453487
182760
852748
195929
26749
863907
855903
798260
169394
757673
97330
525481
169125
412137
616188
761213
234008
445268
906744
807604
502838
979002
850872
925759
898529
466044
535126
94963
441232
40790
5167
371381
777142
711374
656480
113216
147571
580636
285753
700081
936338
17582
388733
863382
922510
919970
583870
35571
502210
239984
109540
6620
786037
80752
595225
396931
748034
781625
695427
241287
873644
674727
55402
610318
183151
738537
746224
80848
536591
657251
832369
622469
242758
712326
257040
255458
373194
71995
726561
57474
685782
439960
611223
763648
47621
225315
824175
777019
35838
731215
445184
399504
211670
443310
495879
546341
603167
462068
242168
430682
334322
877906
744260
150604
196339
971340
709322
101678
720960
850483
976997
981981
624776
841900
775130
341442
923622
414695
516843
479106
407196
314854
354527
549352
234535
224166
717382
555269
306805
343504
24711
417182
198848
637174
942995
119924
10663
231113
395918
458419
315026
932915
901348
377954
674352
737796
94314
744656
844559
831932
538017
339643
323203
690906
129735
675479
539934
827475
410212
900568
557774
81723
400445
297416
690452
962093
459813
118464
446305
115446
13691
709642
661325
432042
743539
415960
38190
375583
221679
828776
853676
884523
861153
676659
38966
399638
158023
516790
852366
864226
644977
882143
856691
467840
818981
989317
889304
818118
921899
537216
953810
652540
301492
504673
437333
844964
714770
238767
734352
808545
414763
458960
113500
394093
177274
554833
916383
676128
339237
741096
384050
346287
296916
948480
449464
630008
415481
603359
468380
988566
868988
617806
21761
441752
785332
789321
61239
524747
357054
523028
867588
1767
926748
7590
829678
419895
798584
493262
761772
709717
145203
267684
750121
690037
119892
909008
341035
189995
429524
182535
137166
68316
392705
302751
442077
553326
833341
882571
658956
603008
147975
586824
815440
317055
498767
119730
493562
648996
951476
911171
562107
321081
521396
602125
567795
837483
952527
759205
887742
106139
386728
771811
711226
339920
396165
884616
985746
909445
410187
10380
115298
581109
241340
203161
170303
453441
564549
253362
499290
775809
127447
499277
178240
605228
648106
907226
799959
593618
497241
528644
503456
347239
100372
591086
395118
576767
732330
794294
446748
483058
112512
104986
911062
158949
612584
301154
144121
416286
91737
152961
267338
342859
102731
751895
761728
964835
671245
538821
704693
136175
741609
865433
900150
677472
51913
729115
373663
180426
720756
512413
104206
7311
909042
566993
606556
117514
603728
190770
464472
828867
888031
789462
375869
285996
563900
350898
218907
785857
567748
310955
551394
724122
632945
163037
709541
52751
561706
979253
496530
329774
934169
31616
538254
97399
47049
902900
409166
725899
181211
515669
279107
114638
225529
615988
227726
544966
310496
773316
742961
607535
953925
628977
549463
796639
660895
229440
451077
274581
432722
773077
199565
89622
245760
81410
905522
952306
864200
231612
577317
946819
735366
106118
944852
888748
358398
720660
840434
382327
77956
421065
174979
785984
761783
899225
742772
714750
202749
455657
614139
385530
53293
385944
390208
146961
468999
482558
137285
969007
300846
176046
824528
212197
250354
485937
278662
44865
760485
94575
752283
67654
491860
410828
544527
346168
843513
526260
310381
997275
124155
911836
426433
393153
160914
236711
453644
637061
61123
499831
825605
155631
234479
372342
677756
505250
216731
607989
981271
898762
681199
169886
304172
965201
516707
905785
29837
244968
630495
184531
423038
706766
766368
724526
474827
168476
759776
534073
602264
790305
749875
397208
319646
244693
804352
272695
447197
711265
31250
852036
497051
838608
113811
744871
79535
251503
614944
820130
384890
249006
996963
773915
586795
254766
347335
959836
210015
80315
81612
683732
11677
635362
811794
432006
665018
179811
581528
899644
700553
439150
114695
409029
558531
766165
930599
287781
368358
519673
965964
648505
176057
186961
903067
547191
155887
40906
511269
240370
49828
689692
297779
437677
252602
625631
468347
670636
817814
332494
158100
938459
570362
224184
585854
310452
22453
923928
257707
24624
207513
248197
87429
567690
882739
740688
455233
359405
495753
76184
627371
701284
367637
176532
394919
456462
729299
345155
285773
548343
708643
141024
191181
252115
535881
227673
958706
939942
266903
582948
727442
487289
446001
959682
290929
300983
703478
537336
375994
552324
299415
275721
675030
797529
998219
181399
36456
575032
541660
439862
92497
439041
159488
643106
697363
952642
500797
370663
109584
312515
514269
421071
863257
928703
526230
942966
801559
881011
730012
550483
278551
669807
136323
651994
444926
242967
775688
974537
898187
749388
433696
855796
558880
631991
215707
818509
459977
459843
525510
227673
208903
131084
936782
29593
295765
859051
858171
255001
2803
153928
423466
638539
872548
518886
289478
943274
994621
586099
41633
300415
206463
464361
326965
820154
123334
219311
460376
949840
708756
786575
202955
568523
789156
177465
508085
299792
413844
649444
844007
299279
33491
596849
751522
105244
992733
456838
960301
126884
607099
895570
687839
179655
836921
358179
483979
70959
618407
440643
161406
812803
622654
742500
304368
310049
236474
45957
643836
621939
456839
90966
877366
720943
616999
318171
861125
651596
335158
149780
494179
767428
624426
275484
672303
935976
35199
883119
767484
784045
734522
192618
45613
645056
798189
102804
707924
397323
117031
267267
68901
744362
140585
786238
907655
448798
744601
864035
788448
245785
941664
638427
754205
468502
18272
118667
322809
444376
418288
956578
338816
464171
478096
939920
785381
406710
713684
426000
417519
516162
925652
552215
173985
496534
950015
905583
860042
123149
322510
515279
766950
550253
149724
235320
928417
603422
919133
663096
284864
870385
822250
247867
23468
748393
654637
314419
513311
950825
727369
306320
254053
55482
388144
481794
489599
618210
237121
107185
888129
478646
315702
384189
322934
181023
650970
688678
980863
30981
716964
267123
969715
348887
472758
138448
343546
588695
983970
445037
49607
34400
690006
531180
534554
277375
53910
297611
65606
858588
572439
427413
246869
919631
843886
155289
426840
719582
866859
691293
483123
805471
170552
675264
834572
903455
38696
214828
462881
634380
126343
65358
838746
568406
593555
372975
190237
470492
8986
7464
579505
934237
44468
931736
281687
401657
32728
279900
782261
979214
554787
189055
105612
826573
778513
679763
63232
214550
723336
404293
223245
561123
750093
956034
35721
822599
39254
674894
257216
714746
481592
332498
414784
227406
428953
474547
486032
805802
597094
440107
803615
867898
806782
436030
381565
684009
460519
677540
783573
334960
661876
860231
633902
172217
855903
613712
526482
66209
983067
155053
792195
676747
979759
585838
685608
671428
462741
801733
115294
81452
824073
274833
354665
517542
427701
951164
439904
750103
423847
935198
500382
890956
875261
441651
907784
25050
758205
858884
416416
520067
786380
524098
801676
817878
738074
292360
97421
484319
487794
471916
502906
884459
107490
996777
8144
113814
25512
216159
862309
734475
315458
37164
321175
28220
683169
995116
828980
433407
422321
787908
622507
533709
966260
824170
220952
702185
982087
232521
954724
64520
32655
466257
487547
406146
602960
83470
794090
922792
422590
449814
495310
818985
770385
882519
939511
271748
762908
60896
333875
235586
960581
424847
478805
792569
507253
805098
173831
348451
72635
968581
352978
936266
197642
206382
309590
45025
12741
710295
551412
390670
442447
415526
704564
610601
40293
950052
31063
504628
599543
20186
706376
759954
438942
957387
491899
505806
379655
392596
57160
517396
468528
208260
568546
842153
998521
350803
444459
936636
874751
181149
958272
378415
131731
777973
428827
900649
678249
874287
275697
372630
584275
762400
54892
612988
951243
456854
868901
4103
122816
838920
936962
334231
302096
857733
214715
114332
464144
886223
627783
691999
948241
887741
798097
378647
521270
483288
738321
724965
660865
395374
556222
163225
789427
606784
986915
772488
707463
472836
452677
598566
247413
128125
115197
870660
225636
491779
918920
104830
528145
143408
891074
205795
482100
393767
570727
913184
181184
769861
446358
241967
944007
542302
368685
221872
35381
986424
180500
964101
173085
150481
515111
457058
625999
478568
550040
63848
812258
556016
964258
422664
55127
549899
454675
449219
759219
312951
913441
13462
665126
100377
230268
273
92601
485393
210737
535182
68864
490093
139622
659705
189759
205247
194430
886783
551786
199439
206255
743414
609031
973146
26046
609906
437283
569621
676342
953528
846941
921071
411963
145587
759040
709518
967688
295688
959348
371395
523343
947577
923429
392259
293250
8256
256652
353271
674602
207059
314977
48664
112892
107464
232699
144961
9813
497147
680803
50814
756377
150691
569375
408369
336412
633247
784119
588285
527731
171716
919173
496743
326845
193860
562397
44717
877798
865035
746089
46766
338084
396116
948568
255333
759
977733
838004
637465
858268
682141
731393
154450
248250
167157
508739
